item/log	0		-
item/box	0		-
item/egg	0		-
item/slow	0		-
item/wood	0		-
item/deku	0		-
item/doll	0		-
item/club	0		-
item/book	0		-
item/curry	0		-
item/heart	0		-
item/staff	0		-
item/mushd	0		-
item/unira	0		-
item/drill	0		-
item/grass	0		-
item/badge	0		-
item/stage	0		-
item/screw	0		-
fighter/ike	0		-
fighter/ken	0		-
fighter/fox	0		-
fighter/pit	0		-
fighter/roy	0		-
item/beetle	0		-
item/banana	0		-
fighter/ryu	0		-
item/common	0		-
item/bumper	0		-
item/raygun	0		-
item/bomber	0		-
item/hammer	0		-
item/killer	0		-
item/assist	0		-
item/barrel	0		-
item/pellet	0		-
item/dragoon	0		-
item/genesis	0		-
item/chicken	0		-
item/pitfall	0		-
item/freezer	0		-
fighter/jack	0		-
item/bombhei	0		-
item/sandbag	0		-
item/prizehr	0		-
item/capsule	0		-
item/st_crab	0		-
fighter/popo	0		-
fighter/wolf	0		-
fighter/pitb	0		-
fighter/link	0		-
item/pasaran	0		-
item/chewing	0		-
item/thunder	0		-
fighter/boot	5	242-246	-
fighter/edge	0		-
fighter/nana	0		-
item/bombchu	0		-
item/starrod	0		-
fighter/ness	0		-
item/firebar	0		-
item/usagihat	0		-
fighter/robot	0		-
fighter/shulk	0		-
item/linkbomb	0		-
item/warpstar	0		-
item/starring	0		-
fighter/brave	0		-
item/walkmush	0		-
item/tabemono	0		-
item/pokeball	0		-
fighter/luigi	0		-
fighter/yoshi	0		-
fighter/falco	0		-
item/st_apple	0		-
item/st_fruit	0		-
fighter/diddy	0		-
fighter/kamui	0		-
item/kusudama	0		-
fighter/trail	0		-
fighter/pichu	0		-
fighter/sheik	0		-
item/mushroom	0		-
item/powblock	0		-
fighter/demon	0		-
fighter/snake	0		-
item/ripstick	0		-
fighter/daisy	0		-
fighter/kirby	0		-
fighter/peach	0		-
fighter/marth	0		-
fighter/chrom	0		-
fighter/ganon	0		-
fighter/dolly	0		-
item/st_shell	0		-
item/doseisan	0		-
fighter/mario	0		-
fighter/koopa	0		-
fighter/buddy	0		-
fighter/zelda	0		-
item/magicpot	0		-
item/clubshot	0		-
fighter/krool	0		-
item/poweresa	0		-
fighter/wario	0		-
fighter/cloud	0		-
fighter/simon	0		-
fighter/lucas	0		-
fighter/sonic	0		-
item/healball	0		-
fighter/samus	0		-
fighter/purin	0		-
item/log/model	0		-
fighter/pickel	0		-
item/egg/param	0		-
item/robotgyro	0		-
item/killereye	0		-
item/box/param	1	545	-
item/beamsword	0		-
item/buddybomb	0		-
item/smashbomb	0		-
fighter/master	0		-
item/powderbox	0		-
fighter/eflame	0		-
item/drillshot	0		-
fighter/koopag	0		-
fighter/lucina	0		-
item/magicball	0		-
fighter/elight	0		-
item/smartbomb	0		-
fighter/samusd	0		-
fighter/mewtwo	0		-
item/boomerang	0		-
item/box/model	0		-
item/machstamp	0		-
item/killsword	0		-
item/log/param	0		-
item/crossbomb	0		-
item/egg/model	0		-
item/bananagun	0		-
fighter/donkey	0		-
fighter/pikmin	0		-
item/staffshot	0		-
fighter/mariod	0		-
item/honeycomb	0		-
fighter/packun	0		-
fighter/dedede	0		-
fighter/reflet	0		-
fighter/ridley	0		-
fighter/pacman	0		-
item/wariobike	0		-
item/sandbaghr	0		-
item/smashball	0		-
fighter/tantan	0		-
item/linkarrow	0		-
fighter/wiifit	0		-
item/snakecbox	0		-
item/curryshot	0		-
item/superleaf	0		-
item/superstar	0		-
fighter/shizue	0		-
fighter/common	0		-
item/blackball	0		-
item/pacmankey	0		-
fighter/roy/c05	418	1313-1730	-
fighter/roy/c01	418	1763-2180	-
item/egg/motion	0		-
item/log/effect	0		-
item/carrierbox	0		-
item/metalblade	0		-
fighter/ryu/c05	408	2266-2673	-
item/raygunshot	0		-
item/rocketbelt	0		-
item/wiifitball	0		-
fighter/ryu/c01	408	2722-3129	-
fighter/ken/c06	404	3202-3605	-
fighter/ken/c02	404	3606-4009	-
item/box/script	0		-
item/pacmanbell	0		-
fighter/pit/c06	536	4062-4597	-
fighter/pit/c02	536	4598-5133	-
fighter/pikachu	0		-
fighter/koopajr	0		-
fighter/ike/c00	447	5151-5597	-
fighter/ike/c04	447	5633-6079	-
item/st_usa_egg	0		-
fighter/fox/c02	486	6129-6614	-
item/wariobikee	0		-
item/wariobikea	0		-
fighter/fox/c06	486	6615-7100	-
item/box/camera	0		-
fighter/lucario	0		-
item/club/model	0		-
fighter/fox/c07	486	7200-7685	-
fighter/fox/c03	486	7721-8206	-
item/wariobiked	0		-
item/backshield	0		-
fighter/pit/cmn	4	8207-8210	-
item/egg/effect	0		-
item/club/param	1	8243	-
item/log/motion	0		-
fighter/pit/c03	536	8262-8797	-
item/pacmanboss	0		-
item/soccerball	0		-
fighter/pit/c07	536	8798-9333	-
fighter/ike/c05	447	9366-9812	-
fighter/rosetta	0		-
fighter/ike/c01	447	9848-10294	-
fighter/fox/cmn	4	10310-10313	-
fighter/ryu/c00	407	10380-10786	-
fighter/ryu/c04	408	10838-11245	-
item/sensorbomb	0		-
fighter/rockman	0		-
fighter/ken/c03	404	11285-11688	-
item/mechakoopa	0		-
fighter/ken/c07	404	11721-12124	-
fighter/ken/cmn	4	12154-12157	-
fighter/roy/c00	418	12158-12575	-
fighter/roy/c04	418	12607-13024	-
item/masterball	0		-
fighter/captain	0		-
item/log/camera	0		-
fighter/ken/c05	404	13126-13529	-
fighter/ken/c01	404	13530-13933	-
fighter/gaogaen	0		-
fighter/ryu/c06	408	14020-14427	-
fighter/ryu/c02	408	14448-14855	-
item/bossgalaga	0		-
item/book/model	0		-
fighter/inkling	0		-
fighter/element	0		-
fighter/roy/c06	418	14925-15342	-
fighter/roy/c02	418	15343-15760	-
item/finaldaisy	0		-
item/doll/param	0		-
item/wood/model	0		-
item/log/script	0		-
fighter/ike/cmn	4	15827-15830	-
item/finalpeach	0		-
fighter/fox/c01	486	15851-16336	-
item/wariobikeb	0		-
fighter/fox/c05	486	16337-16822	-
item/metalblock	0		-
item/fireflower	0		-
fighter/ike/c03	447	16840-17286	-
item/slow/param	1	17319	-
item/box/effect	0		-
fighter/ike/c07	447	17343-17789	-
item/deku/model	0		-
fighter/pit/c05	536	17826-18361	-
fighter/pit/c01	536	18362-18897	-
item/greenshell	0		-
item/homerunbat	0		-
item/slow/model	0		-
fighter/ike/c06	447	18930-19376	-
item/egg/camera	0		-
fighter/ike/c02	447	19426-19872	-
item/deku/param	1	19920	-
item/kroolcrown	0		-
fighter/pit/c00	536	19921-20456	-
fighter/pit/c04	536	20457-20992	-
fighter/richter	0		-
item/dragoonset	0		-
item/pickelbomb	0		-
item/hammerhead	0		-
item/wood/param	0		-
item/doll/model	0		-
item/wariobikec	0		-
fighter/fox/c04	486	21024-21509	-
fighter/fox/c00	486	21544-22029	-
item/genesisset	0		-
fighter/ryu/cmn	4	22062-22065	-
item/egg/script	0		-
item/book/param	1	22066	-
fighter/roy/c03	418	22124-22541	-
fighter/roy/c07	418	22542-22959	-
fighter/roy/cmn	4	22974-22977	-
item/superscope	0		-
item/steeldiver	0		-
fighter/ken/c00	404	23001-23404	-
item/box/motion	0		-
fighter/ken/c04	404	23433-23836	-
fighter/ryu/c03	408	23886-24293	-
fighter/ryu/c07	408	24314-24721	-
fighter/palutena	0		-
item/grass/param	1	24782	-
item/mushd/param	0		-
item/specialflag	0		-
fighter/jack/c06	658	24811-25468	-
fighter/gekkouga	0		-
item/screw/param	1	25469	-
fighter/nana/c03	418	25487-25904	-
fighter/nana/c07	418	25947-26364	-
item/badge/param	1	26365	-
fighter/jack/c02	670	26366-27035	-
fighter/nana/cmn	4	27036-27039	-
item/club/script	0		-
item/drill/param	0		-
item/staff/param	1	27176	-
item/slow/effect	0		-
item/wood/script	0		-
item/book/script	0		-
item/deathscythe	0		-
item/heart/model	0		-
fighter/wolf/c01	480	27487-27966	-
fighter/link/cmn	4	28023-28026	-
fighter/popo/c04	501	28027-28527	-
fighter/ness/c06	476	28528-29003	-
fighter/pitb/c04	475	29004-29478	-
fighter/duckhunt	0		-
fighter/popo/c00	502	29479-29980	-
fighter/ness/c02	476	29981-30456	-
fighter/pitb/c00	475	30457-30931	-
item/doll/motion	0		-
fighter/wolf/c05	480	30976-31455	-
item/pacmanapple	0		-
fighter/link/c03	514	31470-31983	-
item/club/camera	0		-
fighter/link/c07	514	32044-32557	-
fighter/edge/c01	443	32572-33014	-
item/pacmanmelon	0		-
item/book/camera	0		-
fighter/toonlink	0		-
item/unira/model	0		-
item/wood/camera	0		-
fighter/edge/c05	443	33119-33561	-
item/deku/motion	0		-
fighter/ness/cmn	4	33608-33611	-
fighter/link/c06	514	33612-34125	-
fighter/link/c02	514	34185-34698	-
item/unira/param	1	34727	-
fighter/edge/c04	443	34728-35170	-
fighter/edge/c00	443	35281-35723	-
fighter/ptrainer	0		-
item/togezoshell	0		-
item/fairybottle	0		-
item/smokescreen	0		-
fighter/wolf/c04	480	35884-36363	-
item/heart/param	1	36406	-
item/slow/motion	0		-
fighter/popo/c01	502	36407-36908	-
fighter/ness/c03	476	36909-37384	-
fighter/pitb/c01	475	37385-37859	-
fighter/popo/c05	501	37860-38360	-
fighter/ness/c07	476	38364-38839	-
fighter/pitb/c05	475	38840-39314	-
fighter/wolf/c00	481	39359-39839	-
item/drill/model	0		-
fighter/jack/cmn	4	39868-39871	-
item/staff/model	0		-
item/dolphinbomb	0		-
item/doll/effect	0		-
item/mushd/model	0		-
item/grass/model	0		-
fighter/jack/c03	670	40224-40893	-
item/screw/model	0		-
fighter/nana/c06	418	40894-41311	-
item/badge/model	0		-
item/deku/effect	0		-
fighter/nana/c02	418	41371-41788	-
fighter/jack/c07	658	41789-42446	-
fighter/jack/c05	670	42740-43409	-
fighter/nana/c00	419	29978-29980,43444-43859	-
fighter/nana/c04	418	28525-28527,43860-44274	-
item/slow/camera	0		-
fighter/jack/c01	670	44303-44972	-
item/stage/model	0		-
fighter/edge/c02	443	45032-45474	-
fighter/edge/c06	439	45537-45975	-
item/daisydaikon	0		-
fighter/link/c00	514	46004-46517	-
item/curry/param	0		-
fighter/pitb/cmn	4	46574-46577	-
fighter/popo/cmn	4	46578-46581	-
fighter/link/c04	514	46582-47095	-
item/wood/effect	0		-
fighter/wolf/c02	480	47110-47589	-
fighter/popo/c07	501	26362-26364,47604-48101	-
item/slow/script	0		-
fighter/ness/c05	476	48102-48577	-
fighter/pitb/c07	475	48578-49052	-
fighter/popo/c03	501	25902-25904,49053-49550	-
fighter/ness/c01	476	49551-50026	-
fighter/pitb/c03	475	50027-50501	-
item/peachdaikon	0		-
fighter/wolf/c06	480	50516-50995	-
item/book/effect	0		-
item/club/effect	0		-
fighter/wolf/c07	480	51128-51607	-
fighter/popo/c02	501	41786-41788,51622-52119	-
fighter/ness/c00	476	52120-52595	-
fighter/pitb/c02	475	52596-53070	-
fighter/popo/c06	501	41309-41311,53071-53568	-
fighter/ness/c04	476	53569-54044	-
fighter/pitb/c06	475	54045-54519	-
fighter/wolf/c03	480	54534-55013	-
item/doll/script	0		-
fighter/edge/cmn	4	55110-55113	-
fighter/edge/c07	439	55170-55608	-
item/deku/script	0		-
fighter/edge/c03	443	55688-56130	-
item/curry/model	0		-
fighter/link/c05	514	56131-56644	-
fighter/wolf/cmn	4	56673-56676	-
fighter/link/c01	514	56719-57232	-
item/doll/camera	0		-
fighter/jack/c00	670	57233-57902	-
fighter/nana/c05	418	38358-38360,57931-58345	-
fighter/nana/c01	419	36906-36908,58346-58761	-
fighter/jack/c04	670	58796-59465	-
item/stage/param	116	59468-59583	-
fighter/murabito	0		-
item/deku/camera	0		-
item/wood/motion	0		-
item/book/motion	0		-
item/starrodshot	0		-
item/club/motion	0		-
item/maximtomato	0		-
fighter/chrom/cmn	4	60825-60828	-
fighter/krool/c02	528	60829-61356	-
fighter/lucas/c07	501	61357-61857	-
fighter/sonic/c02	464	61858-62321	-
fighter/falco/c02	470	62322-62791	-
fighter/zelda/cmn	4	62792-62795	-
fighter/koopa/c00	394	62796-63189	-
fighter/koopa/c04	394	63209-63602	-
fighter/falco/c06	470	63620-64089	-
fighter/sonic/c06	463	64090-64552	-
fighter/lucas/c03	501	64576-65076	-
item/drill/script	0		-
fighter/krool/c06	528	65093-65620	-
fighter/littlemac	0		-
fighter/kamui/c06	541	65635-66175	-
item/killer/model	0		-
fighter/shulk/c06	475	66190-66664	-
fighter/daisy/c01	446	66667-67112	-
fighter/buddy/cmn	4	67113-67116	-
fighter/daisy/c05	446	67131-67576	-
item/mushd/script	0		-
fighter/shulk/c02	475	67652-68126	-
item/ripstickshot	0		-
fighter/kamui/c02	541	68141-68681	-
fighter/purin/c05	413	68696-69108	-
fighter/yoshi/c02	599	69109-69707	-
fighter/mario/c06	491	69736-70226	-
fighter/buddy/c03	595	70227-70821	-
fighter/peach/c01	479	70857-71335	-
fighter/snake/c04	657	71336-71992	-
fighter/snake/c00	658	72024-72681	-
fighter/peach/c05	479	72682-73160	-
fighter/mario/c02	488	73175-73662	-
fighter/buddy/c07	595	73663-74257	-
fighter/purin/c01	413	74258-74670	-
fighter/yoshi/c06	599	74699-75297	-
item/stage/script	0		-
fighter/zelda/c03	438	75348-75785	-
fighter/chrom/c03	432	75803-76234	-
fighter/marth/c02	418	76249-76666	-
fighter/trail/c00	482	76667-77148	-
fighter/marth/c06	418	77163-77580	-
fighter/lucas/cmn	4	77581-77584	-
fighter/trail/c04	474	77585-78058	-
item/badge/effect	0		-
fighter/chrom/c07	432	78059-78490	-
item/pellet/model	0		-
fighter/zelda/c07	438	78536-78973	-
item/grass/effect	0		-
fighter/dolly/c06	439	79016-79454	-
item/drill/camera	0		-
fighter/ganon/c04	420	79469-79888	-
fighter/pichu/c01	434	79889-80322	-
item/unira/motion	0		-
fighter/ganon/c00	420	80367-80786	-
fighter/pichu/c05	431	80810-81240	-
fighter/dolly/c02	439	81241-81679	-
item/pickelobject	0		-
item/bomber/param	1	81694	-
fighter/wario/c06	528	81709-82236	-
fighter/luigi/c02	521	82254-82774	-
fighter/demon/cmn	4	82775-82778	-
fighter/miigunner	0		-
item/mushd/camera	0		-
item/staff/effect	0		-
fighter/cloud/cmn	4	82875-82878	-
fighter/luigi/c06	521	82879-83399	-
fighter/miienemyg	0		-
item/common/model	0		-
fighter/wario/c02	528	83431-83958	-
fighter/cloud/c07	450	83973-84422	-
fighter/simon/c04	585	84437-85021	-
fighter/samus/c02	556	85022-85577	-
fighter/demon/c03	564	85578-86141	-
fighter/kirby/c02	687	86156-86842	-
fighter/demon/c07	564	86843-87406	-
fighter/miienemys	0		-
fighter/kirby/c06	687	87407-88093	-
fighter/simon/c00	585	88122-88706	-
fighter/samus/c06	556	88707-89262	-
fighter/cloud/c03	450	89263-89712	-
item/barrel/param	1	89713	-
fighter/robot/c00	455	89714-90168	-
fighter/diddy/c06	587	90172-90758	-
fighter/sheik/c02	450	90787-91236	-
fighter/brave/c00	523	91238-91760	-
fighter/brave/c04	523	91775-92297	-
item/hammer/model	0		-
item/curry/motion	0		-
fighter/sheik/c06	450	92340-92789	-
fighter/diddy/c02	587	92790-93376	-
item/stage/camera	0		-
fighter/robot/c04	455	93377-93831	-
fighter/cloud/c02	444	93832-94275	-
fighter/simon/c01	585	94291-94875	-
fighter/wario/cmn	4	94876-94879	-
fighter/samus/c07	556	94880-95435	-
item/screw/script	0		-
fighter/demon/c06	563	95439-96001	-
fighter/kirby/c07	687	96002-96688	-
fighter/demon/c02	563	96703-97265	-
fighter/luigi/cmn	4	97280-97283	-
fighter/kirby/c03	687	97284-97970	-
item/barrel/model	0		-
fighter/simon/c05	585	97971-98555	-
fighter/samus/c03	556	98557-99112	-
fighter/cloud/c06	443	99127-99569	-
item/pacmanorange	0		-
fighter/pit/movie	0		-
fighter/robot/c05	455	99570-100024	-
fighter/diddy/c03	587	100025-100611	-
fighter/dolly/cmn	4	100612-100615	-
fighter/sheik/c07	450	100644-101093	-
fighter/brave/c05	524	101094-101617	-
fighter/brave/c01	524	101633-102156	-
fighter/gamewatch	0		-
fighter/sheik/c03	450	102185-102634	-
fighter/diddy/c07	587	102635-103221	-
fighter/robot/c01	455	103236-103690	-
item/hammer/param	1	103691	-
fighter/dolly/c03	439	103692-104130	-
fighter/ganon/c01	420	104145-104564	-
fighter/pichu/c04	431	104579-105009	-
fighter/diddy/cmn	4	105024-105027	-
item/honeycombbee	0		-
fighter/ganon/c05	420	105056-105475	-
fighter/pichu/c00	429	105476-105904	-
fighter/sheik/cmn	4	105905-105908	-
fighter/dolly/c07	439	105909-106347	-
fighter/wario/c03	531	106376-106906	-
fighter/luigi/c07	521	106921-107441	-
fighter/miienemyf	0		-
item/bomber/model	0		-
item/grass/motion	0		-
item/heart/script	0		-
item/common/param	8	107498-107505	-
fighter/kirby/cmn	31	107506-107536	-
fighter/luigi/c03	521	107537-108057	-
item/badge/motion	0		-
fighter/samus/cmn	3	108058-108060	-
fighter/wario/c07	531	108075-108605	-
fighter/shulk/cmn	4	108620-108623	-
fighter/purin/c00	410	108624-109033	-
fighter/yoshi/c07	599	109062-109660	-
fighter/mario/c03	488	109661-110148	-
fighter/buddy/c06	595	110149-110743	-
item/unira/effect	0		-
fighter/kamui/cmn	4	110758-110761	-
fighter/snake/c01	657	110776-111432	-
fighter/peach/c04	479	111433-111911	-
fighter/peach/c00	478	111912-112389	-
fighter/snake/c05	657	112390-113046	-
item/screw/camera	0		-
fighter/mario/c07	488	113078-113565	-
fighter/buddy/c02	595	113566-114160	-
fighter/purin/c04	413	114182-114594	-
fighter/yoshi/c03	599	114595-115193	-
item/staff/motion	0		-
fighter/zelda/c06	438	115272-115709	-
fighter/chrom/c06	432	115710-116141	-
fighter/marth/c07	418	116173-116590	-
fighter/trail/c05	482	116594-117075	-
fighter/marth/c03	418	117076-117493	-
fighter/trail/c01	482	117494-117975	-
fighter/chrom/c02	432	118007-118438	-
fighter/krool/cmn	4	118439-118442	-
item/pellet/param	1	118457	-
fighter/zelda/c02	438	118475-118912	-
fighter/sonic/cmn	4	118949-118952	-
fighter/falco/cmn	4	118953-118956	-
fighter/krool/c07	528	118971-119498	-
fighter/lucas/c02	501	119520-120020	-
fighter/falco/c07	470	120022-120491	-
fighter/sonic/c07	463	120492-120954	-
fighter/koopa/c05	394	120955-121348	-
fighter/koopa/c01	394	121369-121762	-
fighter/sonic/c03	464	121777-122240	-
fighter/falco/c03	470	122241-122710	-
fighter/lucas/c06	501	122711-123211	-
fighter/marth/cmn	4	123212-123215	-
item/goldenhammer	0		-
fighter/krool/c03	528	123230-123757	-
fighter/kamui/c03	541	123758-124298	-
item/killer/param	0		-
item/heart/camera	0		-
fighter/shulk/c03	475	124327-124801	-
fighter/mario/cmn	4	124816-124819	-
fighter/daisy/c04	446	124820-125265	-
fighter/daisy/c00	446	125266-125711	-
fighter/yoshi/cmn	4	125712-125715	-
fighter/shulk/c07	472	125716-126187	-
item/curry/effect	0		-
item/diddypeanuts	0		-
fighter/kamui/c07	541	126216-126756	-
item/staff/script	0		-
fighter/zelda/c00	438	126785-127222	-
fighter/koopa/cmn	25	127223-127247	-
item/walkmushshot	0		-
fighter/marth/c01	418	127284-127701	-
fighter/trail/c03	482	127702-128183	-
fighter/chrom/c00	433	128201-128633	-
fighter/chrom/c04	432	128648-129079	-
fighter/marth/c05	418	129111-129528	-
fighter/trail/c07	482	129531-130012	-
fighter/zelda/c04	438	130063-130500	-
fighter/mario/c05	488	130501-130988	-
fighter/buddy/c00	595	130989-131583	-
fighter/purin/c06	413	131598-132010	-
fighter/yoshi/c01	599	132011-132609	-
fighter/peach/c02	479	132624-133102	-
fighter/snake/c07	657	133103-133759	-
item/dragoonsight	0		-
fighter/snake/c03	657	133792-134448	-
fighter/peach/c06	479	134449-134927	-
fighter/purin/c02	413	134928-135340	-
fighter/yoshi/c05	599	135358-135956	-
fighter/mario/c01	488	135957-136444	-
fighter/buddy/c04	595	136445-137039	-
item/badge/camera	0		-
fighter/kamui/c05	541	137069-137609	-
item/grass/camera	0		-
fighter/daisy/c02	446	137624-138069	-
item/homerunbathr	0		-
fighter/shulk/c05	475	138070-138544	-
fighter/shulk/c01	475	138554-139028	-
item/bumper/model	0		-
fighter/daisy/c06	446	139029-139474	-
fighter/kamui/c01	541	139489-140029	-
fighter/snake/cmn	4	140058-140061	-
fighter/trail/cmn	4	140077-140080	-
fighter/lucas/c04	501	140081-140581	-
item/assist/param	1	140582	-
fighter/krool/c01	528	140583-141110	-
fighter/fox/movie	0		-
fighter/koopa/c03	394	141111-141504	-
fighter/sonic/c01	463	141505-141967	-
fighter/falco/c01	470	141968-142437	-
fighter/falco/c05	470	142438-142907	-
fighter/sonic/c05	463	142908-143370	-
fighter/koopa/c07	394	143371-143764	-
fighter/krool/c05	528	143765-144292	-
fighter/lucas/c00	501	144307-144807	-
fighter/diddy/c05	587	144808-145394	-
fighter/robot/c03	455	145395-145849	-
fighter/brave/c03	521	145864-146384	-
item/pacmancherry	0		-
fighter/sheik/c01	451	146413-146863	-
item/banana/param	1	146864	-
fighter/sheik/c05	450	146879-147328	-
fighter/brave/c07	521	147329-147849	-
fighter/ganon/cmn	35	147864-147898	-
fighter/robot/c07	455	147899-148353	-
item/st_fruitbomb	0		-
fighter/diddy/c01	587	148354-148940	-
item/staff/camera	0		-
item/mushd/effect	0		-
fighter/younglink	0		-
fighter/cloud/c04	443	148955-149397	-
fighter/demon/c00	563	149399-149961	-
fighter/kirby/c01	687	149990-150676	-
fighter/simon/c07	585	150677-151261	-
fighter/bayonetta	0		-
item/screw/motion	0		-
fighter/samus/c01	556	151265-151820	-
fighter/simon/c03	585	151821-152405	-
fighter/samus/c05	556	152406-152961	-
fighter/demon/c04	563	152962-153524	-
item/magicpotwind	0		-
fighter/kirby/c05	687	153539-154225	-
item/drill/effect	0		-
fighter/cloud/c00	444	154240-154683	-
fighter/luigi/c01	521	154684-155204	-
fighter/wario/c05	531	155219-155749	-
item/stage/effect	0		-
fighter/ryu/movie	0		-
item/heart/motion	0		-
item/grass/script	0		-
fighter/wario/c01	531	155820-156350	-
fighter/simon/cmn	4	156351-156354	-
fighter/luigi/c05	521	156369-156889	-
item/badge/script	0		-
fighter/brave/cmn	4	156890-156893	-
fighter/ganon/c07	420	156894-157313	-
fighter/pichu/c02	431	157314-157744	-
item/st_ice_yasai	0		-
fighter/dolly/c05	439	157745-158183	-
item/toonlinkbomb	0		-
fighter/robot/cmn	4	158226-158229	-
item/beetle/param	1	158230	-
item/raygun/model	0		-
fighter/dolly/c01	439	158259-158697	-
fighter/ganon/c03	420	158726-159145	-
fighter/pichu/c06	431	159146-159576	-
fighter/luigi/c04	521	159577-160097	-
fighter/wario/c00	528	160112-160639	-
fighter/ike/movie	0		-
fighter/wario/c04	528	160711-161238	-
fighter/luigi/c00	521	161253-161773	-
fighter/ganon/c02	420	161774-162193	-
item/beetle/model	0		-
fighter/pichu/c07	431	162208-162638	-
fighter/dolly/c00	439	162639-163077	-
item/unira/script	0		-
item/raygun/param	1	163148	-
fighter/dolly/c04	439	163150-163588	-
fighter/roy/movie	0		-
fighter/ganon/c06	420	163603-164022	-
fighter/pichu/c03	431	164023-164453	-
fighter/diddy/c00	572	164454-165025	-
item/banana/model	0		-
item/snakegrenade	0		-
item/thundersword	0		-
fighter/robot/c06	455	165026-165480	-
fighter/brave/c06	517	165481-165997	-
fighter/sheik/c04	450	166026-166475	-
fighter/sheik/c00	451	166530-166980	-
fighter/pichu/cmn	4	166998-167001	-
item/curry/script	0		-
fighter/brave/c02	517	167002-167518	-
fighter/robot/c02	455	167533-167987	-
fighter/diddy/c04	587	167988-168574	-
fighter/cloud/c01	450	168575-169024	-
fighter/demon/c05	564	169025-169588	-
fighter/kirby/c04	687	169603-170289	-
item/chickenparty	0		-
fighter/simon/c02	585	170304-170888	-
fighter/samus/c04	556	170889-171444	-
fighter/simon/c06	585	171445-172029	-
fighter/samus/c00	555	172030-172584	-
fighter/demon/c01	564	172585-173148	-
fighter/kirby/c00	687	107510,107535-107536,173177-173860	-
fighter/cloud/c05	450	173861-174310	-
fighter/kamui/c00	541	174367-174907	-
fighter/daisy/c07	446	174908-175353	-
fighter/purin/cmn	4	175354-175357	-
fighter/shulk/c00	475	175358-175832	-
item/mushd/motion	0		-
fighter/shulk/c04	475	175833-176307	-
fighter/daisy/c03	446	176308-176753	-
item/bumper/param	1	176754	-
fighter/kamui/c04	541	176755-177295	-
fighter/peach/cmn	4	177310-177313	-
item/screw/effect	0		-
fighter/lucas/c01	501	177331-177831	-
fighter/krool/c04	528	177846-178373	-
item/assist/model	0		-
fighter/koopa/c06	394	178374-178767	-
fighter/falco/c04	470	178768-179237	-
fighter/sonic/c04	463	179238-179700	-
fighter/sonic/c00	460	179701-180160	-
fighter/falco/c00	470	180161-180630	-
fighter/plizardon	0		-
item/unira/camera	0		-
fighter/koopa/c02	394	180631-181024	-
item/drill/motion	0		-
fighter/krool/c00	528	181025-181552	-
fighter/lucas/c05	501	181568-182068	-
fighter/zelda/c05	438	182083-182520	-
item/stage/motion	0		-
item/curry/camera	0		-
fighter/marth/c04	418	182560-182977	-
fighter/trail/c06	482	182978-183459	-
fighter/chrom/c05	432	183460-183891	-
fighter/chrom/c01	432	183940-184371	-
fighter/marth/c00	418	184386-184803	-
fighter/szerosuit	0		-
fighter/trail/c02	482	184804-185285	-
item/heart/effect	0		-
fighter/zelda/c01	438	185357-185794	-
fighter/mario/c00	488	185795-186282	-
fighter/buddy/c05	595	186283-186877	-
fighter/purin/c03	413	186893-187305	-
fighter/yoshi/c04	599	187320-187918	-
fighter/snake/c02	657	187920-188576	-
fighter/peach/c07	479	188577-189055	-
fighter/peach/c03	479	189084-189562	-
fighter/pzenigame	0		-
fighter/ken/movie	0		-
fighter/snake/c06	657	189563-190219	-
fighter/purin/c07	416	190220-190635	-
fighter/yoshi/c00	599	190636-191234	-
fighter/daisy/cmn	4	191249-191252	-
fighter/mario/c04	488	191253-191740	-
fighter/buddy/c01	595	191741-192335	-
fighter/pickel/c01	872	192364-193235	-
item/killer/effect	0		-
item/firebar/param	1	193236	-
fighter/koopag/c04	183	63600-63602,193237-193416	-
fighter/lucina/c04	432	193432-193863	-
fighter/koopag/c00	183	63187-63189,127227-127247,193864-194022	-
fighter/lucina/c00	431	194023-194453	-
item/starrod/model	0		-
fighter/pickel/c05	872	194483-195354	-
fighter/samusd/c06	535	195355-195889	-
fighter/samusd/c02	535	195948-196482	-
fighter/ryu/camera	0		-
item/killereyeshot	0		-
fighter/ridley/c04	455	196549-197003	-
fighter/ike/append	0		-
fighter/miifighter	0		-
fighter/ridley/c00	455	197075-197529	-
item/beetle/effect	0		-
fighter/donkey/c00	454	197608-198061	-
fighter/ike/result	0		-
item/freezer/model	0		-
item/thunder/model	0		-
fighter/eflame/c02	460	198118-198577	-
item/hammer/camera	0		-
item/raygun/camera	0		-
item/dragoon/model	0		-
item/assist/effect	0		-
item/banana/motion	0		-
fighter/eflame/c06	460	198646-199105	-
fighter/donkey/c04	454	199177-199630	-
item/pellet/camera	0		-
item/bomber/script	0		-
fighter/pikmin/c06	573	199661-200233	-
fighter/mewtwo/c00	399	200234-200632	-
fighter/dedede/c00	600	200633-201232	-
fighter/pikmin/c02	583	201233-201815	-
fighter/dedede/c04	600	201830-202429	-
fighter/mewtwo/c04	399	202430-202828	-
item/common/effect	0		-
fighter/tantan/c04	1143	202843-203985	-
fighter/master/c04	651	203986-204636	-
fighter/mariod/cmn	4	204637-204640	-
fighter/packun/c07	491	204641-205131	-
fighter/master/c00	651	205146-205796	-
fighter/packun/c03	491	205797-206287	-
fighter/tantan/c00	1143	206288-207430	-
item/barrel/effect	0		-
fighter/ike/camera	0		-
fighter/elight/c01	488	207431-207918	-
fighter/mariod/c03	472	207919-208390	-
item/bumper/motion	0		-
fighter/wiifit/c05	533	208421-208953	-
fighter/wiifit/c01	532	208955-209486	-
fighter/ryu/append	0		-
fighter/packun/cmn	3	209510-209512	-
fighter/elight/c05	488	209513-210000	-
fighter/mariod/c07	472	210001-210472	-
item/bomber/camera	0		-
fighter/pacman/c01	474	210473-210946	-
item/prizehr/model	0		-
item/pellet/script	0		-
fighter/reflet/c05	538	210975-211512	-
fighter/ryu/result	0		-
fighter/shizue/c02	985	211527-212511	-
fighter/wolf/movie	0		-
item/chewing/model	0		-
item/raygun/script	0		-
fighter/shizue/c06	985	212526-213510	-
item/hammer/script	0		-
fighter/reflet/c01	538	213511-214048	-
item/bombchu/param	1	214077	-
fighter/pacman/c05	474	214078-214551	-
fighter/elight/c04	488	214569-215056	-
fighter/mariod/c06	472	215058-215529	-
item/killer/motion	0		-
fighter/wiifit/c00	531	215531-216061	-
fighter/wiifit/c04	531	216090-216620	-
fighter/elight/c00	488	216643-217130	-
fighter/mariod/c02	472	217131-217602	-
fighter/pacman/c04	474	217603-218076	-
fighter/pikmin/cmn	3	218091-218093	-
fighter/reflet/c00	538	218094-218631	-
fighter/shizue/c07	985	218660-219644	-
item/prizehr/param	1	219645	-
item/bombchu/model	0		-
fighter/shizue/c03	985	219660-220644	-
item/chewing/param	1	220659	-
fighter/reflet/c04	538	220660-221197	-
fighter/pacman/c00	460	221213-221672	-
fighter/pit/append	0		-
fighter/pikmin/c03	583	221702-222284	-
fighter/dedede/c05	600	222299-222898	-
fighter/mewtwo/c05	399	222899-223297	-
fighter/fox/result	0		-
fighter/pikmin/c07	573	223312-223884	-
fighter/mewtwo/c01	399	223885-224283	-
fighter/dedede/c01	600	224284-224883	-
item/beetle/motion	0		-
fighter/shizue/cmn	3	224884-224886	-
fighter/tantan/c01	1143	224887-226029	-
fighter/master/c01	669	226030-226698	-
fighter/packun/c02	493	226699-227191	-
fighter/roy/cmn/ai	2	227206-227207	-
fighter/master/c05	669	227208-227876	-
fighter/pit/result	0		-
fighter/packun/c06	493	227877-228369	-
item/murabitofruit	0		-
item/banana/effect	0		-
fighter/fox/append	0		-
fighter/tantan/c05	1143	228371-229513	-
item/assist/motion	0		-
fighter/popo/movie	0		-
fighter/ridley/c01	459	229607-230065	-
fighter/samusd/cmn	3	230066-230068	-
fighter/ken/cmn/ai	2	230127-230128	-
item/common/motion	0		-
fighter/ridley/c05	455	230144-230598	-
fighter/donkey/c05	454	230663-231116	-
item/dragoon/param	0		-
fighter/metaknight	0		-
fighter/eflame/c07	460	231160-231619	-
item/thunder/param	1	231663	-
item/freezer/param	1	231681	-
item/barrel/motion	0		-
fighter/eflame/c03	460	231713-232172	-
fighter/donkey/c01	454	232230-232683	-
item/bumper/effect	0		-
fighter/pickel/c04	872	232698-233569	-
item/firebar/model	0		-
fighter/koopag/c01	183	121760-121762,233570-233749	-
fighter/lucina/c01	432	233750-234181	-
item/superleaftail	0		-
fighter/koopag/c05	183	121346-121348,234211-234390	-
fighter/lucina/c05	432	234405-234836	-
fighter/pit/camera	0		-
fighter/pickel/c00	872	234837-235708	-
item/starrod/param	1	235709	-
fighter/eflame/cmn	4	235724-235727	-
fighter/samusd/c03	535	235728-236262	-
fighter/fox/camera	0		-
fighter/samusd/c07	535	236320-236854	-
item/pitfall/param	1	236897	-
fighter/donkey/c03	454	236923-237376	-
fighter/eflame/c01	460	237447-237906	-
fighter/eflame/c05	460	237950-238409	-
item/barrel/script	0		-
fighter/ken/append	0		-
item/bombhei/param	1	238470	-
fighter/donkey/c07	454	238471-238924	-
fighter/lucina/cmn	4	238953-238956	-
fighter/koopag/cmn	3	238957-238959	-
fighter/ken/result	0		-
fighter/ridley/c07	459	239066-239524	-
item/chicken/param	1	239525	-
fighter/ridley/c03	455	239543-239997	-
item/common/script	0		-
item/killer/camera	0		-
fighter/samusd/c05	535	240149-240683	-
item/assist/camera	0		-
item/pellet/effect	0		-
fighter/ridley/cmn	4	240723-240726	-
fighter/samusd/c01	535	240727-241261	-
item/hammer/effect	0		-
item/raygun/effect	0		-
fighter/pickel/c02	873	241329-242201	-
item/beetle/camera	0		-
fighter/roy/camera	0		-
fighter/koopag/c07	183	143762-143764,242244-242423	-
fighter/lucina/c07	432	242424-242855	-
item/capsule/param	1	242856	-
fighter/donkey/cmn	4	242857-242860	-
fighter/koopag/c03	183	141502-141504,242878-243057	-
fighter/lucina/c03	432	243058-243489	-
fighter/pickel/c06	872	243504-244375	-
fighter/jack/movie	0		-
item/sandbag/model	0		-
fighter/reflet/c06	538	244390-244927	-
fighter/dedede/cmn	4	244943-244946	-
fighter/ken/camera	0		-
fighter/pacman/c02	474	244947-245420	-
fighter/mewtwo/cmn	4	245421-245424	-
item/barrel/camera	0		-
fighter/shizue/c01	985	245453-246437	-
fighter/shizue/c05	985	246438-247422	-
fighter/pacman/c06	474	247423-247896	-
fighter/reflet/c02	538	247911-248448	-
item/pasaran/model	0		-
item/killer/script	0		-
fighter/elight/c02	488	248491-248978	-
fighter/nana/movie	0		-
fighter/mariod/c00	472	248979-249450	-
item/common/camera	0		-
fighter/wiifit/c06	531	249465-249995	-
fighter/tantan/cmn	4	249996-249999	-
fighter/wiifit/c02	531	250000-250530	-
fighter/elight/c06	488	250545-251032	-
fighter/mariod/c04	472	251033-251504	-
fighter/master/cmn	4	251505-251508	-
fighter/pit/cmn/ai	2	251526-251527	-
item/genesis/param	1	251528	-
fighter/tantan/c07	1143	251529-252671	-
fighter/roy/result	0		-
item/st_crab/param	1	252672	-
fighter/link/movie	0		-
fighter/master/c07	669	252673-253341	-
fighter/packun/c04	493	253342-253834	-
fighter/master/c03	669	253835-254503	-
fighter/packun/c00	493	254504-254996	-
item/bomber/effect	0		-
item/assist/script	0		-
fighter/tantan/c03	1143	255011-256153	-
fighter/pikmin/c05	573	256192-256764	-
fighter/mewtwo/c03	399	256765-257163	-
fighter/dedede/c03	600	257164-257763	-
fighter/pikmin/c01	583	257764-258346	-
fighter/dedede/c07	600	258361-258960	-
fighter/mewtwo/c07	399	258961-259359	-
fighter/roy/append	0		-
fighter/fox/cmn/ai	2	259465-259466	-
item/beetle/script	0		-
fighter/wiifit/cmn	4	259482-259485	-
item/st_crab/model	0		-
fighter/tantan/c02	1143	259487-260629	-
fighter/master/c02	651	260630-261280	-
fighter/packun/c01	491	261281-261771	-
item/genesis/model	0		-
fighter/master/c06	651	261786-262436	-
fighter/packun/c05	491	262437-262927	-
fighter/elight/cmn	4	262928-262931	-
fighter/tantan/c06	1143	262932-264074	-
item/teamhealfield	0		-
fighter/reflet/cmn	4	264089-264092	-
fighter/pikmin/c00	583	264093-264675	-
fighter/dedede/c06	600	264690-265289	-
fighter/mewtwo/c06	399	265290-265688	-
item/explosionbomb	0		-
fighter/pikmin/c04	573	265703-266275	-
fighter/pacman/cmn	3	266276-266278	-
fighter/mewtwo/c02	399	266279-266677	-
fighter/dedede/c02	600	266678-267277	-
fighter/reflet/c03	538	267296-267833	-
fighter/pacman/c07	474	267862-268335	-
item/pellet/motion	0		-
item/sandbag/param	1	268350	-
fighter/shizue/c04	985	268351-269335	-
item/banana/camera	0		-
item/raygun/motion	0		-
item/hammer/motion	0		-
fighter/ryu/cmn/ai	2	269351-269352	-
fighter/shizue/c00	986	269353-270338	-
item/pasaran/param	1	270339	-
fighter/pacman/c03	474	270340-270813	-
fighter/reflet/c07	538	270843-271380	-
fighter/elight/c07	488	271395-271882	-
item/bananagunshot	0		-
fighter/mariod/c05	472	271883-272354	-
fighter/wiifit/c03	532	272369-272900	-
item/bumper/script	0		-
fighter/wiifit/c07	533	272929-273461	-
fighter/elight/c03	488	273476-273963	-
fighter/mariod/c01	472	273964-274435	-
fighter/samusd/c00	536	274503-275038	-
fighter/ness/movie	0		-
fighter/samusd/c04	535	275081-275615	-
fighter/pickel/c07	872	275644-276515	-
item/capsule/model	0		-
fighter/koopag/c02	183	181022-181024,276531-276710	-
fighter/lucina/c02	432	276711-277142	-
fighter/koopag/c06	183	178765-178767,277160-277339	-
fighter/lucina/c06	432	277340-277771	-
fighter/pickel/c03	872	277800-278671	-
fighter/edge/movie	0		-
fighter/donkey/c06	454	278714-279167	-
item/younglinkbomb	0		-
fighter/eflame/c04	460	279213-279672	-
item/pitfall/model	0		-
fighter/eflame/c00	460	279730-280189	-
item/banana/script	0		-
item/bombhei/model	0		-
fighter/ike/cmn/ai	2	280219-280220	-
fighter/pickel/cmn	3	280238-280240	-
item/staffroulette	0		-
fighter/donkey/c02	454	280266-280719	-
item/bomber/motion	0		-
fighter/pitb/movie	0		-
fighter/ridley/c02	455	280938-281392	-
fighter/ridley/c06	455	281393-281847	-
item/bumper/camera	0		-
item/chicken/model	0		-
item/capsule/script	0		-
fighter/inkling/c02	684	281958-282641	-
fighter/element/c04	85	282702-282786	-
fighter/ken/c01/cmn	0		fighter/ken/cmn
fighter/chrom/movie	0		-
fighter/element/c00	85	282846-282930	-
fighter/simon/movie	0		-
fighter/link/cmn/ai	2	282931-282932	-
fighter/inkling/c06	680	282933-283612	-
item/pitfall/effect	0		-
fighter/buddy/movie	0		-
fighter/fox/c01/cmn	0		fighter/fox/cmn
fighter/ike/c04/cmn	0		fighter/ike/cmn
fighter/ryu/c04/cmn	0		fighter/ryu/cmn
fighter/richter/c05	576	283678-284253	-
item/poweresa/param	0		-
fighter/jack/cmn/ai	2	284296-284297	-
fighter/richter/c01	576	284355-284930	-
fighter/roy/c01/cmn	0		fighter/roy/cmn
item/firebar/camera	0		-
item/st_crab/script	0		-
item/magicpot/param	1	285036	-
fighter/purin/movie	0		-
fighter/gaogaen/c00	471	285054-285524	-
fighter/pit/c06/cmn	0		fighter/pit/cmn
item/egg/model/body	0		-
item/bombhei/effect	0		-
fighter/nana/camera	0		-
item/clubshot/model	0		-
item/chewing/motion	0		-
item/dragoon/effect	0		-
item/prizehr/motion	0		-
fighter/gaogaen/c04	470	285602-286071	-
item/kusudama/param	1	286072	-
fighter/shulk/movie	0		-
item/starring/param	1	286164	-
item/starrod/effect	0		-
item/powblock/model	0		-
fighter/pit/c07/cmn	0		fighter/pit/cmn
item/capsule/camera	0		-
item/walkmush/model	0		-
fighter/kamui/movie	0		-
fighter/cloud/movie	0		-
fighter/captain/c01	445	286211-286655	-
fighter/lucario/c00	413	286656-287068	-
fighter/koopajr/c04	584	287069-287652	-
fighter/pikachu/c00	448	287667-288114	-
fighter/pikachu/c04	454	288115-288568	-
fighter/falco/movie	0		-
item/genesis/effect	0		-
fighter/rosetta/cmn	4	288583-288586	-
fighter/captain/c05	445	288587-289031	-
fighter/koopajr/c00	569	289032-289600	-
fighter/lucario/c04	413	289601-290013	-
fighter/rosetta/c07	559	290044-290602	-
fighter/edge/cmn/ai	2	290603-290604	-
item/healball/model	0		-
fighter/brave/movie	0		-
fighter/nana/result	0		-
fighter/ganon/movie	0		-
fighter/roy/c00/cmn	0		fighter/roy/cmn
fighter/wolf/cmn/ai	2	290605-290606	-
fighter/rockman/c04	683	290608-291290	-
fighter/rockman/c00	684	291291-291974	-
fighter/ike/c05/cmn	0		fighter/ike/cmn
item/st_crab/camera	0		-
item/firebar/script	0		-
fighter/ryu/c05/cmn	0		fighter/ryu/cmn
fighter/rosetta/c03	559	291976-292534	-
fighter/pichu/movie	0		-
item/ripstick/model	0		-
fighter/ken/c00/cmn	0		fighter/ken/cmn
item/st_apple/param	1	292578	-
item/superscopeshot	0		-
fighter/fox/c00/cmn	0		fighter/fox/cmn
item/bombchu/effect	0		-
item/pasaran/motion	0		-
fighter/nana/append	0		-
item/usagihat/param	1	292701	-
fighter/fox/c02/cmn	0		fighter/fox/cmn
fighter/rosetta/c02	559	292703-293261	-
fighter/pitb/camera	0		-
item/healball/param	1	293265	-
fighter/yoshi/movie	0		-
fighter/ken/c02/cmn	0		fighter/ken/cmn
fighter/rockman/c01	683	293266-293948	-
item/pitfall/motion	0		-
fighter/rockman/c05	683	293949-294631	-
fighter/daisy/movie	0		-
fighter/trail/movie	0		-
fighter/rosetta/c06	559	294632-295190	-
fighter/roy/c02/cmn	0		fighter/roy/cmn
item/st_apple/model	0		-
item/ripstick/param	1	295262	-
item/usagihat/model	0		-
item/thunder/camera	0		-
fighter/luigi/movie	0		-
fighter/ryu/c07/cmn	0		fighter/ryu/cmn
fighter/popo/cmn/ai	2	295306-295307	-
fighter/ike/c07/cmn	0		fighter/ike/cmn
item/starring/model	0		-
item/freezer/camera	0		-
item/walkmush/param	1	295379	-
item/sandbag/camera	0		-
item/powblock/param	1	295380	-
item/chicken/camera	0		-
fighter/ness/append	0		-
fighter/peach/movie	0		-
fighter/kirby/movie	0		-
item/dragoon/motion	0		-
item/chewing/effect	0		-
fighter/captain/c04	445	295438-295882	-
fighter/koopajr/c01	582	295883-296464	-
fighter/lucario/c05	413	296465-296877	-
item/box/model/body	0		-
item/bombhei/motion	0		-
fighter/ness/result	0		-
fighter/pikachu/c05	457	296878-297334	-
fighter/pikachu/c01	454	297363-297816	-
fighter/captain/c00	444	297818-298261	-
fighter/lucario/c01	413	298263-298675	-
fighter/koopajr/c05	584	298676-299259	-
fighter/pit/c05/cmn	0		fighter/pit/cmn
item/prizehr/effect	0		-
item/steeldivershot	0		-
fighter/koopa/movie	0		-
fighter/pit/c04/cmn	0		fighter/pit/cmn
fighter/pitb/append	0		-
item/magicpot/model	0		-
item/smashbombheavy	0		-
item/starrod/motion	0		-
fighter/gaogaen/c05	470	299374-299843	-
item/clubshot/param	1	299858	-
fighter/pitb/result	0		-
item/thunder/script	0		-
fighter/inkling/cmn	4	299919-299922	-
item/kusudama/model	0		-
item/genesis/motion	0		-
fighter/gaogaen/c01	470	299940-300409	-
fighter/ryu/c06/cmn	0		fighter/ryu/cmn
item/chicken/script	0		-
fighter/inkling/c07	682	300428-301109	-
fighter/ike/c06/cmn	0		fighter/ike/cmn
item/sandbag/script	0		-
fighter/element/c01	85	301167-301251	-
fighter/ness/camera	0		-
fighter/krool/movie	0		-
fighter/roy/c03/cmn	0		fighter/roy/cmn
item/freezer/script	0		-
fighter/element/c05	85	301309-301393	-
fighter/inkling/c03	685	301394-302078	-
item/bombchu/motion	0		-
item/poweresa/model	0		-
fighter/richter/c00	576	302192-302767	-
fighter/richter/c04	576	302768-303343	-
fighter/fox/c03/cmn	0		fighter/fox/cmn
fighter/ken/c03/cmn	0		fighter/ken/cmn
item/pasaran/effect	0		-
fighter/gaogaen/c03	470	303465-303934	-
fighter/roy/c07/cmn	0		fighter/roy/cmn
item/thunder/motion	0		-
fighter/snake/movie	0		-
fighter/pitb/cmn/ai	2	303935-303936	-
fighter/ryu/c02/cmn	0		fighter/ryu/cmn
fighter/gaogaen/c07	470	303937-304406	-
fighter/element/cmn	2	304407-304408	-
fighter/ike/c02/cmn	0		fighter/ike/cmn
item/genesis/script	0		-
item/tabemono/param	1	304443	-
item/st_shell/param	1	304458	-
fighter/fox/c07/cmn	0		fighter/fox/cmn
item/pitfall/camera	0		-
fighter/popo/camera	0		-
fighter/ken/c07/cmn	0		fighter/ken/cmn
item/starrod/script	0		-
item/bombchu/script	0		-
fighter/richter/c06	576	304623-305198	-
item/bombhei/camera	0		-
fighter/sonic/movie	0		-
fighter/richter/c02	576	305227-305802	-
item/mushroom/model	0		-
item/dragoon/camera	0		-
fighter/pit/c00/cmn	0		fighter/pit/cmn
fighter/inkling/c01	681	305882-306562	-
item/chicken/motion	0		-
fighter/gaogaen/cmn	4	306638-306641	-
fighter/element/c07	85	306642-306726	-
fighter/demon/movie	0		-
item/sandbag/motion	0		-
item/warpstar/model	0		-
item/firebar/effect	0		-
fighter/element/c03	85	306770-306854	-
item/freezer/motion	0		-
fighter/inkling/c05	683	306892-307574	-
item/genesis/camera	0		-
fighter/popo/result	0		-
item/st_fruit/model	0		-
fighter/pikachu/cmn	4	307740-307743	-
item/starrod/camera	0		-
fighter/rosetta/c04	559	307787-308345	-
fighter/lucario/cmn	4	308347-308350	-
item/capsule/effect	0		-
fighter/pit/c01/cmn	0		fighter/pit/cmn
fighter/rockman/c07	683	308394-309076	-
fighter/koopajr/cmn	4	309091-309094	-
item/pitfall/script	0		-
fighter/rockman/c03	683	309095-309777	-
fighter/popo/append	0		-
fighter/rosetta/c00	559	107511-107528,309778-310318	-
fighter/captain/c02	445	310319-310763	-
fighter/lucario/c03	413	310764-311176	-
fighter/koopajr/c07	584	311177-311760	-
item/dragoon/script	0		-
fighter/pikachu/c03	454	311791-312244	-
item/bombhei/script	0		-
fighter/fox/c06/cmn	0		fighter/fox/cmn
fighter/pikachu/c07	451	312246-312696	-
fighter/ness/cmn/ai	2	312711-312712	-
fighter/wario/movie	0		-
item/bombchu/camera	0		-
fighter/ken/c06/cmn	0		fighter/ken/cmn
fighter/captain/c06	445	312728-313172	-
fighter/dolly/movie	0		-
fighter/rockman/cmn	3	313173-313175	-
fighter/koopajr/c03	583	313176-313758	-
fighter/lucario/c07	413	313759-314171	-
fighter/ryu/c03/cmn	0		fighter/ryu/cmn
item/st_crab/effect	0		-
fighter/ike/c03/cmn	0		fighter/ike/cmn
fighter/roy/c06/cmn	0		fighter/roy/cmn
item/pokeball/param	1	314228	-
item/linkbomb/model	0		-
item/doseisan/param	1	314314	-
fighter/ike/c01/cmn	0		fighter/ike/cmn
fighter/captain/c07	445	314344-314788	-
fighter/koopajr/c02	582	314789-315370	-
fighter/lucario/c06	413	315371-315783	-
item/thunder/effect	0		-
fighter/ryu/c01/cmn	0		fighter/ryu/cmn
fighter/pikachu/c06	454	315813-316266	-
fighter/link/camera	0		-
item/fireflowershot	0		-
fighter/pikachu/c02	454	316295-316748	-
fighter/roy/c04/cmn	0		fighter/roy/cmn
fighter/sheik/movie	0		-
fighter/captain/c03	445	316764-317208	-
fighter/lucario/c02	413	317210-317622	-
fighter/koopajr/c06	584	317623-318206	-
item/ripstickflower	0		-
fighter/jack/camera	0		-
fighter/pfushigisou	0		-
fighter/ken/c04/cmn	0		fighter/ken/cmn
item/doseisan/model	0		-
item/linkbomb/param	0		-
fighter/fox/c04/cmn	0		fighter/fox/cmn
item/pokeball/model	0		-
fighter/pit/c03/cmn	0		fighter/pit/cmn
fighter/edge/append	0		-
item/simonholywater	0		-
fighter/diddy/movie	0		-
item/prizehr/camera	0		-
fighter/wolf/append	0		-
item/chewing/camera	0		-
item/pasaran/script	0		-
fighter/robot/movie	0		-
item/walkmushflower	0		-
item/st_fruit/param	1	318529	-
fighter/marth/movie	0		-
item/sandbag/effect	0		-
fighter/rosetta/c01	559	318530-319088	-
item/chicken/effect	0		-
fighter/rockman/c02	683	319089-319771	-
fighter/zelda/movie	0		-
fighter/edge/result	0		-
fighter/nana/cmn/ai	2	319786-319787	-
fighter/rockman/c06	683	319831-320513	-
fighter/lucas/movie	0		-
fighter/captain/cmn	4	320514-320517	-
item/freezer/effect	0		-
fighter/rosetta/c05	559	320518-321076	-
fighter/wolf/result	0		-
item/firebar/motion	0		-
fighter/jack/result	0		-
fighter/richter/c03	576	321183-321758	-
fighter/richter/c07	576	321787-322362	-
item/mushroom/param	1	322377	-
fighter/link/append	0		-
fighter/inkling/c04	680	322426-323105	-
item/capsule/motion	0		-
fighter/link/result	0		-
fighter/element/c02	85	323183-323267	-
item/log/model/body	0		-
fighter/element/c06	85	323311-323395	-
fighter/pit/c02/cmn	0		fighter/pit/cmn
fighter/jack/append	0		-
item/smashballheavy	0		-
item/warpstar/param	1	323428	-
item/revengeshooter	0		-
fighter/inkling/c00	685	323446-324130	-
fighter/gaogaen/c06	470	324165-324634	-
fighter/ken/c05/cmn	0		fighter/ken/cmn
fighter/fox/c05/cmn	0		fighter/fox/cmn
item/pasaran/camera	0		-
item/chewing/script	0		-
fighter/edge/camera	0		-
item/prizehr/script	0		-
fighter/gaogaen/c02	470	324644-325113	-
fighter/wolf/camera	0		-
fighter/richter/cmn	4	325148-325151	-
fighter/mario/movie	0		-
item/st_crab/motion	0		-
item/tabemono/model	0		-
fighter/roy/c05/cmn	0		fighter/roy/cmn
item/st_shell/model	0		-
fighter/ike/c00/cmn	0		fighter/ike/cmn
fighter/samus/movie	0		-
fighter/ryu/c00/cmn	0		fighter/ryu/cmn
fighter/miiswordsman	0		-
item/kusudama/script	0		-
fighter/falco/append	0		-
item/walkmush/camera	0		-
fighter/duckhunt/c02	614	325291-325904	-
fighter/sonic/append	0		-
fighter/lucas/append	0		-
item/pokeball/effect	0		-
fighter/popo/c00/cmn	0		fighter/popo/cmn
fighter/dedede/movie	0		-
fighter/sheik/append	0		-
fighter/nana/c03/cmn	0		fighter/nana/cmn
item/wariobike/model	0		-
fighter/duckhunt/c06	614	325919-326532	-
fighter/link/c06/cmn	0		fighter/link/cmn
item/book/model/body	0		-
fighter/simon/cmn/ai	2	326632-326633	-
fighter/palutena/cmn	4	326634-326637	-
fighter/falco/result	0		-
fighter/lucas/result	0		-
fighter/sonic/result	0		-
item/wood/model/body	0		-
fighter/krool/camera	0		-
fighter/sheik/result	0		-
fighter/edge/c04/cmn	0		fighter/edge/cmn
fighter/palutena/c07	452	326697-327148	-
fighter/daisy/result	0		-
item/crossbomb/model	0		-
item/powderbox/model	0		-
item/smashbomb/model	0		-
fighter/wolf/c04/cmn	0		fighter/wolf/cmn
fighter/pitb/c00/cmn	0		fighter/pitb/cmn
item/linkbomb/effect	0		-
item/machstamp/model	0		-
item/curryshot/model	0		-
item/clubshot/effect	0		-
fighter/palutena/c03	452	327285-327736	-
fighter/ness/c07/cmn	0		fighter/ness/cmn
fighter/mariod/movie	0		-
fighter/jack/c01/cmn	0		fighter/jack/cmn
item/doseisan/camera	0		-
item/starring/script	0		-
fighter/trail/camera	0		-
fighter/daisy/append	0		-
fighter/wario/camera	0		-
fighter/cloud/camera	0		-
item/poweresa/motion	0		-
item/ripstick/motion	0		-
fighter/gekkouga/cmn	4	327846-327849	-
item/superstar/param	1	327878	-
fighter/packun/movie	0		-
fighter/falco/camera	0		-
fighter/sonic/camera	0		-
fighter/lucas/camera	0		-
item/walkmush/script	0		-
item/pacmankey/model	0		-
fighter/krool/result	0		-
fighter/pichu/cmn/ai	2	327909-327910	-
fighter/sheik/camera	0		-
item/kusudama/camera	0		-
fighter/jack/c00/cmn	0		fighter/jack/cmn
item/box/motion/body	0		-
fighter/murabito/cmn	3	327911-327913	-
fighter/zelda/cmn/ai	2	327914-327915	-
fighter/ridley/movie	0		-
item/usagihat/effect	0		-
fighter/krool/append	0		-
fighter/ness/c06/cmn	0		fighter/ness/cmn
item/honeycomb/model	0		-
fighter/edge/c05/cmn	0		fighter/edge/cmn
item/smartbomb/model	0		-
fighter/pitb/c01/cmn	0		fighter/pitb/cmn
fighter/wolf/c05/cmn	0		fighter/wolf/cmn
fighter/buddy/cmn/ai	2	328038-328039	-
item/snakecbox/model	0		-
fighter/ptrainer/c00	282	328058-328339	-
fighter/murabito/c03	1006	328340-329345	-
item/magicpot/motion	0		-
item/killsword/model	0		-
item/linkarrow/param	0		-
fighter/trail/result	0		-
item/smashball/param	1	329417	-
fighter/murabito/c07	1006	329419-330424	-
fighter/link/c07/cmn	0		fighter/link/cmn
fighter/wario/result	0		-
fighter/cloud/result	0		-
fighter/ptrainer/c04	282	330462-330743	-
fighter/trail/append	0		-
fighter/snake/cmn/ai	2	330753-330754	-
fighter/daisy/camera	0		-
fighter/toonlink/c00	568	330755-331322	-
fighter/gekkouga/c03	536	331323-331858	-
fighter/wario/append	0		-
item/mushroom/effect	0		-
fighter/dolly/cmn/ai	2	331887-331888	-
item/doseisan/script	0		-
item/starring/camera	0		-
fighter/cloud/append	0		-
fighter/mario/cmn/ai	2	331931-331932	-
fighter/master/movie	0		-
fighter/toonlink/c04	568	331947-332514	-
fighter/gekkouga/c07	536	332515-333050	-
fighter/nana/c02/cmn	0		fighter/nana/cmn
fighter/popo/c01/cmn	0		fighter/popo/cmn
item/killsword/param	1	333052	-
item/linkarrow/model	0		-
fighter/ptrainer/c05	288	333083-333370	-
item/pokeball/motion	0		-
fighter/murabito/c06	1006	333386-334391	-
item/snakecbox/param	1	334392	-
item/tabemono/script	0		-
fighter/nana/c00/cmn	0		fighter/nana/cmn
fighter/reflet/movie	0		-
item/st_fruit/script	0		-
fighter/popo/c03/cmn	0		fighter/popo/cmn
fighter/murabito/c02	1006	334437-335442	-
item/smashball/model	0		-
fighter/koopa/cmn/ai	2	335459-335460	-
fighter/ptrainer/c01	288	335477-335764	-
fighter/toonlink/c05	568	335774-336341	-
fighter/gekkouga/c06	536	336342-336877	-
fighter/shulk/camera	0		-
fighter/samusd/movie	0		-
fighter/peach/cmn/ai	2	336949-336950	-
item/powblock/camera	0		-
fighter/kamui/camera	0		-
item/warpstar/camera	0		-
fighter/toonlink/c01	568	336965-337532	-
fighter/gekkouga/c02	536	337533-338068	-
fighter/link/c05/cmn	0		fighter/link/cmn
fighter/eflame/movie	0		-
item/linkbomb/motion	0		-
fighter/kirby/cmn/ai	2	338069-338070	-
fighter/ness/c04/cmn	0		fighter/ness/cmn
item/st_apple/camera	0		-
fighter/koopag/movie	0		-
fighter/donkey/movie	0		-
fighter/pitb/c03/cmn	0		fighter/pitb/cmn
fighter/wolf/c07/cmn	0		fighter/wolf/cmn
fighter/ganon/cmn/ai	2	338149-338150	-
item/pacmankey/param	0		-
fighter/brave/cmn/ai	2	338152-338153	-
item/healball/script	0		-
fighter/edge/c07/cmn	0		fighter/edge/cmn
item/superstar/model	0		-
item/clubshot/motion	0		-
item/log/motion/body	0		-
fighter/tantan/movie	0		-
fighter/chrom/camera	0		-
fighter/jack/c02/cmn	0		fighter/jack/cmn
fighter/yoshi/cmn/ai	2	338270-338271	-
item/smartbomb/param	1	338286	-
item/honeycomb/param	1	338287	-
item/st_shell/script	0		-
item/machstamp/param	1	338288	-
fighter/jack/c03/cmn	0		fighter/jack/cmn
fighter/palutena/c02	452	338306-338757	-
item/powderbox/param	1	338758	-
item/smashbomb/param	1	338759	-
item/ripstick/effect	0		-
item/crossbomb/param	1	338760	-
item/st_fruit/camera	0		-
fighter/shulk/result	0		-
item/poweresa/effect	0		-
fighter/robot/cmn/ai	2	338804-338805	-
item/tabemono/camera	0		-
fighter/kamui/result	0		-
fighter/palutena/c06	452	338857-339308	-
item/curryshot/param	1	339340	-
fighter/wolf/c06/cmn	0		fighter/wolf/cmn
fighter/pitb/c02/cmn	0		fighter/pitb/cmn
item/usagihat/motion	0		-
item/warpstar/script	0		-
fighter/kamui/append	0		-
fighter/luigi/cmn/ai	2	339369-339370	-
fighter/edge/c06/cmn	0		fighter/edge/cmn
fighter/marth/cmn/ai	2	339385-339386	-
item/powblock/script	0		-
fighter/ness/c05/cmn	0		fighter/ness/cmn
fighter/duckhunt/cmn	4	339401-339404	-
fighter/shulk/append	0		-
fighter/samus/cmn/ai	2	339426-339427	-
item/magicpot/effect	0		-
item/healball/camera	0		-
fighter/duckhunt/c07	614	339471-340084	-
fighter/link/c04/cmn	0		fighter/link/cmn
fighter/chrom/result	0		-
item/st_apple/script	0		-
fighter/pickel/movie	0		-
fighter/duckhunt/c03	614	340087-340700	-
item/wariobike/param	1	340715	-
fighter/popo/c02/cmn	0		fighter/popo/cmn
item/st_shell/camera	0		-
item/mushroom/motion	0		-
fighter/nana/c01/cmn	0		fighter/nana/cmn
fighter/demon/cmn/ai	2	340773-340774	-
fighter/diddy/cmn/ai	2	340776-340777	-
fighter/purin/cmn/ai	2	340792-340793	-
fighter/chrom/append	0		-
item/usagihat/script	0		-
item/warpstar/motion	0		-
fighter/koopa/camera	0		-
item/powblock/motion	0		-
fighter/samus/result	0		-
item/drillshot/model	0		-
item/slow/model/body	0		-
fighter/luigi/result	0		-
fighter/robot/append	0		-
fighter/ptrainer_low	0		-
item/staffshot/param	1	340924	-
fighter/shizue/movie	0		-
fighter/marth/result	0		-
fighter/link/c00/cmn	0		fighter/link/cmn
fighter/palutena/c04	452	340939-341390	-
fighter/kamui/cmn/ai	2	341408-341409	-
fighter/luigi/append	0		-
fighter/robot/result	0		-
item/sandbaghr/param	1	341426	-
fighter/peach/camera	0		-
fighter/marth/append	0		-
item/walkmush/effect	0		-
fighter/nana/c05/cmn	0		fighter/nana/cmn
fighter/popo/c06/cmn	0		fighter/popo/cmn
item/killereye/param	1	341526	-
fighter/samus/append	0		-
item/pokeball/camera	0		-
fighter/palutena/c00	452	341544-341995	-
fighter/shulk/cmn/ai	2	342010-342011	-
fighter/purin/result	0		-
fighter/ganon/camera	0		-
item/doseisan/effect	0		-
item/mushroom/script	0		-
fighter/brave/camera	0		-
fighter/demon/result	0		-
fighter/kirby/camera	0		-
fighter/jack/c07/cmn	0		fighter/jack/cmn
fighter/diddy/result	0		-
fighter/duckhunt/c01	614	342146-342759	-
fighter/demon/append	0		-
item/clubshot/camera	0		-
fighter/ness/c01/cmn	0		fighter/ness/cmn
item/boomerang/param	1	342816	-
fighter/diddy/append	0		-
fighter/yoshi/camera	0		-
item/st_apple/motion	0		-
fighter/purin/append	0		-
fighter/wolf/c02/cmn	0		fighter/wolf/cmn
fighter/pitb/c06/cmn	0		fighter/pitb/cmn
item/linkbomb/camera	0		-
fighter/chrom/cmn/ai	2	342847-342848	-
fighter/duckhunt/c05	614	342863-343476	-
fighter/edge/c02/cmn	0		fighter/edge/cmn
fighter/toonlink/c03	568	343483-344050	-
fighter/pitb/c07/cmn	0		fighter/pitb/cmn
item/magicball/model	0		-
fighter/gekkouga/c00	536	344067-344602	-
fighter/wolf/c03/cmn	0		fighter/wolf/cmn
item/bananagun/param	1	344606	-
fighter/robot/camera	0		-
fighter/peach/result	0		-
fighter/edge/c03/cmn	0		fighter/edge/cmn
fighter/ness/c00/cmn	0		fighter/ness/cmn
fighter/koopa/append	0		-
item/robotgyro/model	0		-
item/usagihat/camera	0		-
fighter/toonlink/c07	568	344664-345231	-
fighter/gekkouga/c04	536	345232-345767	-
item/pokeball/script	0		-
fighter/jack/c06/cmn	0		fighter/jack/cmn
fighter/ptrainer/c03	288	345799-346086	-
item/superleaf/model	0		-
fighter/koopa/result	0		-
fighter/samus/camera	0		-
item/kusudama/effect	0		-
item/tabemono/motion	0		-
fighter/murabito/c00	1006	346101-347106	-
item/st_fruit/motion	0		-
fighter/luigi/camera	0		-
fighter/murabito/c04	1006	347108-348113	-
fighter/peach/append	0		-
fighter/elight/movie	0		-
fighter/ptrainer/c07	288	348144-348431	-
fighter/pacman/movie	0		-
fighter/marth/camera	0		-
item/buddybomb/model	0		-
fighter/popo/c07/cmn	0		fighter/popo/cmn
fighter/nana/c04/cmn	0		fighter/nana/cmn
fighter/kirby/append	0		-
fighter/yoshi/result	0		-
fighter/ptrainer/cmn	2	348475-348476	-
item/beamsword/model	0		-
item/blackball/model	0		-
fighter/ganon/append	0		-
item/mushroom/camera	0		-
item/st_shell/motion	0		-
item/starring/effect	0		-
fighter/brave/append	0		-
fighter/ganon/result	0		-
fighter/purin/camera	0		-
item/linkbomb/script	0		-
fighter/toonlink/cmn	4	348537-348540	-
fighter/link/c01/cmn	0		fighter/link/cmn
fighter/brave/result	0		-
fighter/demon/camera	0		-
fighter/kirby/result	0		-
item/clubshot/script	0		-
fighter/diddy/camera	0		-
fighter/yoshi/append	0		-
fighter/mewtwo/movie	0		-
item/healball/motion	0		-
item/beamsword/param	1	348599	-
fighter/link/c03/cmn	0		fighter/link/cmn
item/blackball/param	1	348628	-
item/st_yamabuki_egg	0		-
item/powblock/effect	0		-
item/warpstar/effect	0		-
item/buddybomb/param	1	348645	-
fighter/zelda/result	0		-
fighter/pichu/append	0		-
item/ripstick/script	0		-
fighter/zelda/append	0		-
item/poweresa/script	0		-
fighter/popo/c05/cmn	0		fighter/popo/cmn
fighter/krool/cmn/ai	2	348703-348704	-
fighter/pichu/result	0		-
fighter/lucina/movie	0		-
fighter/nana/c06/cmn	0		fighter/nana/cmn
fighter/simon/camera	0		-
item/walkmush/motion	0		-
fighter/mario/result	0		-
fighter/toonlink/c06	568	348733-349300	-
fighter/gekkouga/c05	536	349301-349836	-
fighter/buddy/append	0		-
item/bananagun/model	0		-
fighter/jack/c04/cmn	0		fighter/jack/cmn
item/doseisan/motion	0		-
item/magicball/param	1	349866	-
item/robotgyro/param	1	349881	-
fighter/pikmin/movie	0		-
fighter/snake/result	0		-
fighter/dolly/result	0		-
fighter/toonlink/c02	568	349912-350479	-
fighter/gekkouga/c01	536	350480-351015	-
fighter/edge/c01/cmn	0		fighter/edge/cmn
fighter/trail/cmn/ai	2	351032-351033	-
fighter/snake/append	0		-
fighter/ptrainer/c06	282	351035-351316	-
fighter/pitb/c05/cmn	0		fighter/pitb/cmn
fighter/dolly/append	0		-
fighter/wolf/c01/cmn	0		fighter/wolf/cmn
fighter/cloud/cmn/ai	2	351331-351332	-
item/superleaf/param	1	351333	-
fighter/wario/cmn/ai	2	351334-351335	-
item/magicpot/script	0		-
fighter/murabito/c05	1006	351336-352341	-
fighter/murabito/c01	1006	352343-353348	-
fighter/mario/append	0		-
fighter/buddy/result	0		-
item/club/model/body	0		-
item/deku/model/body	0		-
fighter/ness/c02/cmn	0		fighter/ness/cmn
fighter/ptrainer/c02	282	353394-353675	-
item/st_apple/effect	0		-
fighter/falco/cmn/ai	2	353694-353695	-
fighter/lucas/cmn/ai	2	353696-353697	-
item/doll/model/body	0		-
fighter/sonic/cmn/ai	2	353698-353699	-
fighter/sheik/cmn/ai	2	353745-353746	-
fighter/pichu/camera	0		-
fighter/ness/c03/cmn	0		fighter/ness/cmn
fighter/wiifit/movie	0		-
fighter/edge/c00/cmn	0		fighter/edge/cmn
fighter/simon/result	0		-
fighter/wolf/c00/cmn	0		fighter/wolf/cmn
fighter/pitb/c04/cmn	0		fighter/pitb/cmn
fighter/duckhunt/c04	614	353819-354432	-
item/kusudama/motion	0		-
item/tabemono/effect	0		-
item/boomerang/model	0		-
fighter/simon/append	0		-
fighter/zelda/camera	0		-
item/poweresa/camera	0		-
fighter/jack/c05/cmn	0		fighter/jack/cmn
item/ripstick/camera	0		-
item/st_fruit/effect	0		-
fighter/duckhunt/c00	614	354520-355133	-
item/drillshot/param	1	355162	-
item/st_shell/effect	0		-
fighter/buddy/camera	0		-
item/starring/motion	0		-
fighter/nana/c07/cmn	0		fighter/nana/cmn
item/staffshot/model	0		-
fighter/popo/c04/cmn	0		fighter/popo/cmn
item/killertransform	0		-
fighter/palutena/c01	452	355240-355691	-
fighter/mario/camera	0		-
item/sandbaghr/model	0		-
fighter/daisy/cmn/ai	2	355762-355763	-
item/healball/effect	0		-
item/magicpot/camera	0		-
fighter/link/c02/cmn	0		fighter/link/cmn
item/killereye/model	0		-
fighter/snake/camera	0		-
fighter/dolly/camera	0		-
fighter/palutena/c05	452	355821-356272	-
fighter/samus/c07/cmn	0		fighter/samus/cmn
item/pacmanbell/param	0		-
fighter/marth/c00/cmn	0		fighter/marth/cmn
item/bananagun/motion	0		-
fighter/krool/c01/cmn	0		fighter/krool/cmn
item/superstar/motion	0		-
item/backshield/param	1	356306	-
fighter/shulk/c04/cmn	0		fighter/shulk/cmn
fighter/peach/c00/cmn	0		fighter/peach/cmn
fighter/reflet/append	0		-
fighter/pzenigame/cmn	4	356308-356311	-
item/crossbomb/script	0		-
fighter/mario/c07/cmn	0		fighter/mario/cmn
item/curry/model/body	0		-
fighter/pikachu/movie	0		-
fighter/shizue/cmn/ai	2	356330-356331	-
fighter/trail/c04/cmn	0		fighter/trail/cmn
fighter/wario/c01/cmn	0		fighter/wario/cmn
fighter/koopa/c06/cmn	0		fighter/koopa/cmn
fighter/robot/c03/cmn	0		fighter/robot/cmn
fighter/buddy/c04/cmn	0		fighter/buddy/cmn
item/robotgyro/effect	0		-
fighter/chrom/c04/cmn	0		fighter/chrom/cmn
item/unira/model/body	0		-
fighter/cloud/c00/cmn	0		fighter/cloud/cmn
fighter/falco/c07/cmn	0		fighter/falco/cmn
fighter/fox/kirbycopy	0		-
fighter/kirby/c01/cmn	0		fighter/kirby/cmn
fighter/ike/movie/c06	0		-
fighter/luigi/c06/cmn	0		fighter/luigi/cmn
item/linkarrow/motion	0		-
fighter/ike/movie/c02	0		-
fighter/yoshi/c02/cmn	0		fighter/yoshi/cmn
item/deku/motion/body	0		-
fighter/sheik/c07/cmn	0		fighter/sheik/cmn
item/superscope/model	0		-
item/killereye/effect	0		-
fighter/ganon/c01/cmn	0		fighter/ganon/cmn
item/staffshot/camera	0		-
fighter/reflet/result	0		-
fighter/zelda/c07/cmn	0		fighter/zelda/cmn
fighter/pichu/c04/cmn	0		fighter/pichu/cmn
item/superleaf/motion	0		-
item/wiifitball/param	0		-
fighter/miienemyg/c06	419	356384-356802	-
fighter/roy/movie/c04	0		-
fighter/ryu/movie/c02	0		-
fighter/snake/c01/cmn	0		fighter/snake/cmn
fighter/brave/c06/cmn	0		fighter/brave/cmn
fighter/simon/c05/cmn	0		fighter/simon/cmn
fighter/sonic/c03/cmn	0		fighter/sonic/cmn
fighter/daisy/c03/cmn	0		fighter/daisy/cmn
fighter/dedede/append	0		-
fighter/inkling/movie	0		-
fighter/demon/c00/cmn	0		fighter/demon/cmn
fighter/lucas/c03/cmn	0		fighter/lucas/cmn
fighter/ryu/movie/c06	0		-
fighter/roy/movie/c00	0		-
fighter/koopag/camera	0		-
fighter/miienemyg/c02	419	356909-357327	-
item/wariobikea/model	0		-
fighter/dedede/result	0		-
item/slow/motion/body	0		-
fighter/pzenigame/c03	396	345854-345881,357328-357695	-
fighter/purin/c03/cmn	0		fighter/purin/cmn
item/dragoonset/param	1	357696	-
fighter/donkey/camera	0		-
item/drillshot/motion	0		-
fighter/miienemys/c01	402	357712-358113	-
fighter/diddy/c03/cmn	0		fighter/diddy/cmn
fighter/miienemys/c05	405	358128-358532	-
fighter/dolly/c00/cmn	0		fighter/dolly/cmn
item/metalblade/model	0		-
fighter/pzenigame/c07	396	348199-348226,358533-358900	-
item/sensorbomb/param	1	358901	-
fighter/kamui/c02/cmn	0		fighter/kamui/cmn
fighter/dolly/c01/cmn	0		fighter/dolly/cmn
fighter/younglink/cmn	4	358917-358920	-
fighter/diddy/c02/cmn	0		fighter/diddy/cmn
fighter/kamui/c03/cmn	0		fighter/kamui/cmn
fighter/pit/movie/c05	0		-
item/mechakoopa/param	0		-
fighter/bayonetta/cmn	4	358941-358944	-
fighter/gamewatch/c00	607	358945-359551	-
fighter/littlemac/c07	443	359552-359994	-
fighter/plizardon/cmn	4	359995-359998	-
item/crossbomb/camera	0		-
fighter/ridley/cmn/ai	2	359999-360000	-
fighter/gamewatch/c04	605	360001-360605	-
fighter/littlemac/c03	468	360606-361073	-
fighter/pit/movie/c01	0		-
item/sandbaghr/motion	0		-
fighter/purin/c02/cmn	0		fighter/purin/cmn
fighter/reflet/camera	0		-
fighter/demon/c01/cmn	0		fighter/demon/cmn
fighter/lucas/c02/cmn	0		fighter/lucas/cmn
item/staffshot/script	0		-
fighter/sonic/c02/cmn	0		fighter/sonic/cmn
fighter/daisy/c02/cmn	0		fighter/daisy/cmn
item/wariobikeb/model	0		-
fighter/miienemyf/c02	418	361175-361592	-
fighter/snake/c00/cmn	0		fighter/snake/cmn
fighter/simon/c04/cmn	0		fighter/simon/cmn
fighter/brave/c07/cmn	0		fighter/brave/cmn
fighter/elight/cmn/ai	2	361593-361594	-
fighter/lucario/movie	0		-
fighter/miienemyf/c06	418	361595-362012	-
item/pacmankey/effect	0		-
fighter/sheik/c06/cmn	0		fighter/sheik/cmn
fighter/dedede/camera	0		-
fighter/szerosuit/c02	542	362058-362599	-
fighter/yoshi/c03/cmn	0		fighter/yoshi/cmn
fighter/zelda/c06/cmn	0		fighter/zelda/cmn
fighter/pichu/c05/cmn	0		fighter/pichu/cmn
fighter/ganon/c00/cmn	0		fighter/ganon/cmn
item/magicball/motion	0		-
fighter/donkey/result	0		-
item/masterball/model	0		-
fighter/koopag/append	0		-
fighter/cloud/c01/cmn	0		fighter/cloud/cmn
item/hammerhead/model	0		-
fighter/falco/c06/cmn	0		fighter/falco/cmn
fighter/luigi/c07/cmn	0		fighter/luigi/cmn
fighter/kirby/c00/cmn	0		fighter/kirby/cmn
fighter/szerosuit/c06	551	362659-363209	-
item/beamsword/effect	0		-
fighter/ken/movie/c05	0		-
fighter/wario/c00/cmn	0		fighter/wario/cmn
fighter/trail/c05/cmn	0		fighter/trail/cmn
fighter/plizardon/c03	395	345919-345947,363210-363575	-
item/wariobiked/param	1	363576	-
item/powderbox/effect	0		-
fighter/mario/c06/cmn	0		fighter/mario/cmn
fighter/bayonetta/c03	547	363577-364123	-
fighter/fox/movie/c03	0		-
fighter/buddy/c05/cmn	0		fighter/buddy/cmn
fighter/chrom/c05/cmn	0		fighter/chrom/cmn
fighter/koopa/c07/cmn	0		fighter/koopa/cmn
fighter/robot/c02/cmn	0		fighter/robot/cmn
fighter/younglink/c03	560	364139-364698	-
item/snakecbox/motion	0		-
fighter/krool/c00/cmn	0		fighter/krool/cmn
item/doll/motion/body	0		-
fighter/younglink/c07	560	364714-365273	-
fighter/fox/movie/c07	0		-
item/smartbomb/effect	0		-
fighter/samus/c06/cmn	0		fighter/samus/cmn
item/pickelbomb/param	1	365274	-
fighter/marth/c01/cmn	0		fighter/marth/cmn
fighter/plizardon/c07	395	348264-348292,365289-365654	-
fighter/littlemac/cmn	4	365655-365658	-
fighter/bayonetta/c07	547	365659-366205	-
fighter/donkey/append	0		-
fighter/ken/movie/c01	0		-
item/richterholywater	0		-
fighter/peach/c01/cmn	0		fighter/peach/cmn
fighter/shulk/c05/cmn	0		fighter/shulk/cmn
fighter/koopag/result	0		-
fighter/chrom/c07/cmn	0		fighter/chrom/cmn
item/masterball/param	0		-
fighter/eflame/cmn/ai	2	366221-366222	-
item/curryshot/camera	0		-
fighter/buddy/c07/cmn	0		fighter/buddy/cmn
fighter/szerosuit/c07	548	366251-366798	-
item/superstar/effect	0		-
fighter/koopa/c05/cmn	0		fighter/koopa/cmn
fighter/robot/c00/cmn	0		fighter/robot/cmn
fighter/pacman/result	0		-
fighter/wario/c02/cmn	0		fighter/wario/cmn
fighter/trail/c07/cmn	0		fighter/trail/cmn
fighter/mario/c04/cmn	0		fighter/mario/cmn
item/smashbomb/script	0		-
item/bananagun/effect	0		-
item/honeycomb/script	0		-
item/robotgyro/motion	0		-
fighter/lucina/camera	0		-
fighter/pikmin/result	0		-
fighter/shulk/c07/cmn	0		fighter/shulk/cmn
fighter/peach/c03/cmn	0		fighter/peach/cmn
item/wariobike/script	0		-
fighter/krool/c02/cmn	0		fighter/krool/cmn
item/hammerhead/param	0		-
fighter/marth/c03/cmn	0		fighter/marth/cmn
fighter/miienemyf/cmn	3	366842-366844	-
fighter/samus/c04/cmn	0		fighter/samus/cmn
fighter/szerosuit/c03	542	366859-367400	-
fighter/ken/movie/c00	0		-
item/linkarrow/effect	0		-
item/killsword/camera	0		-
fighter/ganon/c02/cmn	0		fighter/ganon/cmn
fighter/zelda/c04/cmn	0		fighter/zelda/cmn
fighter/pichu/c07/cmn	0		fighter/pichu/cmn
fighter/pikmin/append	0		-
fighter/plizardon/c06	395	351152-351180,367415-367780	-
fighter/bayonetta/c06	547	367781-368327	-
fighter/fox/movie/c06	0		-
item/wariobiked/model	0		-
fighter/sheik/c04/cmn	0		fighter/sheik/cmn
item/blackball/camera	0		-
fighter/ike/kirbycopy	0		-
fighter/yoshi/c01/cmn	0		fighter/yoshi/cmn
item/staff/model/body	0		-
fighter/younglink/c06	560	368357-368916	-
item/superleaf/effect	0		-
fighter/mewtwo/camera	0		-
fighter/younglink/c02	560	368931-369490	-
fighter/luigi/c05/cmn	0		fighter/luigi/cmn
fighter/fox/movie/c02	0		-
item/killereye/motion	0		-
fighter/kirby/c02/cmn	0		fighter/kirby/cmn
fighter/plizardon/c02	395	353511-353539,369491-369856	-
fighter/pacman/append	0		-
item/machstamp/camera	0		-
item/pickelbomb/model	0		-
fighter/bayonetta/c02	547	369857-370403	-
fighter/falco/c04/cmn	0		fighter/falco/cmn
fighter/ken/movie/c04	0		-
fighter/cloud/c03/cmn	0		fighter/cloud/cmn
item/mechakoopa/model	0		-
fighter/lucas/c00/cmn	0		fighter/lucas/cmn
fighter/pit/movie/c00	0		-
fighter/demon/c03/cmn	0		fighter/demon/cmn
fighter/packun/cmn/ai	2	370463-370464	-
fighter/gamewatch/c05	605	370465-371069	-
fighter/sonic/c00/cmn	0		fighter/sonic/cmn
fighter/daisy/c00/cmn	0		fighter/daisy/cmn
fighter/littlemac/c02	468	371070-371537	-
fighter/gamewatch/c01	606	371538-372143	-
fighter/littlemac/c06	446	372144-372589	-
fighter/pit/movie/c04	0		-
fighter/ryu/kirbycopy	0		-
fighter/brave/c05/cmn	0		fighter/brave/cmn
fighter/simon/c06/cmn	0		fighter/simon/cmn
fighter/pickel/result	0		-
fighter/snake/c02/cmn	0		fighter/snake/cmn
item/drillshot/effect	0		-
fighter/kamui/c01/cmn	0		fighter/kamui/cmn
item/badge/model/body	0		-
fighter/pickel/append	0		-
item/buddybomb/script	0		-
fighter/miienemyf/c07	418	372633-373050	-
item/wariobikeb/param	1	373051	-
fighter/dolly/c03/cmn	0		fighter/dolly/cmn
fighter/diddy/c00/cmn	0		fighter/diddy/cmn
fighter/szerosuit/cmn	41	172030-172066,373052-373055	-
fighter/miienemyf/c03	418	373056-373473	-
fighter/purin/c00/cmn	0		fighter/purin/cmn
fighter/wiifit/camera	0		-
item/boomerang/camera	0		-
item/smashball/script	0		-
fighter/master/cmn/ai	2	373517-373518	-
fighter/lucina/append	0		-
fighter/purin/c01/cmn	0		fighter/purin/cmn
fighter/miienemyg/c03	419	373520-373938	-
fighter/ryu/movie/c07	0		-
fighter/roy/movie/c01	0		-
item/wariobike/camera	0		-
fighter/miigunner/c00	502	373983-374484	-
item/wiifitball/model	0		-
fighter/mariod/cmn/ai	2	374502-374503	-
fighter/mewtwo/result	0		-
item/smashbomb/camera	0		-
item/honeycomb/camera	0		-
item/sandbaghr/effect	0		-
fighter/kamui/c00/cmn	0		fighter/kamui/cmn
fighter/diddy/c01/cmn	0		fighter/diddy/cmn
fighter/roy/movie/c05	0		-
fighter/ryu/movie/c03	0		-
item/grass/model/body	0		-
fighter/samusd/cmn/ai	2	374547-374548	-
fighter/dolly/c02/cmn	0		fighter/dolly/cmn
fighter/miienemyg/c07	419	374549-374967	-
item/curryshot/script	0		-
fighter/mewtwo/append	0		-
item/dragoonset/model	0		-
item/machstamp/script	0		-
fighter/pzenigame/c06	396	351087-351114,374968-375335	-
fighter/koopajr/movie	0		-
fighter/pacman/camera	0		-
item/wariobikea/param	1	375336	-
fighter/simon/c07/cmn	0		fighter/simon/cmn
fighter/brave/c04/cmn	0		fighter/brave/cmn
fighter/snake/c03/cmn	0		fighter/snake/cmn
fighter/miienemys/c04	405	375351-375755	-
fighter/miienemys/c00	405	375770-376174	-
fighter/lucina/result	0		-
item/blackball/script	0		-
item/metalblade/param	0		-
fighter/pikmin/camera	0		-
item/sensorbomb/model	0		-
item/pacmankey/motion	0		-
fighter/element/movie	0		-
item/book/motion/body	0		-
fighter/sonic/c01/cmn	0		fighter/sonic/cmn
fighter/pzenigame/c02	396	353446-353473,376175-376542	-
fighter/daisy/c01/cmn	0		fighter/daisy/cmn
fighter/lucas/c01/cmn	0		fighter/lucas/cmn
fighter/demon/c02/cmn	0		fighter/demon/cmn
item/killsword/script	0		-
fighter/kirby/c03/cmn	0		fighter/kirby/cmn
fighter/luigi/c04/cmn	0		fighter/luigi/cmn
item/magicball/effect	0		-
item/backshield/model	0		-
fighter/falco/c05/cmn	0		fighter/falco/cmn
fighter/cloud/c02/cmn	0		fighter/cloud/cmn
item/pacmanbell/model	0		-
item/beamsword/motion	0		-
fighter/wiifit/result	0		-
fighter/zelda/c05/cmn	0		fighter/zelda/cmn
fighter/pichu/c06/cmn	0		fighter/pichu/cmn
item/pacmanstrawberry	0		-
fighter/ganon/c03/cmn	0		fighter/ganon/cmn
fighter/yoshi/c00/cmn	0		fighter/yoshi/cmn
fighter/sheik/c05/cmn	0		fighter/sheik/cmn
fighter/peach/c02/cmn	0		fighter/peach/cmn
fighter/shulk/c06/cmn	0		fighter/shulk/cmn
item/smashball/camera	0		-
item/boomerang/script	0		-
fighter/wiifit/append	0		-
fighter/miienemyg/cmn	3	376592-376594	-
item/powderbox/motion	0		-
fighter/marth/c02/cmn	0		fighter/marth/cmn
fighter/samus/c05/cmn	0		fighter/samus/cmn
fighter/ike/movie/c03	0		-
fighter/krool/c03/cmn	0		fighter/krool/cmn
fighter/ike/movie/c07	0		-
fighter/koopa/c04/cmn	0		fighter/koopa/cmn
fighter/robot/c01/cmn	0		fighter/robot/cmn
item/buddybomb/camera	0		-
fighter/chrom/c06/cmn	0		fighter/chrom/cmn
fighter/buddy/c06/cmn	0		fighter/buddy/cmn
item/superscope/param	1	376629	-
fighter/mario/c05/cmn	0		fighter/mario/cmn
fighter/pickel/camera	0		-
item/smartbomb/motion	0		-
fighter/trail/c06/cmn	0		fighter/trail/cmn
fighter/wario/c03/cmn	0		fighter/wario/cmn
item/snakecbox/effect	0		-
fighter/tantan/cmn/ai	2	376632-376633	-
fighter/zelda/c01/cmn	0		fighter/zelda/cmn
fighter/pichu/c02/cmn	0		fighter/pichu/cmn
item/machstamp/motion	0		-
fighter/ganon/c07/cmn	0		fighter/ganon/cmn
item/st_usa_egg/param	1	376634	-
fighter/pzenigame/c00	396	328111-328138,376635-377002	-
item/kroolcrown/model	0		-
fighter/lucina/cmn/ai	2	377003-377004	-
item/staffshot/effect	0		-
fighter/sheik/c01/cmn	0		fighter/sheik/cmn
fighter/miienemys/c02	405	377019-377423	-
fighter/mariod/append	0		-
item/killereye/camera	0		-
fighter/yoshi/c04/cmn	0		fighter/yoshi/cmn
fighter/luigi/c00/cmn	0		fighter/luigi/cmn
item/blackball/motion	0		-
item/pacmankey/script	0		-
fighter/eflame/camera	0		-
fighter/kirby/c07/cmn	0		fighter/kirby/cmn
fighter/miienemys/c06	405	377482-377886	-
fighter/samusd/append	0		-
item/killsword/motion	0		-
fighter/cloud/c06/cmn	0		fighter/cloud/cmn
fighter/falco/c01/cmn	0		fighter/falco/cmn
fighter/pzenigame/c04	396	330514-330541,377901-378268	-
fighter/roy/movie/c07	0		-
fighter/buddy/c02/cmn	0		fighter/buddy/cmn
fighter/ryu/movie/c01	0		-
fighter/chrom/c02/cmn	0		fighter/chrom/cmn
fighter/koopa/c00/cmn	0		fighter/koopa/cmn
fighter/robot/c05/cmn	0		fighter/robot/cmn
fighter/miienemyg/c05	419	378270-378688	-
fighter/mewtwo/cmn/ai	2	378689-378690	-
fighter/samusd/result	0		-
item/robotgyro/camera	0		-
fighter/trail/c02/cmn	0		fighter/trail/cmn
fighter/wario/c07/cmn	0		fighter/wario/cmn
fighter/mario/c01/cmn	0		fighter/mario/cmn
item/metalblock/model	0		-
fighter/peach/c06/cmn	0		fighter/peach/cmn
fighter/shulk/c02/cmn	0		fighter/shulk/cmn
fighter/krool/c07/cmn	0		fighter/krool/cmn
item/curryshot/motion	0		-
fighter/mariod/result	0		-
fighter/miienemyg/c01	422	378792-379213	-
fighter/ryu/movie/c05	0		-
fighter/samus/c01/cmn	0		fighter/samus/cmn
fighter/roy/movie/c03	0		-
item/wariobikec/model	0		-
fighter/marth/c06/cmn	0		fighter/marth/cmn
fighter/kamui/c04/cmn	0		fighter/kamui/cmn
item/boomerang/motion	0		-
item/drill/model/body	0		-
fighter/dolly/c06/cmn	0		fighter/dolly/cmn
fighter/ike/movie/c05	0		-
fighter/tantan/result	0		-
item/powderbox/script	0		-
fighter/diddy/c05/cmn	0		fighter/diddy/cmn
fighter/rockman/movie	0		-
fighter/purin/c05/cmn	0		fighter/purin/cmn
fighter/ike/movie/c01	0		-
fighter/packun/camera	0		-
item/raygunshot/model	0		-
item/smartbomb/script	0		-
fighter/wiifit/cmn/ai	2	379327-379328	-
fighter/demon/c06/cmn	0		fighter/demon/cmn
item/genesisset/model	0		-
fighter/lucas/c05/cmn	0		fighter/lucas/cmn
fighter/master/camera	0		-
fighter/sonic/c05/cmn	0		fighter/sonic/cmn
fighter/daisy/c05/cmn	0		fighter/daisy/cmn
item/beamsword/script	0		-
fighter/snake/c07/cmn	0		fighter/snake/cmn
item/heart/model/body	0		-
fighter/simon/c03/cmn	0		fighter/simon/cmn
fighter/tantan/append	0		-
fighter/brave/c00/cmn	0		fighter/brave/cmn
item/wariobikee/param	1	379343	-
item/greenshell/model	0		-
fighter/plizardon/c00	394	328176-328203,379358-379723	-
fighter/bayonetta/c00	547	379739-380285	-
fighter/gamewatch/cmn	3	380286-380288	-
item/pacmanboss/param	0		-
fighter/ken/movie/c06	0		-
fighter/eflame/append	0		-
fighter/samusd/camera	0		-
item/rocketbelt/model	0		-
fighter/younglink/c00	561	380318-380878	-
item/pacmankey/camera	0		-
fighter/fox/movie/c00	0		-
fighter/snake/c06/cmn	0		fighter/snake/cmn
fighter/brave/c01/cmn	0		fighter/brave/cmn
fighter/simon/c02/cmn	0		fighter/simon/cmn
item/killereye/script	0		-
fighter/fox/movie/c04	0		-
item/screw/model/body	0		-
fighter/younglink/c04	560	380894-381453	-
item/mushd/model/body	0		-
fighter/sonic/c04/cmn	0		fighter/sonic/cmn
fighter/ken/movie/c02	0		-
fighter/daisy/c04/cmn	0		fighter/daisy/cmn
fighter/gaogaen/movie	0		-
fighter/mariod/camera	0		-
fighter/demon/c07/cmn	0		fighter/demon/cmn
fighter/plizardon/c04	395	330579-330607,381455-381820	-
item/finalpeach/param	1	381821	-
fighter/bayonetta/c04	551	381822-382372	-
item/bossgalaga/param	1	382373	-
fighter/lucas/c04/cmn	0		fighter/lucas/cmn
fighter/pikmin/cmn/ai	2	382374-382375	-
fighter/purin/c04/cmn	0		fighter/purin/cmn
item/fireflower/param	1	382376	-
item/crossbomb/effect	0		-
fighter/szerosuit/c01	542	382405-382946	-
item/honeycomb/motion	0		-
item/smashbomb/motion	0		-
fighter/kamui/c05/cmn	0		fighter/kamui/cmn
fighter/eflame/result	0		-
item/robotgyro/script	0		-
item/homerunbat/param	0		-
fighter/szerosuit/c05	542	382976-383517	-
fighter/diddy/c04/cmn	0		fighter/diddy/cmn
fighter/pacman/cmn/ai	2	383518-383519	-
item/wariobike/motion	0		-
fighter/dolly/c07/cmn	0		fighter/dolly/cmn
item/carrierbox/model	0		-
item/smartbomb/camera	0		-
fighter/shulk/c03/cmn	0		fighter/shulk/cmn
fighter/peach/c07/cmn	0		fighter/peach/cmn
fighter/samus/c00/cmn	0		fighter/samus/cmn
fighter/packun/append	0		-
fighter/master/result	0		-
fighter/marth/c07/cmn	0		fighter/marth/cmn
fighter/krool/c06/cmn	0		fighter/krool/cmn
fighter/miienemyf/c01	418	383536-383953	-
item/buddybomb/motion	0		-
fighter/koopa/c01/cmn	0		fighter/koopa/cmn
fighter/robot/c04/cmn	0		fighter/robot/cmn
fighter/richter/movie	0		-
item/powderbox/camera	0		-
fighter/miienemyf/c05	418	383954-384371	-
fighter/buddy/c03/cmn	0		fighter/buddy/cmn
fighter/chrom/c03/cmn	0		fighter/chrom/cmn
item/smashball/motion	0		-
item/finaldaisy/param	1	384386	-
fighter/mario/c00/cmn	0		fighter/mario/cmn
item/steeldiver/model	0		-
item/soccerball/model	0		-
fighter/wario/c06/cmn	0		fighter/wario/cmn
fighter/trail/c03/cmn	0		fighter/trail/cmn
fighter/kirby/c06/cmn	0		fighter/kirby/cmn
fighter/luigi/c01/cmn	0		fighter/luigi/cmn
fighter/gamewatch/c03	605	384445-385049	-
fighter/cloud/c07/cmn	0		fighter/cloud/cmn
item/beamsword/camera	0		-
fighter/littlemac/c04	468	385051-385518	-
fighter/falco/c00/cmn	0		fighter/falco/cmn
fighter/tantan/camera	0		-
fighter/pickel/cmn/ai	2	385519-385520	-
fighter/pit/movie/c06	0		-
fighter/pit/movie/c02	0		-
fighter/ganon/c06/cmn	0		fighter/ganon/cmn
fighter/zelda/c00/cmn	0		fighter/zelda/cmn
fighter/gamewatch/c07	605	385521-386125	-
fighter/pichu/c03/cmn	0		fighter/pichu/cmn
fighter/littlemac/c00	468	386126-386593	-
fighter/packun/result	0		-
fighter/yoshi/c05/cmn	0		fighter/yoshi/cmn
fighter/master/append	0		-
fighter/roy/kirbycopy	0		-
fighter/sheik/c00/cmn	0		fighter/sheik/cmn
fighter/falco/c02/cmn	0		fighter/falco/cmn
fighter/cloud/c05/cmn	0		fighter/cloud/cmn
fighter/captain/movie	0		-
item/superleaf/camera	0		-
fighter/shizue/camera	0		-
item/staffshot/motion	0		-
fighter/elight/result	0		-
fighter/kirby/c04/cmn	0		fighter/kirby/cmn
fighter/luigi/c03/cmn	0		fighter/luigi/cmn
item/machstamp/effect	0		-
fighter/miienemyf/c04	418	386664-387081	-
item/soccerball/param	1	387082	-
fighter/yoshi/c07/cmn	0		fighter/yoshi/cmn
fighter/miienemyf/c00	418	387083-387500	-
item/finaldaisy/model	0		-
fighter/sheik/c02/cmn	0		fighter/sheik/cmn
item/killsword/effect	0		-
item/linkarrow/camera	0		-
fighter/ridley/append	0		-
item/steeldiver/param	1	387502	-
fighter/zelda/c02/cmn	0		fighter/zelda/cmn
fighter/pichu/c01/cmn	0		fighter/pichu/cmn
item/blackball/effect	0		-
fighter/ganon/c04/cmn	0		fighter/ganon/cmn
fighter/marth/c05/cmn	0		fighter/marth/cmn
fighter/samus/c02/cmn	0		fighter/samus/cmn
fighter/ridley/result	0		-
fighter/krool/c04/cmn	0		fighter/krool/cmn
fighter/peach/c05/cmn	0		fighter/peach/cmn
fighter/gamewatch/c06	606	387545-388150	-
fighter/shulk/c01/cmn	0		fighter/shulk/cmn
fighter/littlemac/c01	468	388151-388618	-
fighter/pit/movie/c03	0		-
fighter/mario/c02/cmn	0		fighter/mario/cmn
fighter/pit/movie/c07	0		-
item/superstar/camera	0		-
item/curryshot/effect	0		-
fighter/gamewatch/c02	606	388628-389233	-
fighter/wario/c04/cmn	0		fighter/wario/cmn
fighter/trail/c01/cmn	0		fighter/trail/cmn
fighter/elight/append	0		-
fighter/littlemac/c05	465	389234-389698	-
item/bananagun/camera	0		-
fighter/koopa/c03/cmn	0		fighter/koopa/cmn
fighter/robot/c06/cmn	0		fighter/robot/cmn
fighter/chrom/c01/cmn	0		fighter/chrom/cmn
item/sandbaghr/script	0		-
fighter/buddy/c01/cmn	0		fighter/buddy/cmn
fighter/plizardon/c05	395	333203-333231,389727-390092	-
fighter/bayonetta/c05	547	390093-390639	-
fighter/ken/movie/c03	0		-
item/rocketbelt/param	1	390640	-
item/pacmanboss/model	0		-
fighter/purin/c06/cmn	0		fighter/purin/cmn
fighter/younglink/c05	560	390657-391216	-
fighter/koopag/cmn/ai	2	391217-391218	-
fighter/fox/movie/c05	0		-
item/boomerang/effect	0		-
item/finalpeach/model	0		-
fighter/diddy/c06/cmn	0		fighter/diddy/cmn
fighter/fox/movie/c01	0		-
item/bossgalaga/model	0		-
item/drillshot/camera	0		-
item/snakecbox/script	0		-
fighter/dolly/c05/cmn	0		fighter/dolly/cmn
item/wood/motion/body	0		-
fighter/younglink/c01	560	391233-391792	-
fighter/ken/movie/c07	0		-
fighter/plizardon/c01	395	335597-335625,391807-392172	-
fighter/kamui/c07/cmn	0		fighter/kamui/cmn
fighter/bayonetta/c01	547	392187-392733	-
fighter/simon/c00/cmn	0		fighter/simon/cmn
fighter/brave/c03/cmn	0		fighter/brave/cmn
fighter/snake/c04/cmn	0		fighter/snake/cmn
fighter/szerosuit/c04	542	392764-393305	-
item/fireflower/model	0		-
item/magicball/script	0		-
item/carrierbox/param	1	393306	-
fighter/sonic/c06/cmn	0		fighter/sonic/cmn
fighter/daisy/c06/cmn	0		fighter/daisy/cmn
fighter/lucas/c06/cmn	0		fighter/lucas/cmn
fighter/demon/c05/cmn	0		fighter/demon/cmn
item/homerunbat/model	0		-
fighter/szerosuit/c00	542	393335-393876	-
fighter/donkey/cmn/ai	2	393877-393878	-
fighter/lucas/c07/cmn	0		fighter/lucas/cmn
fighter/miigunner/cmn	4	393879-393882	-
fighter/demon/c04/cmn	0		fighter/demon/cmn
fighter/ridley/camera	0		-
fighter/ken/kirbycopy	0		-
fighter/sonic/c07/cmn	0		fighter/sonic/cmn
fighter/daisy/c07/cmn	0		fighter/daisy/cmn
fighter/reflet/cmn/ai	2	393883-393884	-
fighter/ike/movie/c00	0		-
item/linkarrow/script	0		-
item/club/motion/body	0		-
fighter/brave/c02/cmn	0		fighter/brave/cmn
fighter/simon/c01/cmn	0		fighter/simon/cmn
fighter/snake/c05/cmn	0		fighter/snake/cmn
fighter/ike/movie/c04	0		-
item/raygunshot/param	1	393934	-
fighter/shizue/append	0		-
fighter/rosetta/movie	0		-
item/superleaf/script	0		-
fighter/dolly/c04/cmn	0		fighter/dolly/cmn
item/sandbaghr/camera	0		-
fighter/diddy/c07/cmn	0		fighter/diddy/cmn
item/bananagun/script	0		-
item/honeycomb/effect	0		-
item/smashbomb/effect	0		-
fighter/elight/camera	0		-
item/genesisset/param	1	393993	-
fighter/shizue/result	0		-
fighter/kamui/c06/cmn	0		fighter/kamui/cmn
item/crossbomb/motion	0		-
item/superstar/script	0		-
item/wariobikee/model	0		-
item/wariobike/effect	0		-
item/greenshell/param	1	394008	-
fighter/miienemys/cmn	3	394024-394026	-
fighter/purin/c07/cmn	0		fighter/purin/cmn
fighter/trail/c00/cmn	0		fighter/trail/cmn
fighter/wario/c05/cmn	0		fighter/wario/cmn
item/buddybomb/effect	0		-
fighter/pzenigame/c05	396	333138-333165,394027-394394	-
fighter/mario/c03/cmn	0		fighter/mario/cmn
fighter/chrom/c00/cmn	0		fighter/chrom/cmn
fighter/buddy/c00/cmn	0		fighter/buddy/cmn
item/kroolcrown/param	0		-
fighter/miienemys/c07	405	394466-394870	-
item/drillshot/script	0		-
item/snakecbox/camera	0		-
fighter/koopa/c02/cmn	0		fighter/koopa/cmn
fighter/robot/c07/cmn	0		fighter/robot/cmn
item/st_usa_egg/model	0		-
fighter/krool/c05/cmn	0		fighter/krool/cmn
fighter/marth/c04/cmn	0		fighter/marth/cmn
item/smashball/effect	0		-
fighter/samus/c03/cmn	0		fighter/samus/cmn
fighter/dedede/cmn/ai	2	394885-394886	-
fighter/miienemys/c03	405	394887-395291	-
fighter/shulk/c00/cmn	0		fighter/shulk/cmn
fighter/peach/c04/cmn	0		fighter/peach/cmn
fighter/pzenigame/c01	396	335532-335559,395298-395665	-
fighter/ryu/movie/c04	0		-
fighter/sheik/c03/cmn	0		fighter/sheik/cmn
fighter/roy/movie/c02	0		-
fighter/yoshi/c06/cmn	0		fighter/yoshi/cmn
fighter/miienemyg/c00	419	395667-396085	-
fighter/ganon/c05/cmn	0		fighter/ganon/cmn
fighter/zelda/c03/cmn	0		fighter/zelda/cmn
fighter/pichu/c00/cmn	0		fighter/pichu/cmn
fighter/pit/kirbycopy	0		-
item/wariobikec/param	1	396173	-
item/magicball/camera	0		-
fighter/falco/c03/cmn	0		fighter/falco/cmn
fighter/cloud/c04/cmn	0		fighter/cloud/cmn
fighter/miienemyg/c04	419	396189-396607	-
fighter/luigi/c02/cmn	0		fighter/luigi/cmn
fighter/roy/movie/c06	0		-
fighter/ryu/movie/c00	0		-
item/metalblock/param	0		-
fighter/kirby/c05/cmn	0		fighter/kirby/cmn
item/wariobikee/camera	0		-
fighter/ken/c07/camera	0		fighter/ken/camera/c07
fighter/mewtwo/c02/cmn	0		fighter/mewtwo/cmn
fighter/fox/result/c04	0		-
fighter/roy/camera/c06	5	396609-396613	-
item/dragoonset/script	0		-
fighter/inkling/result	0		-
fighter/popo/kirbycopy	0		-
item/wariobiked/motion	0		-
fighter/ness/movie/c02	0		-
fighter/ike/result/c00	0		-
item/soccerball/motion	0		-
fighter/pacman/c06/cmn	0		fighter/pacman/cmn
fighter/roy/c04/camera	0		fighter/roy/camera/c04
fighter/ridley/c03/cmn	0		fighter/ridley/cmn
fighter/shizue/c07/cmn	0		fighter/shizue/cmn
item/fireflower/camera	0		-
fighter/mariod/c04/cmn	0		fighter/mariod/cmn
fighter/ike/result/c04	0		-
fighter/ness/movie/c06	0		-
fighter/roy/camera/c02	5	396706-396710	-
fighter/fox/result/c00	0		-
fighter/eflame/c04/cmn	0		fighter/eflame/cmn
item/pickelbomb/camera	0		-
item/finaldaisy/motion	0		-
fighter/ike/camera/c00	4	396737-396740	-
item/bossgalaga/script	0		-
item/wariobikec/motion	0		-
item/sensorbomb/effect	0		-
item/wariobikea/effect	0		-
fighter/samusd/c07/cmn	0		fighter/samusd/cmn
fighter/ken/c00/camera	0		fighter/ken/camera/c00
item/wariobikeb/camera	0		-
fighter/pikmin/c05/cmn	0		fighter/pikmin/cmn
item/greenshell/camera	0		-
fighter/fox/camera/c04	5	396743-396747	-
fighter/roy/result/c06	0		-
item/metalblade/script	0		-
fighter/donkey/c07/cmn	0		fighter/donkey/cmn
fighter/roy/result/c02	0		-
fighter/fox/camera/c00	5	396748-396752	-
fighter/reflet/c05/cmn	0		fighter/reflet/cmn
fighter/pikachu/camera	0		-
fighter/miifighter/c00	423	374482-374484,396753-397172	-
fighter/inkling/append	0		-
fighter/koopajr/cmn/ai	2	397176-397177	-
fighter/packun/c03/cmn	0		fighter/packun/cmn
fighter/roy/c03/camera	0		fighter/roy/camera/c03
fighter/ike/camera/c04	4	397192-397195	-
fighter/master/c05/cmn	0		fighter/master/cmn
fighter/ryu/camera/c06	5	397212-397216	-
fighter/elight/c04/cmn	0		fighter/elight/cmn
fighter/pit/cmn/effect	10	397217-397226	-
fighter/link/movie/c00	0		-
fighter/ken/camera/c05	5	397227-397231	-
fighter/rockman/result	0		-
fighter/ken/camera/c01	5	397233-397237	-
fighter/ryu/c04/camera	0		fighter/ryu/camera/c04
fighter/wolf/kirbycopy	0		-
fighter/dedede/c06/cmn	0		fighter/dedede/cmn
fighter/link/movie/c04	0		-
fighter/tantan/c05/cmn	0		fighter/tantan/cmn
item/rocketbelt/script	0		-
fighter/lucina/c01/cmn	0		fighter/lucina/cmn
fighter/pit/c05/camera	0		fighter/pit/camera/c05
item/carrierbox/effect	0		-
fighter/ryu/camera/c02	5	397252-397256	-
fighter/wiifit/c03/cmn	0		fighter/wiifit/cmn
fighter/ken/result/c05	0		-
fighter/captain/cmn/ai	2	397258-397259	-
fighter/pickel/c00/cmn	0		fighter/pickel/cmn
fighter/ryu/result/c06	20	397274-397293	-
item/st_usa_egg/script	0		-
fighter/koopag/c06/cmn	0		fighter/koopag/cmn
fighter/pit/c02/camera	0		fighter/pit/camera/c02
fighter/ryu/result/c02	20	397294-397313	-
fighter/ryu/c03/camera	0		fighter/ryu/camera/c03
fighter/ken/result/c01	0		-
fighter/rockman/append	0		-
item/pickelbomb/script	0		-
item/fairybottle/model	0		-
fighter/koopag/c07/cmn	0		fighter/koopag/cmn
fighter/wolf/movie/c07	0		-
fighter/ike/c02/camera	0		fighter/ike/camera/c02
item/steeldiver/motion	0		-
item/fireflower/script	0		-
fighter/pickel/c01/cmn	0		fighter/pickel/cmn
item/specialflag/param	1	397346	-
fighter/pikachu/result	0		-
fighter/wolf/movie/c03	0		-
item/dragoonset/camera	0		-
item/raygunshot/motion	0		-
fighter/fox/c02/camera	0		fighter/fox/camera/c02
item/pacmanmelon/model	0		-
item/wariobikee/script	0		-
item/superscope/effect	0		-
item/hammer/model/body	0		-
fighter/ike/c05/camera	0		fighter/ike/camera/c05
fighter/pikachu/append	0		-
fighter/pitb/movie/c06	0		-
fighter/inkling/camera	0		-
fighter/fox/cmn/effect	1	397366	-
fighter/lucina/c00/cmn	0		fighter/lucina/cmn
fighter/metaknight/c04	492	397367-397858	-
item/pacmanapple/model	0		-
fighter/wiifit/c02/cmn	0		fighter/wiifit/cmn
fighter/jack/movie/c04	2	397859-397860	-
fighter/dedede/c07/cmn	0		fighter/dedede/cmn
fighter/tantan/c04/cmn	0		fighter/tantan/cmn
fighter/elight/c05/cmn	0		fighter/elight/cmn
fighter/fox/c05/camera	0		fighter/fox/camera/c05
item/metalblade/camera	0		-
item/killer/model/body	0		-
item/greenshell/script	0		-
item/starrodshot/model	0		-
item/wariobikeb/script	0		-
fighter/metaknight/c00	491	397889-398379	-
fighter/jack/movie/c00	2	398380-398381	-
item/hammerhead/effect	0		-
fighter/ike/cmn/effect	5	398383-398387	-
fighter/pitb/movie/c02	0		-
item/bossgalaga/camera	0		-
fighter/edge/movie/c04	1	398389	-
fighter/pit/camera/c04	5	398404-398408	-
fighter/packun/c02/cmn	0		fighter/packun/cmn
item/rocketbelt/camera	0		-
fighter/donkey/c06/cmn	0		fighter/donkey/cmn
fighter/popo/movie/c03	0		-
fighter/reflet/c04/cmn	0		fighter/reflet/cmn
item/masterball/motion	0		-
fighter/master/c04/cmn	0		fighter/master/cmn
fighter/samusd/c06/cmn	0		fighter/samusd/cmn
item/beetle/model/body	0		-
fighter/popo/movie/c07	0		-
fighter/pikmin/c04/cmn	0		fighter/pikmin/cmn
fighter/pit/camera/c00	5	398424-398428	-
fighter/edge/movie/c00	1	398443	-
fighter/nana/movie/c05	0		-
item/pacmanbell/effect	0		-
fighter/ridley/c02/cmn	0		fighter/ridley/cmn
fighter/mariod/c05/cmn	0		fighter/mariod/cmn
fighter/shizue/c06/cmn	0		fighter/shizue/cmn
fighter/pit/result/c04	0		-
fighter/rockman/camera	0		-
fighter/eflame/c05/cmn	0		fighter/eflame/cmn
item/st_usa_egg/camera	0		-
fighter/mewtwo/c03/cmn	0		fighter/mewtwo/cmn
fighter/pit/result/c00	0		-
fighter/pacman/c07/cmn	0		fighter/pacman/cmn
fighter/nana/movie/c01	0		-
fighter/pit/camera/c01	5	398444-398448	-
fighter/edge/movie/c01	1	398463	-
item/soccerball/effect	0		-
fighter/eflame/c07/cmn	0		fighter/eflame/cmn
item/wariobiked/effect	0		-
fighter/popo/movie/c06	0		-
fighter/ken/c05/camera	0		fighter/ken/camera/c05
fighter/shizue/c04/cmn	0		fighter/shizue/cmn
item/metalblock/camera	0		-
fighter/mariod/c07/cmn	0		fighter/mariod/cmn
fighter/ridley/c00/cmn	0		fighter/ridley/cmn
fighter/gaogaen/result	0		-
item/finaldaisy/effect	0		-
fighter/rosetta/cmn/ai	2	398478-398479	-
fighter/pacman/c05/cmn	0		fighter/pacman/cmn
fighter/ken/cmn/effect	1	398480	-
item/backshield/camera	0		-
fighter/ness/kirbycopy	0		-
fighter/roy/c06/camera	0		fighter/roy/camera/c06
fighter/popo/movie/c02	0		-
fighter/edge/movie/c05	1	398483	-
fighter/mewtwo/c01/cmn	0		fighter/mewtwo/cmn
fighter/pit/camera/c05	5	398498-398502	-
fighter/nana/movie/c00	0		-
fighter/master/c06/cmn	0		fighter/master/cmn
fighter/ken/c02/camera	0		fighter/ken/camera/c02
fighter/packun/c00/cmn	0		fighter/packun/cmn
fighter/pit/result/c01	0		-
item/wariobikea/motion	0		-
fighter/reflet/c06/cmn	0		fighter/reflet/cmn
item/sensorbomb/motion	0		-
item/wariobikec/effect	0		-
fighter/donkey/c04/cmn	0		fighter/donkey/cmn
fighter/pikmin/c06/cmn	0		fighter/pikmin/cmn
fighter/roy/c01/camera	0		fighter/roy/camera/c01
fighter/pit/result/c05	0		-
fighter/samusd/c04/cmn	0		fighter/samusd/cmn
fighter/nana/movie/c04	0		-
fighter/gaogaen/append	0		-
fighter/wiifit/c00/cmn	0		fighter/wiifit/cmn
fighter/lucina/c02/cmn	0		fighter/lucina/cmn
fighter/wolf/movie/c02	0		-
fighter/tantan/c06/cmn	0		fighter/tantan/cmn
fighter/dedede/c05/cmn	0		fighter/dedede/cmn
item/mechakoopa/script	0		-
item/fairybottle/param	1	398525	-
item/pacmanboss/script	0		-
item/carrierbox/motion	0		-
item/pacmanmelon/param	0		-
fighter/pit/c07/camera	0		fighter/pit/camera/c07
fighter/wolf/movie/c06	0		-
fighter/elight/c07/cmn	0		fighter/elight/cmn
item/specialflag/model	0		-
item/kroolcrown/script	0		-
fighter/ryu/c06/camera	0		fighter/ryu/camera/c06
item/genesisset/script	0		-
item/pacmanapple/param	0		-
fighter/pitb/movie/c03	0		-
fighter/metaknight/c01	491	398560-399050	-
fighter/jack/movie/c01	2	399051-399052	-
fighter/lucario/camera	0		-
fighter/koopag/c05/cmn	0		fighter/koopag/cmn
item/wiifitball/script	0		-
fighter/ryu/c01/camera	0		fighter/ryu/camera/c01
fighter/metaknight/c05	492	399081-399572	-
fighter/jack/movie/c05	2	399573-399574	-
item/finalpeach/script	0		-
item/starrodshot/param	1	399576	-
fighter/pitb/movie/c07	0		-
fighter/pickel/c03/cmn	0		fighter/pickel/cmn
fighter/pit/c00/camera	0		fighter/pit/camera/c00
item/homerunbat/script	0		-
fighter/ike/c00/camera	0		fighter/ike/camera/c00
fighter/roy/finalsmash	0		-
fighter/ryu/camera/c03	5	399592-399596	-
item/steeldiver/effect	0		-
fighter/link/movie/c05	0		-
fighter/ken/camera/c00	5	399597-399601	-
item/backshield/script	0		-
item/assist/model/body	0		-
fighter/pickel/c02/cmn	0		fighter/pickel/cmn
item/superscope/motion	0		-
fighter/fox/c00/camera	0		fighter/fox/camera/c00
item/metalblock/script	0		-
fighter/ken/camera/c04	5	399602-399606	-
item/raygunshot/effect	0		-
fighter/koopag/c04/cmn	0		fighter/koopag/cmn
fighter/element/cmn/ai	0		-
fighter/link/movie/c01	0		-
fighter/ryu/camera/c07	5	399621-399625	-
fighter/ken/result/c00	0		-
fighter/pitb/kirbycopy	0		-
fighter/ryu/result/c03	20	399627-399646	-
fighter/ike/c07/camera	0		fighter/ike/camera/c07
item/mushd/motion/body	0		-
fighter/richter/cmn/ai	2	399647-399648	-
fighter/gaogaen/camera	0		-
fighter/elight/c06/cmn	0		fighter/elight/cmn
item/bomber/model/body	0		-
fighter/tantan/c07/cmn	0		fighter/tantan/cmn
fighter/dedede/c04/cmn	0		fighter/dedede/cmn
fighter/ryu/result/c07	20	399649-399668	-
fighter/wiifit/c01/cmn	0		fighter/wiifit/cmn
fighter/lucina/c03/cmn	0		fighter/lucina/cmn
fighter/fox/c07/camera	0		fighter/fox/camera/c07
item/hammerhead/motion	0		-
fighter/ken/result/c04	0		-
item/kroolcrown/camera	0		-
fighter/fox/result/c01	0		-
fighter/roy/camera/c03	5	399702-399706	-
item/masterball/effect	0		-
fighter/pikmin/c07/cmn	0		fighter/pikmin/cmn
fighter/ryu/finalsmash	0		-
fighter/ike/result/c05	0		-
fighter/ness/movie/c07	0		-
fighter/samusd/c05/cmn	0		fighter/samusd/cmn
fighter/lucario/result	0		-
item/pacmanboss/camera	0		-
fighter/master/c07/cmn	0		fighter/master/cmn
fighter/ness/movie/c03	0		-
item/mechakoopa/camera	0		-
fighter/ike/result/c01	0		-
fighter/roy/camera/c07	5	399876-399880	-
fighter/fox/result/c05	0		-
fighter/reflet/c07/cmn	0		fighter/reflet/cmn
fighter/donkey/c05/cmn	0		fighter/donkey/cmn
fighter/packun/c01/cmn	0		fighter/packun/cmn
fighter/ike/camera/c05	4	399914-399917	-
item/homerunbat/camera	0		-
fighter/pacman/c04/cmn	0		fighter/pacman/cmn
item/finalpeach/camera	0		-
fighter/mewtwo/c00/cmn	0		fighter/mewtwo/cmn
item/wiifitball/camera	0		-
fighter/fox/camera/c01	5	399932-399936	-
fighter/roy/result/c03	0		-
item/pacmanbell/motion	0		-
fighter/eflame/c06/cmn	0		fighter/eflame/cmn
fighter/roy/result/c07	0		-
fighter/fox/camera/c05	5	399937-399941	-
fighter/mariod/c06/cmn	0		fighter/mariod/cmn
fighter/shizue/c05/cmn	0		fighter/shizue/cmn
fighter/ridley/c01/cmn	0		fighter/ridley/cmn
fighter/ike/camera/c01	4	399942-399945	-
item/genesisset/camera	0		-
fighter/lucario/append	0		-
fighter/roy/c00/camera	0		fighter/roy/camera/c00
fighter/ike/finalsmash	0		-
fighter/master/c03/cmn	0		fighter/master/cmn
fighter/rosetta/camera	0		-
fighter/ken/result/c06	0		-
fighter/packun/c05/cmn	0		fighter/packun/cmn
fighter/ryu/result/c05	20	399968-399987	-
fighter/donkey/c01/cmn	0		fighter/donkey/cmn
fighter/reflet/c03/cmn	0		fighter/reflet/cmn
item/wariobikea/camera	0		-
fighter/fox/finalsmash	0		-
fighter/ryu/result/c01	20	399992-400011	-
fighter/ken/c03/camera	0		fighter/ken/camera/c03
fighter/pikmin/c03/cmn	0		fighter/pikmin/cmn
fighter/jack/kirbycopy	0		-
item/sensorbomb/camera	0		-
item/greenshell/effect	0		-
fighter/ken/result/c02	0		-
fighter/samusd/c01/cmn	0		fighter/samusd/cmn
item/hammerhead/script	0		-
fighter/element/append	0		-
fighter/richter/result	0		-
item/wariobikeb/effect	0		-
fighter/link/movie/c03	0		-
item/peachdaikon/model	0		-
fighter/ryu/camera/c05	5	400059-400063	-
item/fireflower/effect	0		-
fighter/eflame/c02/cmn	0		fighter/eflame/cmn
fighter/roy/c07/camera	0		fighter/roy/camera/c07
item/daisydaikon/param	1	400064	-
item/pickelbomb/effect	0		-
fighter/ken/camera/c06	5	400066-400070	-
fighter/ridley/c05/cmn	0		fighter/ridley/cmn
fighter/mariod/c02/cmn	0		fighter/mariod/cmn
fighter/element/result	0		-
fighter/shizue/c01/cmn	0		fighter/shizue/cmn
item/backshield/motion	0		-
fighter/richter/append	0		-
fighter/ken/camera/c02	5	400071-400075	-
fighter/pacman/c00/cmn	0		fighter/pacman/cmn
item/wariobikee/effect	0		-
item/superscope/script	0		-
item/metalblock/motion	0		-
fighter/ken/c04/camera	0		fighter/ken/camera/c04
item/screw/motion/body	0		-
fighter/ryu/camera/c01	5	400091-400095	-
fighter/miifighter/cmn	4	400096-400099	-
fighter/link/movie/c07	0		-
fighter/mewtwo/c04/cmn	0		fighter/mewtwo/cmn
fighter/ike/camera/c03	4	400100-400103	-
fighter/ryu/c00/camera	0		fighter/ryu/camera/c00
fighter/ptrainer/movie	0		-
item/deathscythe/model	0		-
item/pacmanbell/script	0		-
fighter/fox/camera/c07	5	400136-400140	-
fighter/roy/result/c05	0		-
fighter/koopag/c00/cmn	0		fighter/koopag/cmn
item/maximtomato/param	1	400141	-
fighter/pit/c01/camera	0		fighter/pit/camera/c01
item/heart/motion/body	0		-
fighter/roy/result/c01	0		-
fighter/fox/camera/c03	5	400142-400146	-
item/drill/motion/body	0		-
fighter/pickel/c06/cmn	0		fighter/pickel/cmn
fighter/ike/camera/c07	4	400164-400167	-
item/smokescreen/model	0		-
fighter/lucina/c07/cmn	0		fighter/lucina/cmn
fighter/fox/result/c07	0		-
fighter/roy/camera/c05	5	400169-400173	-
fighter/wiifit/c05/cmn	0		fighter/wiifit/cmn
fighter/pit/c06/camera	0		fighter/pit/camera/c06
fighter/dedede/c00/cmn	0		fighter/dedede/cmn
fighter/tantan/c03/cmn	0		fighter/tantan/cmn
item/carrierbox/camera	0		-
fighter/palutena/movie	0		-
fighter/ryu/c07/camera	0		fighter/ryu/camera/c07
fighter/ness/movie/c01	0		-
fighter/ike/result/c03	0		-
fighter/ike/result/c07	0		-
fighter/ness/movie/c05	0		-
fighter/edge/kirbycopy	0		-
fighter/elight/c02/cmn	0		fighter/elight/cmn
fighter/lucario/cmn/ai	2	400241-400242	-
fighter/roy/camera/c01	5	400261-400265	-
fighter/fox/result/c03	0		-
item/hammerhead/camera	0		-
item/metalblade/effect	0		-
fighter/nana/movie/c06	0		-
item/dolphinbomb/param	1	400281	-
item/sensorbomb/script	0		-
item/bossgalaga/effect	0		-
fighter/fox/c06/camera	0		fighter/fox/camera/c06
fighter/elight/c03/cmn	0		fighter/elight/cmn
item/wariobikea/script	0		-
fighter/element/camera	0		-
fighter/pit/result/c07	0		-
fighter/dedede/c01/cmn	0		fighter/dedede/cmn
fighter/pit/result/c03	0		-
fighter/tantan/c02/cmn	0		fighter/tantan/cmn
fighter/rosetta/append	0		-
fighter/lucina/c06/cmn	0		fighter/lucina/cmn
fighter/wiifit/c04/cmn	0		fighter/wiifit/cmn
fighter/nana/movie/c02	0		-
fighter/ike/c06/camera	0		fighter/ike/camera/c06
fighter/fox/c01/camera	0		fighter/fox/camera/c01
fighter/popo/movie/c00	0		-
fighter/edge/movie/c07	1	400316	-
fighter/rosetta/result	0		-
item/grass/motion/body	0		-
fighter/pit/camera/c07	5	400331-400335	-
item/superscope/camera	0		-
fighter/pickel/c07/cmn	0		fighter/pickel/cmn
item/dragoonset/effect	0		-
item/raygun/model/body	0		-
fighter/ike/c01/camera	0		fighter/ike/camera/c01
item/unira/motion/body	0		-
fighter/pit/camera/c03	5	400336-400340	-
fighter/koopag/c01/cmn	0		fighter/koopag/cmn
fighter/edge/movie/c03	1	400355	-
fighter/gaogaen/cmn/ai	2	400356-400357	-
fighter/metaknight/cmn	4	400358-400361	-
fighter/richter/camera	0		-
fighter/popo/movie/c04	0		-
fighter/pitb/movie/c05	0		-
item/st_usa_egg/effect	0		-
item/genesisset/motion	0		-
fighter/pacman/c01/cmn	0		fighter/pacman/cmn
fighter/mewtwo/c05/cmn	0		fighter/mewtwo/cmn
fighter/metaknight/c07	492	400415-400906	-
fighter/jack/movie/c07	2	400908-400909	-
fighter/murabito/movie	0		-
fighter/metaknight/c03	492	400914-401405	-
fighter/eflame/c03/cmn	0		fighter/eflame/cmn
fighter/jack/movie/c03	2	401406-401407	-
item/pacmanbell/camera	0		-
item/wiifitball/motion	0		-
fighter/ridley/c04/cmn	0		fighter/ridley/cmn
item/homerunbat/motion	0		-
fighter/shizue/c00/cmn	0		fighter/shizue/cmn
fighter/mariod/c03/cmn	0		fighter/mariod/cmn
item/finalpeach/motion	0		-
fighter/pitb/movie/c01	0		-
fighter/wolf/movie/c04	0		-
fighter/link/kirbycopy	0		-
item/togezoshell/model	0		-
fighter/pikmin/c02/cmn	0		fighter/pikmin/cmn
item/pacmanboss/motion	0		-
fighter/duckhunt/movie	0		-
item/mechakoopa/motion	0		-
fighter/samusd/c00/cmn	0		fighter/samusd/cmn
fighter/gekkouga/movie	0		-
item/carrierbox/script	0		-
fighter/master/c02/cmn	0		fighter/master/cmn
item/rocketbelt/effect	0		-
item/banana/model/body	0		-
fighter/donkey/c00/cmn	0		fighter/donkey/cmn
fighter/reflet/c02/cmn	0		fighter/reflet/cmn
item/kroolcrown/motion	0		-
fighter/wolf/movie/c00	0		-
fighter/pit/finalsmash	0		-
fighter/packun/c04/cmn	0		fighter/packun/cmn
fighter/resident_param	20	401536-401555	-
fighter/pitb/movie/c00	0		-
fighter/samusd/c02/cmn	0		fighter/samusd/cmn
fighter/roy/c02/camera	0		fighter/roy/camera/c02
fighter/metaknight/c02	492	401571-402062	-
fighter/pikmin/c00/cmn	0		fighter/pikmin/cmn
fighter/jack/movie/c02	2	402063-402064	-
fighter/metaknight/c06	492	402065-402556	-
fighter/reflet/c00/cmn	0		fighter/reflet/cmn
item/wariobikeb/motion	0		-
fighter/donkey/c02/cmn	0		fighter/donkey/cmn
fighter/jack/movie/c06	2	402557-402558	-
item/greenshell/motion	0		-
fighter/packun/c06/cmn	0		fighter/packun/cmn
item/wariobikec/camera	0		-
item/pellet/model/body	0		-
fighter/ken/c01/camera	0		fighter/ken/camera/c01
fighter/master/c00/cmn	0		fighter/master/cmn
fighter/pitb/movie/c04	0		-
fighter/wolf/movie/c01	0		-
fighter/mewtwo/c07/cmn	0		fighter/mewtwo/cmn
item/backshield/effect	0		-
fighter/pikachu/cmn/ai	2	402621-402622	-
fighter/roy/c05/camera	0		fighter/roy/camera/c05
fighter/koopajr/camera	0		-
item/pickelbomb/motion	0		-
item/finaldaisy/camera	0		-
item/fireflower/motion	0		-
item/badge/motion/body	0		-
item/togezoshell/param	1	402623	-
fighter/pacman/c03/cmn	0		fighter/pacman/cmn
item/steeldiver/script	0		-
fighter/mariod/c01/cmn	0		fighter/mariod/cmn
fighter/ken/c06/camera	0		fighter/ken/camera/c06
fighter/shizue/c02/cmn	0		fighter/shizue/cmn
fighter/ridley/c06/cmn	0		fighter/ridley/cmn
item/wariobiked/camera	0		-
item/soccerball/camera	0		-
item/metalblock/effect	0		-
fighter/eflame/c01/cmn	0		fighter/eflame/cmn
fighter/roy/cmn/effect	5	402699-402703	-
item/wariobikee/motion	0		-
item/raygunshot/script	0		-
fighter/wolf/movie/c05	0		-
fighter/nana/movie/c03	0		-
fighter/pit/c03/camera	0		fighter/pit/camera/c03
fighter/pickel/c05/cmn	0		fighter/pickel/cmn
item/dolphinbomb/model	0		-
fighter/ryu/c02/camera	0		fighter/ryu/camera/c02
fighter/pit/result/c02	0		-
fighter/koopag/c03/cmn	0		fighter/koopag/cmn
fighter/pit/result/c06	0		-
item/staff/motion/body	0		-
item/curry/motion/body	0		-
fighter/nana/movie/c07	0		-
fighter/popo/movie/c05	0		-
fighter/pit/camera/c02	5	402753-402757	-
fighter/edge/movie/c02	1	402772	-
fighter/ryu/c05/camera	0		fighter/ryu/camera/c05
fighter/elight/c01/cmn	0		fighter/elight/cmn
fighter/pit/c04/camera	0		fighter/pit/camera/c04
item/masterball/script	0		-
fighter/captain/camera	0		-
fighter/edge/movie/c06	1	402774	-
fighter/tantan/c00/cmn	0		fighter/tantan/cmn
fighter/pit/camera/c06	5	402789-402793	-
fighter/dedede/c03/cmn	0		fighter/dedede/cmn
fighter/wiifit/c06/cmn	0		fighter/wiifit/cmn
fighter/ryu/cmn/effect	1	402794	-
fighter/popo/movie/c01	0		-
fighter/lucina/c04/cmn	0		fighter/lucina/cmn
item/barrel/model/body	0		-
item/maximtomato/model	0		-
fighter/fox/c04/camera	0		fighter/fox/camera/c04
fighter/koopajr/result	0		-
fighter/nana/kirbycopy	33	402798-402830	-
fighter/ike/camera/c06	4	402831-402834	-
item/wariobikec/script	0		-
item/deathscythe/param	1	402835	-
item/bossgalaga/motion	0		-
fighter/wiifit/c07/cmn	0		fighter/wiifit/cmn
item/metalblade/motion	0		-
fighter/fox/camera/c02	5	402836-402840	-
fighter/roy/result/c00	0		-
fighter/lucina/c05/cmn	0		fighter/lucina/cmn
fighter/tantan/c01/cmn	0		fighter/tantan/cmn
fighter/dedede/c02/cmn	0		fighter/dedede/cmn
fighter/ike/c04/camera	0		fighter/ike/camera/c04
fighter/elight/c00/cmn	0		fighter/elight/cmn
item/smokescreen/param	1	402858	-
fighter/roy/result/c04	0		-
fighter/fox/camera/c06	5	402859-402863	-
fighter/ike/camera/c02	4	402864-402867	-
fighter/fox/result/c02	0		-
fighter/roy/camera/c00	5	402918-402922	-
item/raygunshot/camera	0		-
item/dragoonset/motion	0		-
fighter/koopag/c02/cmn	0		fighter/koopag/cmn
fighter/fox/c03/camera	0		fighter/fox/camera/c03
item/soccerball/script	0		-
fighter/ken/finalsmash	0		-
item/wariobiked/script	0		-
fighter/ike/result/c06	0		-
fighter/ness/movie/c04	0		-
item/steeldiver/camera	0		-
fighter/pickel/c04/cmn	0		fighter/pickel/cmn
fighter/ness/movie/c00	0		-
fighter/ike/result/c02	0		-
fighter/inkling/cmn/ai	2	402975-402976	-
fighter/koopajr/append	0		-
fighter/ike/c03/camera	0		fighter/ike/camera/c03
item/finaldaisy/script	0		-
fighter/roy/camera/c04	5	402977-402981	-
fighter/fox/result/c06	0		-
fighter/shizue/c03/cmn	0		fighter/shizue/cmn
fighter/mariod/c00/cmn	0		fighter/mariod/cmn
fighter/ken/result/c03	0		-
fighter/ridley/c07/cmn	0		fighter/ridley/cmn
item/genesisset/effect	0		-
item/st_usa_egg/motion	0		-
fighter/eflame/c00/cmn	0		fighter/eflame/cmn
fighter/ryu/result/c00	20	403046-403065	-
fighter/toonlink/movie	0		-
fighter/ryu/result/c04	20	403268-403287	-
item/finalpeach/effect	0		-
item/homerunbat/effect	0		-
fighter/mewtwo/c06/cmn	0		fighter/mewtwo/cmn
fighter/captain/result	0		-
item/wiifitball/effect	0		-
fighter/pacman/c02/cmn	0		fighter/pacman/cmn
fighter/ken/result/c07	0		-
fighter/packun/c07/cmn	0		fighter/packun/cmn
fighter/link/movie/c06	0		-
item/mechakoopa/effect	0		-
fighter/reflet/c01/cmn	0		fighter/reflet/cmn
item/bumper/model/body	0		-
fighter/captain/append	0		-
item/daisydaikon/model	0		-
fighter/donkey/c03/cmn	0		fighter/donkey/cmn
item/pacmanboss/effect	0		-
fighter/ryu/camera/c00	5	403320-403324	-
item/peachdaikon/param	1	403325	-
fighter/master/c01/cmn	0		fighter/master/cmn
item/staffrouletteshot	0		-
fighter/ken/camera/c03	5	403328-403332	-
fighter/samusd/c03/cmn	0		fighter/samusd/cmn
item/masterball/camera	0		-
fighter/ken/camera/c07	5	403333-403337	-
item/kroolcrown/effect	0		-
fighter/pikmin/c01/cmn	0		fighter/pikmin/cmn
item/rocketbelt/motion	0		-
fighter/ryu/camera/c04	5	403352-403356	-
fighter/rockman/cmn/ai	2	403357-403358	-
fighter/link/movie/c02	0		-
fighter/pfushigisou/c07	429	348227-348263,403359-403750	-
fighter/demon/movie/c04	0		-
fighter/edge/result/c04	0		-
fighter/sheik/kirbycopy	0		-
fighter/element/c07/cmn	0		fighter/element/cmn
fighter/link/c01/camera	0		fighter/link/camera/c01
fighter/edge/result/c00	0		-
fighter/koopajr/c03/cmn	0		fighter/koopajr/cmn
fighter/pfushigisou/c03	429	345882-345918,403779-404170	-
fighter/demon/movie/c00	0		-
fighter/falco/kirbycopy	0		-
item/ripstickshot/model	0		-
fighter/brave/movie/c04	1	404191	-
fighter/pikachu/c03/cmn	0		fighter/pikachu/cmn
fighter/yoshi/movie/c01	0		-
fighter/edge/camera/c04	5	404193-404197	-
fighter/pichu/movie/c06	0		-
fighter/zelda/movie/c03	0		-
fighter/miienemys/movie	0		-
fighter/koopa/movie/c04	0		-
fighter/palutena/camera	0		-
fighter/duckhunt/cmn/ai	2	404217-404218	-
fighter/rosetta/c07/cmn	0		fighter/rosetta/cmn
fighter/richter/c01/cmn	0		fighter/richter/cmn
fighter/sonic/movie/c03	0		-
fighter/sonic/movie/c07	0		-
fighter/captain/c02/cmn	0		fighter/captain/cmn
fighter/koopa/movie/c00	0		-
fighter/plizardon/movie	0		-
fighter/zelda/movie/c07	0		-
item/smokescreen/effect	0		-
fighter/link/c06/camera	0		fighter/link/camera/c06
fighter/brave/movie/c00	1	404238	-
fighter/gaogaen/c00/cmn	0		fighter/gaogaen/cmn
fighter/pichu/movie/c02	0		-
fighter/yoshi/movie/c05	0		-
fighter/edge/camera/c00	5	404240-404244	-
fighter/dolly/movie/c06	0		-
fighter/jack/c03/camera	0		fighter/jack/camera/c03
item/pacmancherry/model	0		-
item/beetle/motion/body	0		-
fighter/jack/append/c00	71	57884-57892,404263-404324	-
fighter/rockman/c01/cmn	0		fighter/rockman/cmn
fighter/jack/result/c02	79	26923-26925,27003-27012,404325-404390	-
fighter/popo/camera/c04	4	404391-404394	-
item/goldenhammer/param	1	404395	-
fighter/popo/camera/c00	4	404396-404399	-
fighter/toonlink/camera	0		-
fighter/lucario/c04/cmn	0		fighter/lucario/cmn
fighter/jack/append/c04	71	59433-59441,404292-404324,404400-404428	-
item/togezoshell/effect	0		-
fighter/jack/result/c06	79	404429-404507	-
fighter/pitb/c01/camera	0		fighter/pitb/camera/c01
fighter/wolf/c02/camera	0		fighter/wolf/camera/c02
item/firebar/model/body	0		-
fighter/peach/kirbycopy	0		-
fighter/dolly/movie/c02	0		-
item/genesis/model/body	0		-
item/pacmanapple/camera	0		-
item/dolphinbomb/motion	0		-
item/maximtomato/effect	0		-
fighter/jack/camera/c02	10	404510-404519	-
fighter/marth/movie/c01	0		-
fighter/shulk/movie/c07	0		-
fighter/krool/movie/c05	0		-
item/pacmanmelon/effect	0		-
fighter/wario/movie/c02	0		-
fighter/popo/result/c04	0		-
fighter/jack/c04/camera	0		fighter/jack/camera/c04
fighter/simon/movie/c06	0		-
fighter/kamui/movie/c07	0		-
fighter/ganon/kirbycopy	0		-
fighter/wolf/cmn/effect	3	404548-404550	-
fighter/trail/movie/c01	0		-
fighter/kirby/movie/c06	0		-
fighter/trail/movie/c05	0		-
fighter/wolf/c05/camera	0		fighter/wolf/camera/c05
fighter/pfushigisou/cmn	4	404552-404555	-
fighter/kirby/movie/c02	0		-
fighter/pitb/c06/camera	0		fighter/pitb/camera/c06
item/specialflag/effect	0		-
fighter/simon/movie/c02	0		-
fighter/szerosuit/movie	0		-
fighter/kamui/movie/c03	0		-
fighter/krool/movie/c01	0		-
fighter/popo/result/c00	0		-
fighter/inkling/c04/cmn	0		fighter/inkling/cmn
fighter/wario/movie/c06	0		-
item/assist/motion/body	0		-
fighter/marth/movie/c05	0		-
fighter/jack/camera/c06	10	404586-404595	-
fighter/shulk/movie/c03	0		-
item/revengeshootershot	0		-
fighter/cloud/movie/c01	0		-
fighter/chrom/movie/c00	0		-
fighter/pitb/result/c03	0		-
fighter/daisy/movie/c05	0		-
fighter/peach/movie/c07	0		-
item/box/model/body/c00	12	404596-404607	-
fighter/palutena/result	0		-
item/honeycombbee/param	1	404622	-
fighter/inkling/c05/cmn	0		fighter/inkling/cmn
fighter/miigunner/movie	0		-
fighter/edge/c02/camera	0		fighter/edge/camera/c02
fighter/daisy/movie/c01	0		-
item/homerunbathr/model	0		-
fighter/pitb/result/c07	0		-
item/bombhei/model/body	0		-
fighter/peach/movie/c03	0		-
item/bombchu/model/body	0		-
fighter/cloud/movie/c05	0		-
fighter/chrom/movie/c04	0		-
fighter/link/finalsmash	0		-
item/diddypeanuts/model	0		-
fighter/edge/cmn/effect	5	404670-404674	-
fighter/lucario/c05/cmn	0		fighter/lucario/cmn
fighter/ganon/movie/c03	0		-
fighter/diddy/movie/c01	0		-
fighter/snake/movie/c04	0		-
fighter/pitb/camera/c03	4	404676-404679	-
fighter/snake/movie/c00	0		-
item/toonlinkbomb/param	0		-
fighter/pitb/camera/c07	4	404694-404697	-
item/egg/script/animcmd	0		-
item/snakegrenade/model	0		-
fighter/diddy/movie/c05	0		-
fighter/kamui/kirbycopy	0		-
fighter/ganon/movie/c07	0		-
fighter/palutena/append	0		-
fighter/edge/c05/camera	0		fighter/edge/camera/c05
fighter/rockman/c00/cmn	0		fighter/rockman/cmn
fighter/shulk/kirbycopy	0		-
fighter/luigi/movie/c05	0		-
fighter/lucas/movie/c06	0		-
fighter/robot/movie/c06	0		-
fighter/captain/c03/cmn	0		fighter/captain/cmn
fighter/falco/movie/c07	0		-
item/pacmanapple/script	0		-
fighter/toonlink/append	0		-
fighter/wolf/result/c04	0		-
fighter/gaogaen/c01/cmn	0		fighter/gaogaen/cmn
fighter/nana/result/c06	0		-
fighter/popo/cmn/effect	1	404745	-
fighter/ness/camera/c06	4	404746-404749	-
item/log/script/animcmd	0		-
fighter/link/result/c03	0		-
fighter/sheik/movie/c03	0		-
fighter/samus/movie/c05	0		-
fighter/buddy/movie/c00	0		-
fighter/buddy/movie/c04	0		-
fighter/sheik/movie/c07	0		-
fighter/link/result/c07	0		-
fighter/samus/movie/c01	0		-
fighter/popo/c05/camera	0		fighter/popo/camera/c05
fighter/pikachu/c02/cmn	0		fighter/pikachu/cmn
fighter/nana/result/c02	0		-
fighter/ness/camera/c02	4	404751-404754	-
fighter/wolf/result/c00	0		-
fighter/rosetta/c06/cmn	0		fighter/rosetta/cmn
fighter/richter/c00/cmn	0		fighter/richter/cmn
fighter/robot/movie/c02	0		-
fighter/lucas/movie/c02	0		-
fighter/luigi/movie/c01	0		-
fighter/nana/c03/camera	0		fighter/nana/camera/c03
fighter/ness/c04/camera	0		fighter/ness/camera/c04
item/st_ice_yasai/model	0		-
fighter/falco/movie/c03	0		-
fighter/ness/result/c06	0		-
fighter/nana/camera/c06	0		-
fighter/koopajr/c02/cmn	0		fighter/koopajr/cmn
fighter/murabito/cmn/ai	2	404771-404772	-
fighter/zelda/kirbycopy	0		-
fighter/link/camera/c03	4	404773-404776	-
item/peachdaikon/motion	0		-
item/freezer/model/body	0		-
fighter/pitb/finalsmash	0		-
fighter/mario/movie/c02	0		-
fighter/wolf/camera/c04	8	404805-404812	-
fighter/purin/movie/c06	0		-
fighter/sonic/kirbycopy	0		-
item/starrodshot/motion	0		-
fighter/purin/movie/c02	0		-
fighter/wolf/camera/c00	8	404827-404834	-
fighter/miienemyf/movie	0		-
fighter/toonlink/result	0		-
fighter/ness/c03/camera	0		fighter/ness/camera/c03
fighter/nana/c04/camera	0		fighter/nana/camera/c04
fighter/mario/movie/c06	0		-
fighter/popo/c02/camera	0		fighter/popo/camera/c02
fighter/element/c06/cmn	0		fighter/element/cmn
fighter/link/camera/c07	4	404844-404847	-
fighter/ness/result/c02	0		-
fighter/nana/camera/c02	0		-
fighter/robot/movie/c03	0		-
fighter/lucas/movie/c03	0		-
fighter/luigi/movie/c00	0		-
fighter/falco/movie/c02	0		-
fighter/wolf/result/c01	0		-
fighter/koopajr/c00/cmn	0		fighter/koopajr/cmn
fighter/nana/result/c03	0		-
fighter/ness/camera/c03	4	404863-404866	-
item/box/script/animcmd	0		-
fighter/buddy/movie/c05	0		-
fighter/link/result/c06	0		-
fighter/sheik/movie/c06	0		-
fighter/samus/movie/c00	0		-
fighter/sheik/movie/c02	0		-
fighter/link/result/c02	0		-
fighter/samus/movie/c04	0		-
fighter/element/c04/cmn	0		fighter/element/cmn
fighter/buddy/movie/c01	0		-
item/st_ice_yasai/param	1	404867	-
fighter/littlemac/movie	0		-
fighter/ptrainer/camera	0		-
fighter/nana/result/c07	0		-
fighter/ness/camera/c07	4	404868-404871	-
fighter/link/c03/camera	0		fighter/link/camera/c03
fighter/wolf/result/c05	0		-
fighter/luigi/movie/c04	0		-
fighter/lucas/movie/c07	0		-
fighter/robot/movie/c07	0		-
fighter/falco/movie/c06	0		-
fighter/ness/result/c03	0		-
fighter/nana/camera/c03	0		-
fighter/pichu/kirbycopy	0		-
fighter/gaogaen/c03/cmn	0		fighter/gaogaen/cmn
item/daisydaikon/script	0		-
fighter/link/camera/c06	4	404908-404911	-
fighter/mario/movie/c07	0		-
fighter/captain/c01/cmn	0		fighter/captain/cmn
fighter/purin/movie/c03	0		-
fighter/wolf/camera/c01	8	404912-404919	-
fighter/wolf/camera/c05	8	404935-404942	-
fighter/purin/movie/c07	0		-
fighter/rosetta/c04/cmn	0		fighter/rosetta/cmn
fighter/richter/c02/cmn	0		fighter/richter/cmn
fighter/link/c04/camera	0		fighter/link/camera/c04
item/fairybottle/camera	0		-
item/smokescreen/motion	0		-
item/deathscythe/script	0		-
item/killer/motion/body	0		-
fighter/mario/movie/c03	0		-
item/egg/model/body/c00	11	404957-404967	-
fighter/link/camera/c02	4	404968-404971	-
fighter/ness/result/c07	0		-
fighter/nana/camera/c07	0		-
fighter/pikachu/c00/cmn	0		fighter/pikachu/cmn
item/log/model/body/c00	15	404986-405000	-
fighter/cloud/movie/c04	0		-
fighter/dolly/kirbycopy	0		-
fighter/chrom/movie/c05	0		-
item/bomber/motion/body	0		-
fighter/daisy/movie/c00	0		-
fighter/pitb/result/c06	0		-
item/honeycombbee/model	0		-
fighter/peach/movie/c02	0		-
fighter/gekkouga/camera	0		-
fighter/jack/c01/camera	0		fighter/jack/camera/c01
fighter/lucario/c07/cmn	0		fighter/lucario/cmn
fighter/ness/finalsmash	0		-
item/maximtomato/motion	0		-
fighter/pitb/c03/camera	0		fighter/pitb/camera/c03
fighter/wolf/c00/camera	0		fighter/wolf/camera/c00
item/dolphinbomb/effect	0		-
item/homerunbathr/param	0		-
fighter/rockman/c02/cmn	0		fighter/rockman/cmn
item/togezoshell/motion	0		-
item/hammer/motion/body	0		-
fighter/pitb/result/c02	0		-
item/sandbag/model/body	0		-
fighter/daisy/movie/c04	0		-
fighter/peach/movie/c06	0		-
item/box/model/body/c01	16	405076-405091	-
fighter/cloud/movie/c00	0		-
fighter/chrom/movie/c01	0		-
fighter/jack/c06/camera	0		fighter/jack/camera/c06
fighter/inkling/c07/cmn	0		fighter/inkling/cmn
fighter/nana/finalsmash	0		-
item/pacmanmelon/motion	0		-
fighter/simon/kirbycopy	0		-
fighter/diddy/movie/c04	0		-
fighter/ganon/movie/c06	0		-
fighter/snake/movie/c01	0		-
item/diddypeanuts/param	1	405120	-
fighter/bayonetta/movie	0		-
fighter/pitb/camera/c06	4	405121-405124	-
fighter/snake/movie/c05	0		-
fighter/pitb/camera/c02	4	405139-405142	-
fighter/ganon/movie/c02	0		-
fighter/diddy/movie/c00	0		-
item/snakegrenade/param	0		-
fighter/wolf/c07/camera	0		fighter/wolf/camera/c07
fighter/wario/kirbycopy	0		-
fighter/pitb/c04/camera	0		fighter/pitb/camera/c04
item/toonlinkbomb/model	0		-
item/specialflag/motion	0		-
fighter/dolly/movie/c03	0		-
item/goldenhammer/model	0		-
fighter/ptrainer/append	0		-
item/pacmancherry/param	0		-
fighter/jack/append/c05	71	43377-43385,404292-404324,405144-405172	-
fighter/jack/result/c07	79	405173-405251	-
fighter/popo/camera/c01	4	405252-405255	-
fighter/popo/camera/c05	4	405256-405259	-
fighter/inkling/c06/cmn	0		fighter/inkling/cmn
fighter/jack/append/c01	71	44940-44948,404292-404324,405260-405288	-
fighter/jack/result/c03	79	40781-40783,40861-40870,405289-405354	-
fighter/dolly/movie/c07	0		-
fighter/edge/c00/camera	0		fighter/edge/camera/c00
fighter/marth/movie/c04	0		-
fighter/jack/camera/c07	10	405373-405382	-
fighter/shulk/movie/c02	0		-
fighter/rockman/c03/cmn	0		fighter/rockman/cmn
fighter/krool/movie/c00	0		-
fighter/popo/result/c01	0		-
fighter/wario/movie/c07	0		-
fighter/simon/movie/c03	0		-
item/deathscythe/camera	0		-
fighter/kamui/movie/c02	0		-
fighter/trail/movie/c04	0		-
item/fairybottle/script	0		-
fighter/kirby/movie/c03	0		-
fighter/trail/movie/c00	0		-
fighter/ptrainer/result	0		-
fighter/kirby/movie/c07	0		-
fighter/simon/movie/c07	0		-
fighter/edge/c07/camera	0		fighter/edge/camera/c07
fighter/kamui/movie/c06	0		-
fighter/lucario/c06/cmn	0		fighter/lucario/cmn
item/daisydaikon/camera	0		-
item/banana/motion/body	0		-
fighter/krool/movie/c04	0		-
fighter/wario/movie/c03	0		-
fighter/popo/result/c05	0		-
fighter/jack/camera/c03	10	405440-405449	-
fighter/marth/movie/c00	0		-
fighter/shulk/movie/c06	0		-
fighter/robot/kirbycopy	0		-
fighter/lucas/kirbycopy	0		-
fighter/rosetta/c05/cmn	0		fighter/rosetta/cmn
fighter/richter/c03/cmn	0		fighter/richter/cmn
fighter/pfushigisou/c02	429	353474-353510,405468-405859	-
fighter/demon/movie/c01	0		-
fighter/edge/result/c01	0		-
item/barrel/motion/body	0		-
fighter/pikachu/c01/cmn	0		fighter/pikachu/cmn
item/ripstickshot/param	1	405890	-
fighter/edge/result/c05	0		-
fighter/nana/c01/camera	0		fighter/nana/camera/c01
fighter/gaogaen/c02/cmn	0		fighter/gaogaen/cmn
fighter/ness/c06/camera	0		fighter/ness/camera/c06
fighter/pfushigisou/c06	429	351115-351151,405891-406282	-
fighter/gekkouga/append	0		-
fighter/popo/c07/camera	0		fighter/popo/camera/c07
fighter/demon/movie/c05	0		-
item/raygun/motion/body	0		-
fighter/pzenigame/movie	0		-
fighter/captain/c00/cmn	0		fighter/captain/cmn
fighter/brave/movie/c01	1	406283	-
fighter/pichu/movie/c03	0		-
fighter/yoshi/movie/c04	0		-
fighter/edge/camera/c01	5	406284-406288	-
fighter/zelda/movie/c06	0		-
fighter/element/c05/cmn	0		fighter/element/cmn
item/peachdaikon/effect	0		-
fighter/koopa/movie/c01	0		-
fighter/gekkouga/result	0		-
fighter/purin/kirbycopy	0		-
fighter/sonic/movie/c06	0		-
fighter/popo/c00/camera	0		fighter/popo/camera/c00
fighter/sonic/movie/c02	0		-
fighter/koopa/movie/c05	0		-
fighter/mario/kirbycopy	0		-
fighter/zelda/movie/c02	0		-
fighter/jack/finalsmash	0		-
item/chewing/model/body	0		-
fighter/koopajr/c01/cmn	0		fighter/koopajr/cmn
fighter/brave/movie/c05	1	406327	-
fighter/ness/c01/camera	0		fighter/ness/camera/c01
fighter/nana/c06/camera	0		fighter/nana/camera/c06
item/starrodshot/effect	0		-
fighter/yoshi/movie/c00	0		-
fighter/edge/camera/c05	5	406328-406332	-
fighter/pichu/movie/c07	0		-
fighter/link/c05/camera	0		fighter/link/camera/c05
fighter/gaogaen/c06/cmn	0		fighter/gaogaen/cmn
fighter/krool/movie/c06	0		-
fighter/wario/movie/c01	0		-
fighter/popo/result/c07	0		-
fighter/jack/camera/c01	10	406361-406370	-
fighter/marth/movie/c02	0		-
fighter/ptrainer/cmn/ai	0		-
fighter/shulk/movie/c04	0		-
item/fairybottle/motion	0		-
fighter/trail/movie/c02	0		-
fighter/captain/c04/cmn	0		fighter/captain/cmn
fighter/kirby/movie/c05	0		-
fighter/simon/movie/c05	0		-
fighter/kamui/movie/c04	0		-
item/smokescreen/camera	0		-
fighter/simon/movie/c01	0		-
fighter/rosetta/c01/cmn	0		fighter/rosetta/cmn
fighter/richter/c07/cmn	0		fighter/richter/cmn
fighter/kamui/movie/c00	0		-
fighter/trail/movie/c06	0		-
fighter/snake/kirbycopy	0		-
fighter/kirby/movie/c01	0		-
fighter/link/cmn/effect	8	406387-406394	-
fighter/marth/movie/c06	0		-
fighter/jack/camera/c05	10	406395-406404	-
fighter/shulk/movie/c00	0		-
fighter/edge/finalsmash	0		-
fighter/krool/movie/c02	0		-
fighter/pikachu/c05/cmn	0		fighter/pikachu/cmn
fighter/popo/result/c03	0		-
fighter/wario/movie/c05	0		-
fighter/dolly/movie/c05	0		-
fighter/chrom/kirbycopy	0		-
fighter/popo/camera/c07	4	406434-406437	-
fighter/koopajr/c05/cmn	0		fighter/koopajr/cmn
fighter/link/c02/camera	0		fighter/link/camera/c02
fighter/jack/append/c03	71	40861-40869,404292-404324,405312-405340	-
fighter/jack/result/c01	79	44860-44862,44940-44949,405260-405288,406438-406474	-
fighter/jack/append/c07	71	404292-404324,405196-405224,405228-405236	-
fighter/jack/result/c05	79	43297-43299,43377-43386,405144-405172,406475-406511	-
fighter/element/c01/cmn	0		fighter/element/cmn
item/chicken/model/body	0		-
fighter/popo/camera/c03	4	406514-406517	-
fighter/dolly/movie/c01	0		-
item/pacmanorange/model	0		-
item/st_crab/model/body	0		-
fighter/zelda/movie/c00	0		-
fighter/brave/movie/c07	1	406566	-
item/specialflag/camera	0		-
fighter/yoshi/movie/c02	0		-
fighter/edge/camera/c07	5	406568-406572	-
fighter/inkling/c02/cmn	0		fighter/inkling/cmn
fighter/pichu/movie/c05	0		-
item/dragoon/model/body	0		-
fighter/wolf/c06/camera	0		fighter/wolf/camera/c06
fighter/pitb/c05/camera	0		fighter/pitb/camera/c05
fighter/sonic/movie/c00	0		-
fighter/koopa/movie/c07	0		-
fighter/koopa/movie/c03	0		-
fighter/pitb/cmn/effect	3	406588-406590	-
fighter/jack/c07/camera	0		fighter/jack/camera/c07
item/pacmanmelon/camera	0		-
fighter/sonic/movie/c04	0		-
fighter/brave/movie/c03	1	406591	-
fighter/pichu/movie/c01	0		-
fighter/yoshi/movie/c06	0		-
fighter/edge/camera/c03	5	406592-406596	-
item/dragoonsight/param	1	406597	-
fighter/zelda/movie/c04	0		-
fighter/gekkouga/cmn/ai	2	406616-406617	-
fighter/pfushigisou/c04	429	330542-330578,406618-407009	-
fighter/younglink/movie	0		-
fighter/pitb/c02/camera	0		fighter/pitb/camera/c02
item/bumper/motion/body	0		-
fighter/demon/movie/c07	0		-
item/togezoshell/camera	0		-
fighter/wolf/c01/camera	0		fighter/wolf/camera/c01
fighter/buddy/kirbycopy	0		-
item/pacmanapple/effect	0		-
fighter/miienemyg/movie	0		-
item/maximtomato/camera	0		-
item/pasaran/model/body	0		-
item/st_fruitbomb/param	1	407054	-
fighter/edge/result/c07	0		-
fighter/lucario/c02/cmn	0		fighter/lucario/cmn
fighter/edge/result/c03	0		-
fighter/popo/finalsmash	0		-
fighter/rockman/c07/cmn	0		fighter/rockman/cmn
fighter/jack/c00/camera	0		fighter/jack/camera/c00
fighter/pfushigisou/c00	429	328139-328175,407074-407465	-
fighter/demon/movie/c03	0		-
fighter/rockman/c06/cmn	0		fighter/rockman/cmn
fighter/link/camera/c00	4	407466-407469	-
item/daisydaikon/motion	0		-
fighter/ness/result/c05	0		-
fighter/nana/camera/c05	0		-
fighter/edge/c06/camera	0		fighter/edge/camera/c06
item/thunder/model/body	0		-
fighter/purin/movie/c05	0		-
fighter/wolf/camera/c07	8	407470-407477	-
item/pickelobject/model	0		-
fighter/mario/movie/c01	0		-
fighter/koopa/kirbycopy	0		-
item/deathscythe/motion	0		-
item/smokescreen/script	0		-
fighter/mario/movie/c05	0		-
fighter/wolf/camera/c03	8	407478-407485	-
fighter/purin/movie/c01	0		-
fighter/brave/kirbycopy	0		-
fighter/ness/result/c01	0		-
fighter/nana/camera/c01	0		-
fighter/lucario/c03/cmn	0		fighter/lucario/cmn
fighter/link/camera/c04	4	407486-407489	-
fighter/wolf/result/c07	0		-
fighter/luigi/movie/c06	0		-
fighter/robot/movie/c05	0		-
fighter/lucas/movie/c05	0		-
fighter/falco/movie/c04	0		-
fighter/link/result/c00	0		-
fighter/sheik/movie/c00	0		-
item/pitfall/model/body	0		-
fighter/samus/movie/c06	0		-
fighter/buddy/movie/c03	0		-
fighter/edge/c01/camera	0		fighter/edge/camera/c01
item/pellet/motion/body	0		-
fighter/nana/result/c05	0		-
fighter/ness/camera/c05	4	407504-407507	-
fighter/inkling/c03/cmn	0		fighter/inkling/cmn
fighter/nana/result/c01	0		-
fighter/ness/camera/c01	4	407508-407511	-
fighter/buddy/movie/c07	0		-
item/thundersword/param	1	407512	-
fighter/sheik/movie/c04	0		-
fighter/link/result/c04	0		-
fighter/samus/movie/c02	0		-
fighter/lucas/movie/c01	0		-
fighter/robot/movie/c01	0		-
fighter/luigi/movie/c02	0		-
item/chickenparty/param	0		-
fighter/falco/movie/c00	0		-
fighter/wolf/result/c03	0		-
fighter/demon/kirbycopy	0		-
fighter/popo/c01/camera	0		fighter/popo/camera/c01
fighter/element/c00/cmn	0		fighter/element/cmn
fighter/snake/movie/c07	0		-
fighter/pitb/camera/c00	4	407528-407531	-
item/pacmanmelon/script	0		-
fighter/ness/c00/camera	0		fighter/ness/camera/c00
fighter/ganon/movie/c00	0		-
fighter/diddy/movie/c02	0		-
fighter/nana/c07/camera	0		fighter/nana/camera/c07
fighter/diddy/movie/c06	0		-
fighter/wolf/finalsmash	0		-
fighter/ganon/movie/c04	0		-
fighter/snake/movie/c03	0		-
fighter/pitb/camera/c04	4	407532-407535	-
item/specialflag/script	0		-
item/starrod/model/body	0		-
fighter/koopajr/c04/cmn	0		fighter/koopajr/cmn
fighter/pitb/result/c00	0		-
fighter/daisy/movie/c06	0		-
fighter/peach/movie/c04	0		-
fighter/nana/c00/camera	0		fighter/nana/camera/c00
fighter/cloud/movie/c02	0		-
fighter/ness/c07/camera	0		fighter/ness/camera/c07
fighter/chrom/movie/c03	0		-
fighter/rosetta/c00/cmn	0		fighter/rosetta/cmn
fighter/richter/c06/cmn	0		fighter/richter/cmn
fighter/popo/c06/camera	0		fighter/popo/camera/c06
fighter/pikachu/c04/cmn	0		fighter/pikachu/cmn
item/walkmushshot/model	0		-
item/magicpotwind/model	0		-
fighter/gaogaen/c07/cmn	0		fighter/gaogaen/cmn
item/maximtomato/script	0		-
fighter/cloud/movie/c06	0		-
fighter/chrom/movie/c07	0		-
fighter/daisy/movie/c02	0		-
fighter/pitb/result/c04	0		-
fighter/captain/c05/cmn	0		fighter/captain/cmn
item/togezoshell/script	0		-
fighter/peach/movie/c00	0		-
fighter/krool/kirbycopy	0		-
fighter/pikachu/c06/cmn	0		fighter/pikachu/cmn
item/fairybottle/effect	0		-
fighter/snake/movie/c02	0		-
fighter/link/c07/camera	0		fighter/link/camera/c07
fighter/pitb/camera/c05	4	407594-407597	-
fighter/rosetta/c02/cmn	0		fighter/rosetta/cmn
fighter/richter/c04/cmn	0		fighter/richter/cmn
fighter/diddy/movie/c07	0		-
fighter/ganon/movie/c05	0		-
fighter/ganon/movie/c01	0		-
fighter/diddy/movie/c03	0		-
fighter/trail/kirbycopy	0		-
fighter/snake/movie/c06	0		-
fighter/captain/c07/cmn	0		fighter/captain/cmn
fighter/pitb/camera/c01	4	407600-407603	-
fighter/marth/kirbycopy	0		-
fighter/gaogaen/c05/cmn	0		fighter/gaogaen/cmn
fighter/daisy/movie/c03	0		-
fighter/pitb/result/c05	0		-
fighter/peach/movie/c01	0		-
fighter/link/c00/camera	0		fighter/link/camera/c00
fighter/gamewatch/movie	0		-
fighter/cloud/movie/c07	0		-
item/capsule/model/body	0		-
fighter/chrom/movie/c06	0		-
fighter/element/c02/cmn	0		fighter/element/cmn
fighter/koopajr/c06/cmn	0		fighter/koopajr/cmn
fighter/cloud/movie/c03	0		-
fighter/duckhunt/camera	0		-
fighter/chrom/movie/c02	0		-
item/walkmushshot/param	1	407661	-
fighter/pitb/result/c01	0		-
fighter/daisy/movie/c07	0		-
fighter/palutena/cmn/ai	2	407662-407663	-
fighter/peach/movie/c05	0		-
item/magicpotwind/param	1	407664	-
item/box/model/body/c02	10	407665-407674	-
fighter/wolf/c04/camera	0		fighter/wolf/camera/c04
fighter/pitb/c07/camera	0		fighter/pitb/camera/c07
fighter/jack/cmn/effect	11	407675-407685	-
item/pickelobject/param	1	407687	-
fighter/link/camera/c05	4	407688-407691	-
fighter/ness/result/c00	0		-
fighter/nana/camera/c00	0		-
fighter/toonlink/cmn/ai	2	407692-407693	-
fighter/wolf/camera/c02	8	407694-407701	-
fighter/purin/movie/c00	0		-
item/peachdaikon/script	0		-
fighter/mario/movie/c04	0		-
fighter/murabito/result	0		-
fighter/mario/movie/c00	0		-
fighter/purin/movie/c04	0		-
fighter/wolf/camera/c06	8	407702-407709	-
item/starrodshot/script	0		-
fighter/ness/result/c04	0		-
fighter/nana/camera/c04	0		-
fighter/inkling/c01/cmn	0		fighter/inkling/cmn
fighter/yoshi/kirbycopy	0		-
fighter/jack/c05/camera	0		fighter/jack/camera/c05
fighter/link/camera/c01	4	407712-407715	-
fighter/murabito/append	0		-
fighter/wolf/result/c02	0		-
fighter/lucas/movie/c00	0		-
fighter/robot/movie/c00	0		-
fighter/luigi/movie/c03	0		-
item/dolphinbomb/camera	0		-
item/pacmanapple/motion	0		-
fighter/falco/movie/c01	0		-
item/prizehr/model/body	0		-
fighter/buddy/movie/c06	0		-
fighter/link/result/c05	0		-
fighter/sheik/movie/c05	0		-
fighter/samus/movie/c03	0		-
fighter/pitb/c00/camera	0		fighter/pitb/camera/c00
fighter/rockman/c04/cmn	0		fighter/rockman/cmn
fighter/wolf/c03/camera	0		fighter/wolf/camera/c03
fighter/nana/result/c00	0		-
fighter/ness/camera/c00	4	407730-407733	-
fighter/lucario/c01/cmn	0		fighter/lucario/cmn
fighter/jack/c02/camera	0		fighter/jack/camera/c02
fighter/nana/result/c04	0		-
fighter/ness/camera/c04	4	407735-407738	-
fighter/sheik/movie/c01	0		-
fighter/link/result/c01	0		-
fighter/samus/movie/c07	0		-
fighter/buddy/movie/c02	0		-
item/chickenparty/model	0		-
fighter/luigi/movie/c07	0		-
fighter/robot/movie/c04	0		-
fighter/lucas/movie/c04	0		-
item/thundersword/model	0		-
fighter/falco/movie/c05	0		-
fighter/wolf/result/c06	0		-
fighter/zelda/movie/c05	0		-
fighter/lucario/c00/cmn	0		fighter/lucario/cmn
fighter/brave/movie/c02	1	407773	-
fighter/pichu/movie/c00	0		-
fighter/yoshi/movie/c07	0		-
fighter/edge/camera/c02	5	407774-407778	-
fighter/sonic/movie/c05	0		-
fighter/koopa/movie/c02	0		-
item/daisydaikon/effect	0		-
fighter/edge/c04/camera	0		fighter/edge/camera/c04
fighter/koopa/movie/c06	0		-
item/dragoonsight/model	0		-
fighter/sonic/movie/c01	0		-
fighter/brave/movie/c06	1	407800	-
fighter/duckhunt/result	0		-
fighter/yoshi/movie/c03	0		-
fighter/edge/camera/c06	5	407802-407806	-
fighter/pichu/movie/c04	0		-
fighter/zelda/movie/c01	0		-
fighter/rockman/c05/cmn	0		fighter/rockman/cmn
item/deathscythe/effect	0		-
item/st_fruitbomb/model	0		-
fighter/pfushigisou/c01	429	335560-335596,407825-408216	-
fighter/demon/movie/c02	0		-
fighter/luigi/kirbycopy	0		-
fighter/edge/c03/camera	0		fighter/edge/camera/c03
fighter/samus/kirbycopy	0		-
fighter/duckhunt/append	0		-
fighter/edge/result/c02	0		-
fighter/inkling/c00/cmn	0		fighter/inkling/cmn
fighter/edge/result/c06	0		-
fighter/pfushigisou/c05	429	333166-333202,408274-408665	-
fighter/demon/movie/c06	0		-
fighter/krool/movie/c03	0		-
fighter/koopajr/c07/cmn	0		fighter/koopajr/cmn
fighter/popo/result/c02	0		-
fighter/wario/movie/c04	0		-
fighter/marth/movie/c07	0		-
fighter/jack/camera/c04	10	408694-408703	-
fighter/shulk/movie/c01	0		-
fighter/ness/c02/camera	0		fighter/ness/camera/c02
fighter/nana/c05/camera	0		fighter/nana/camera/c05
fighter/trail/movie/c07	0		-
fighter/kirby/movie/c00	0		-
item/starrodshot/camera	0		-
fighter/popo/c03/camera	0		fighter/popo/camera/c03
fighter/simon/movie/c00	0		-
fighter/kamui/movie/c01	0		-
fighter/simon/movie/c04	0		-
fighter/kamui/movie/c05	0		-
fighter/diddy/kirbycopy	0		-
item/peachdaikon/camera	0		-
fighter/trail/movie/c03	0		-
fighter/kirby/movie/c04	0		-
fighter/jack/camera/c00	10	408720-408729	-
fighter/element/c03/cmn	0		fighter/element/cmn
fighter/marth/movie/c03	0		-
fighter/shulk/movie/c05	0		-
fighter/krool/movie/c07	0		-
fighter/wario/movie/c00	0		-
fighter/nana/cmn/effect	0		-
fighter/popo/result/c06	0		-
fighter/popo/c04/camera	0		fighter/popo/camera/c04
fighter/daisy/kirbycopy	0		-
fighter/captain/c06/cmn	0		fighter/captain/cmn
fighter/dolly/movie/c00	0		-
fighter/popo/camera/c02	4	408787-408790	-
fighter/gaogaen/c04/cmn	0		fighter/gaogaen/cmn
fighter/nana/c02/camera	0		fighter/nana/camera/c02
fighter/jack/append/c06	71	404292-404324,404452-404480,404484-404492	-
fighter/ness/c05/camera	0		fighter/ness/camera/c05
fighter/jack/result/c04	79	59353-59355,59433-59442,404400-404428,408792-408828	-
fighter/jack/append/c02	71	27003-27011,404292-404324,404348-404376	-
item/pacmanorange/param	0		-
fighter/murabito/camera	0		-
fighter/jack/result/c00	79	57881-57893,404263-404291,408829-408865	-
fighter/popo/camera/c06	4	408866-408869	-
fighter/ness/cmn/effect	1	408870	-
fighter/pikachu/c07/cmn	0		fighter/pikachu/cmn
fighter/cloud/kirbycopy	0		-
item/dolphinbomb/script	0		-
fighter/dolly/movie/c04	0		-
fighter/rosetta/c03/cmn	0		fighter/rosetta/cmn
fighter/richter/c05/cmn	0		fighter/richter/cmn
fighter/snake/finalsmash	0		-
fighter/wiifit/movie/c04	0		-
fighter/marth/result/c04	0		-
fighter/dolly/camera/c06	9	408871-408879	-
fighter/szerosuit/cmn/ai	2	408880-408881	-
fighter/simon/finalsmash	0		-
item/st_ice_yasai/effect	0		-
fighter/donkey/movie/c04	0		-
fighter/trail/finalsmash	0		-
fighter/wario/camera/c03	5	408882-408886	-
fighter/dedede/movie/c01	0		-
fighter/sonic/camera/c06	4	408887-408890	-
fighter/krool/finalsmash	0		-
fighter/kamui/c02/camera	0		fighter/kamui/camera/c02
fighter/mario/finalsmash	0		-
fighter/pichu/c00/camera	0		fighter/pichu/camera/c00
fighter/miienemyg/camera	0		-
item/wood/script/animcmd	0		-
fighter/ganon/result/c00	0		-
fighter/chrom/result/c03	0		-
fighter/gekkouga/c00/cmn	0		fighter/gekkouga/cmn
fighter/ganon/result/c04	0		-
fighter/sonic/c04/camera	0		fighter/sonic/camera/c04
fighter/chrom/result/c07	0		-
fighter/dolly/c04/camera	0		fighter/dolly/camera/c04
fighter/murabito/c02/cmn	0		fighter/murabito/cmn
fighter/donkey/movie/c00	0		-
item/club/model/body/c00	15	409614-409628	-
fighter/diddy/c01/camera	0		fighter/diddy/camera/c01
fighter/sonic/camera/c02	4	409646-409649	-
fighter/wario/camera/c07	5	409650-409654	-
fighter/dedede/movie/c05	0		-
fighter/dolly/camera/c02	9	409655-409663	-
fighter/marth/result/c00	0		-
fighter/wiifit/movie/c00	0		-
item/toonlinkbomb/effect	0		-
item/pacmancherry/motion	0		-
fighter/pichu/c07/camera	0		fighter/pichu/camera/c07
fighter/kamui/c05/camera	0		fighter/kamui/camera/c05
fighter/chrom/camera/c03	5	409664-409668	-
fighter/ganon/camera/c00	4	409669-409672	-
fighter/pickel/movie/c01	1	409673	-
fighter/lucina/movie/c02	0		-
fighter/dolly/result/c06	0		-
fighter/marth/camera/c04	5	409698-409702	-
fighter/mariod/movie/c07	0		-
fighter/wario/result/c03	0		-
fighter/miienemyf/cmn/ai	2	409703-409704	-
fighter/packun/movie/c02	0		-
item/linkbomb/model/body	0		-
fighter/sonic/result/c06	23	409705-409727	-
fighter/packun/movie/c06	0		-
fighter/sonic/result/c02	23	409728-409750	-
fighter/mariod/movie/c03	0		-
fighter/wario/result/c07	0		-
fighter/younglink/cmn/ai	2	409751-409752	-
fighter/diddy/c06/camera	0		fighter/diddy/camera/c06
fighter/lucina/movie/c06	0		-
fighter/marth/camera/c00	5	409754-409758	-
fighter/dolly/result/c02	0		-
fighter/sonic/c03/camera	0		fighter/sonic/camera/c03
fighter/chrom/camera/c07	5	409759-409763	-
fighter/kamui/cmn/effect	12	409764-409775	-
fighter/eflame/kirbycopy	0		-
fighter/duckhunt/c01/cmn	0		fighter/duckhunt/cmn
fighter/ganon/camera/c04	4	409776-409779	-
fighter/pickel/movie/c05	1	409780	-
item/poweresa/model/body	0		-
fighter/dolly/c03/camera	0		fighter/dolly/camera/c03
fighter/pichu/result/c05	0		-
fighter/wario/finalsmash	0		-
fighter/trail/camera/c03	8	409781-409788	-
fighter/purin/c05/camera	0		fighter/purin/camera/c05
fighter/robot/c01/camera	0		fighter/robot/camera/c01
fighter/koopag/kirbycopy	0		-
fighter/sheik/c02/camera	0		fighter/sheik/camera/c02
fighter/simon/camera/c03	8	409789-409796	-
fighter/snake/camera/c03	5	409797-409801	-
fighter/ptrainer/c04/cmn	0		fighter/ptrainer/cmn
fighter/zelda/result/c00	0		-
item/bombhei/motion/body	0		-
fighter/gamewatch/result	0		-
item/snakegrenade/motion	0		-
fighter/kirby/camera/c00	4	409833-409836	-
fighter/brave/c05/camera	0		fighter/brave/camera/c05
fighter/mario/camera/c03	5	409837-409841	-
fighter/buddy/result/c06	36	409842-409877	-
fighter/elight/movie/c00	0		-
fighter/krool/camera/c03	8	409878-409885	-
fighter/yoshi/camera/c06	5	409886-409890	-
fighter/daisy/camera/c00	4	409891-409894	-
fighter/buddy/result/c02	36	409895-409930	-
fighter/elight/movie/c04	0		-
fighter/mario/camera/c07	5	409931-409935	-
fighter/daisy/camera/c04	4	409936-409939	-
fighter/brave/cmn/effect	7	409940-409946	-
fighter/krool/camera/c07	8	409947-409954	-
fighter/yoshi/camera/c02	5	409955-409959	-
fighter/peach/c06/camera	0		fighter/peach/camera/c06
fighter/koopa/c02/camera	0		fighter/koopa/camera/c02
fighter/zelda/result/c04	0		-
fighter/kirby/camera/c04	4	409975-409978	-
fighter/toonlink/c00/cmn	0		fighter/toonlink/cmn
fighter/simon/camera/c07	8	409979-409986	-
fighter/purin/cmn/effect	1	409987	-
item/younglinkbomb/model	0		-
fighter/buddy/c03/camera	0		fighter/buddy/camera/c03
fighter/snake/camera/c07	5	409988-409992	-
fighter/yoshi/c04/camera	0		fighter/yoshi/camera/c04
fighter/trail/camera/c07	8	409993-410000	-
fighter/pichu/result/c01	0		-
fighter/brave/c02/camera	0		fighter/brave/camera/c02
fighter/kirby/result/c00	11	173851,410018-410027	-
fighter/zelda/camera/c00	4	410028-410031	-
fighter/chrom/finalsmash	0		-
fighter/pikmin/kirbycopy	0		-
fighter/daisy/result/c00	0		-
fighter/yoshi/result/c06	0		-
fighter/krool/result/c03	0		-
fighter/palutena/c06/cmn	0		fighter/palutena/cmn
fighter/mario/result/c03	0		-
fighter/koopa/cmn/effect	1	410032	-
item/goldenhammer/effect	0		-
fighter/buddy/camera/c06	8	410033-410040	-
fighter/sheik/c05/camera	0		fighter/sheik/camera/c05
fighter/robot/c06/camera	0		fighter/robot/camera/c06
fighter/trail/result/c03	0		-
fighter/purin/c02/camera	0		fighter/purin/camera/c02
fighter/pichu/camera/c05	4	410041-410044	-
fighter/tantan/movie/c00	0		-
fighter/snake/result/c03	0		-
fighter/simon/result/c03	21	410046-410066	-
fighter/sheik/cmn/effect	3	410067-410069	-
fighter/yoshi/c03/camera	0		fighter/yoshi/camera/c03
item/pitfall/motion/body	0		-
fighter/snake/result/c07	0		-
fighter/simon/result/c07	21	410070-410090	-
fighter/buddy/c04/camera	0		fighter/buddy/camera/c04
item/chickenparty/script	0		-
fighter/tantan/movie/c04	0		-
item/capsule/motion/body	0		-
fighter/pichu/camera/c01	4	410106-410109	-
fighter/trail/result/c07	0		-
fighter/gamewatch/append	0		-
fighter/yoshi/result/c02	0		-
fighter/krool/result/c07	0		-
fighter/daisy/result/c04	0		-
fighter/buddy/camera/c02	8	410110-410117	-
fighter/mario/result/c07	0		-
fighter/kirby/result/c04	11	170280,410118-410127	-
fighter/koopa/c05/camera	0		fighter/koopa/camera/c05
fighter/zelda/camera/c04	4	410146-410149	-
fighter/peach/c01/camera	0		fighter/peach/camera/c01
fighter/master/movie/c01	0		-
item/diddypeanuts/motion	0		-
fighter/lucas/c07/camera	0		fighter/lucas/camera/c07
fighter/robot/result/c07	0		-
fighter/koopag/movie/c03	0		-
item/pickelobject/motion	0		-
fighter/reflet/movie/c05	0		-
fighter/samus/result/c05	0		-
fighter/peach/camera/c03	4	410257-410260	-
fighter/shizue/movie/c00	0		-
fighter/kamui/result/c00	0		-
fighter/shulk/c07/camera	0		fighter/shulk/camera/c07
fighter/miifighter/movie	0		-
fighter/ganon/c02/camera	0		fighter/ganon/camera/c02
fighter/mario/c06/camera	0		fighter/mario/camera/c06
fighter/palutena/c07/cmn	0		fighter/palutena/cmn
fighter/krool/c06/camera	0		fighter/krool/camera/c06
item/doseisan/model/body	0		-
fighter/falco/c07/camera	0		fighter/falco/camera/c07
fighter/shizue/movie/c04	0		-
fighter/peach/camera/c07	4	410261-410264	-
item/staffroulette/model	0		-
fighter/kamui/result/c04	0		-
fighter/reflet/movie/c01	0		-
fighter/simon/c06/camera	0		fighter/simon/camera/c06
fighter/snake/c06/camera	0		fighter/snake/camera/c06
fighter/samus/result/c01	0		-
fighter/miienemyg/append	0		-
fighter/trail/c06/camera	0		fighter/trail/camera/c06
fighter/master/movie/c05	0		-
item/magicpot/model/body	0		-
fighter/koopag/movie/c07	0		-
fighter/robot/result/c03	0		-
fighter/marth/c02/camera	0		fighter/marth/camera/c02
fighter/kamui/camera/c00	7	410268-410274	-
fighter/peach/result/c03	0		-
fighter/toonlink/c01/cmn	0		fighter/toonlink/cmn
fighter/ganon/c05/camera	0		fighter/ganon/camera/c05
fighter/shulk/c00/camera	0		fighter/shulk/camera/c00
fighter/pikmin/movie/c03	0		-
fighter/diddy/finalsmash	0		-
fighter/robot/camera/c07	4	410275-410278	-
fighter/ptrainer_low/c00	156	328111-328203,328331-328336,410279-410335	-
fighter/lucas/c00/camera	0		fighter/lucas/camera/c00
fighter/miienemyg/result	0		-
fighter/marth/cmn/effect	12	410336-410347	-
item/thundersword/motion	0		-
fighter/samus/camera/c05	4	410348-410351	-
fighter/samus/camera/c01	4	410352-410355	-
fighter/snake/c01/camera	0		fighter/snake/camera/c01
item/st_shell/model/body	0		-
fighter/simon/c01/camera	0		fighter/simon/camera/c01
fighter/ptrainer/c05/cmn	0		fighter/ptrainer/cmn
fighter/marth/c05/camera	0		fighter/marth/camera/c05
fighter/robot/camera/c03	4	410356-410359	-
fighter/trail/c01/camera	0		fighter/trail/camera/c01
fighter/ptrainer_low/c04	157	330514-330607,330735-330740,410360-410416	-
fighter/pikmin/movie/c07	0		-
fighter/krool/c01/camera	0		fighter/krool/camera/c01
item/kusudama/model/body	0		-
fighter/mario/c01/camera	0		fighter/mario/camera/c01
fighter/ganon/cmn/effect	5	410417-410421	-
fighter/kamui/camera/c04	7	410422-410428	-
fighter/falco/c00/camera	0		fighter/falco/camera/c00
fighter/peach/result/c07	0		-
fighter/sheik/result/c00	0		-
fighter/demon/c03/camera	0		fighter/demon/camera/c03
fighter/falco/camera/c01	6	410429-410434	-
fighter/luigi/c03/camera	0		fighter/luigi/camera/c03
fighter/purin/camera/c00	4	410435-410438	-
fighter/diddy/result/c03	17	100136-100150,410439-410440	-
fighter/shulk/camera/c05	6	410441-410446	-
item/homerunbathr/motion	0		-
fighter/cloud/camera/c06	5	410462-410466	-
fighter/mewtwo/movie/c05	0		-
fighter/brave/camera/c00	5	410467-410471	-
fighter/kirby/c05/camera	0		fighter/kirby/camera/c05
fighter/lucas/camera/c05	4	410607-410610	-
fighter/luigi/result/c02	0		-
fighter/zelda/c02/camera	0		fighter/zelda/camera/c02
item/st_fruitbomb/effect	0		-
fighter/koopa/result/c04	0		-
fighter/demon/result/c02	0		-
fighter/daisy/c05/camera	0		fighter/daisy/camera/c05
fighter/samusd/movie/c01	0		-
fighter/samus/c00/camera	0		fighter/samus/camera/c00
fighter/peach/finalsmash	0		-
fighter/duckhunt/c00/cmn	0		fighter/duckhunt/cmn
fighter/samusd/movie/c05	0		-
item/bananagunshot/param	1	410613	-
fighter/kirby/cmn/effect	8	410614-410621	-
item/pacmanorange/motion	0		-
fighter/cloud/c04/camera	0		fighter/cloud/camera/c04
fighter/chrom/c01/camera	0		fighter/chrom/camera/c01
fighter/daisy/cmn/effect	113	410622-410734	-
fighter/brave/camera/c04	5	410735-410739	-
fighter/pzenigame/cmn/ai	2	410741-410742	-
item/walkmush/model/body	0		-
item/dragoonsight/motion	0		-
fighter/demon/result/c06	0		-
fighter/koopa/result/c00	0		-
fighter/luigi/result/c06	0		-
fighter/lucas/camera/c01	4	410743-410746	-
fighter/shulk/camera/c01	6	410747-410752	-
fighter/diddy/result/c07	17	102746-102760,410753-410754	-
fighter/wario/c06/camera	0		fighter/wario/camera/c06
fighter/mewtwo/movie/c01	0		-
fighter/cloud/camera/c02	5	410755-410759	-
fighter/bayonetta/cmn/ai	2	410760-410761	-
fighter/sheik/result/c04	0		-
fighter/purin/camera/c04	4	410777-410780	-
fighter/falco/camera/c05	6	410782-410787	-
fighter/zelda/c05/camera	0		fighter/zelda/camera/c05
fighter/luigi/camera/c02	5	410789-410793	-
fighter/murabito/c03/cmn	0		fighter/murabito/cmn
fighter/lucas/result/c05	18	410794-410811	-
fighter/koopa/camera/c04	5	410812-410816	-
fighter/demon/camera/c02	11	410817-410827	-
fighter/kirby/c02/camera	0		fighter/kirby/camera/c02
fighter/brave/result/c00	0		-
fighter/ridley/movie/c04	0		-
fighter/eflame/movie/c07	0		-
fighter/samus/c07/camera	0		fighter/samus/camera/c07
fighter/daisy/c02/camera	0		fighter/daisy/camera/c02
fighter/gamewatch/camera	0		-
fighter/luigi/c04/camera	0		fighter/luigi/camera/c04
fighter/falco/result/c01	0		-
fighter/demon/c04/camera	0		fighter/demon/camera/c04
fighter/purin/result/c00	0		-
fighter/sheik/camera/c00	4	410828-410831	-
item/healball/model/body	0		-
item/chickenparty/camera	0		-
fighter/pacman/movie/c05	0		-
fighter/cloud/result/c06	0		-
item/teamhealfield/model	0		-
fighter/diddy/camera/c03	4	410832-410835	-
fighter/shulk/result/c05	0		-
item/ripstickshot/motion	0		-
fighter/mariod/kirbycopy	0		-
fighter/wario/c01/camera	0		fighter/wario/camera/c01
fighter/cloud/result/c02	0		-
fighter/shulk/result/c01	0		-
fighter/diddy/camera/c07	4	410836-410839	-
fighter/robot/finalsmash	0		-
fighter/purin/result/c04	0		-
fighter/falco/result/c05	0		-
fighter/pacman/movie/c01	0		-
item/thunder/motion/body	0		-
fighter/sheik/camera/c04	4	410840-410843	-
fighter/cloud/c03/camera	0		fighter/cloud/camera/c03
fighter/zelda/cmn/effect	17	410844-410860	-
fighter/ridley/movie/c00	0		-
fighter/chrom/c06/camera	0		fighter/chrom/camera/c06
fighter/gekkouga/c01/cmn	0		fighter/gekkouga/cmn
fighter/eflame/movie/c03	0		-
fighter/miienemys/cmn/ai	2	410861-410862	-
fighter/demon/camera/c06	11	410863-410873	-
fighter/koopa/camera/c00	5	410874-410878	-
item/explosionbomb/param	0		-
fighter/lucas/result/c01	18	410879-410896	-
fighter/luigi/camera/c06	5	410897-410901	-
fighter/brave/result/c04	0		-
fighter/sheik/result/c05	0		-
fighter/kamui/c00/camera	0		fighter/kamui/camera/c00
fighter/purin/camera/c05	4	410902-410905	-
fighter/pichu/c02/camera	0		fighter/pichu/camera/c02
fighter/falco/camera/c04	6	410906-410911	-
fighter/shulk/camera/c00	6	410912-410917	-
fighter/diddy/result/c06	17	90283-90297,410918-410919	-
fighter/plizardon/cmn/ai	2	410920-410921	-
fighter/mewtwo/movie/c00	0		-
fighter/cloud/camera/c03	9	410922-410930	-
fighter/brave/camera/c05	5	410946-410950	-
fighter/demon/result/c07	0		-
fighter/koopa/result/c01	0		-
item/st_ice_yasai/motion	0		-
fighter/luigi/result/c07	0		-
fighter/murabito/c01/cmn	0		fighter/murabito/cmn
fighter/lucas/camera/c00	4	410951-410954	-
fighter/samusd/movie/c04	0		-
fighter/littlemac/result	0		-
fighter/samusd/movie/c00	0		-
fighter/gekkouga/c03/cmn	0		fighter/gekkouga/cmn
fighter/diddy/c03/camera	0		fighter/diddy/camera/c03
item/toonlinkbomb/motion	0		-
fighter/brave/camera/c01	5	410957-410961	-
fighter/lucas/camera/c04	4	411389-411392	-
fighter/luigi/result/c03	0		-
fighter/koopa/result/c05	0		-
fighter/demon/result/c03	0		-
fighter/diddy/result/c02	17	92901-92915,411517-411518	-
fighter/shulk/camera/c04	6	411519-411524	-
fighter/sonic/c06/camera	0		fighter/sonic/camera/c06
fighter/cloud/camera/c07	9	411540-411548	-
fighter/mewtwo/movie/c04	0		-
fighter/sheik/result/c01	0		-
fighter/dolly/c06/camera	0		fighter/dolly/camera/c06
item/bananagunshot/model	0		-
fighter/falco/camera/c00	6	411551-411556	-
fighter/purin/camera/c01	4	411557-411560	-
fighter/demon/camera/c07	11	411568-411578	-
fighter/koopa/camera/c01	5	411579-411583	-
fighter/lucas/result/c00	18	411584-411601	-
fighter/luigi/camera/c07	5	411602-411606	-
fighter/brave/result/c05	0		-
item/teamhealfield/param	1	411607	-
fighter/duckhunt/c02/cmn	0		fighter/duckhunt/cmn
fighter/ridley/movie/c01	0		-
fighter/eflame/movie/c02	0		-
fighter/purin/result/c05	0		-
fighter/falco/result/c04	0		-
fighter/pichu/c05/camera	0		fighter/pichu/camera/c05
fighter/kamui/c07/camera	0		fighter/kamui/camera/c07
fighter/pacman/movie/c00	0		-
fighter/sheik/camera/c05	4	411608-411611	-
fighter/cloud/result/c03	0		-
fighter/shulk/result/c00	0		-
item/pacmancherry/effect	0		-
fighter/diddy/camera/c06	4	411613-411616	-
item/sandbag/motion/body	0		-
fighter/cloud/result/c07	0		-
fighter/packun/kirbycopy	0		-
item/explosionbomb/model	0		-
fighter/sonic/c01/camera	0		fighter/sonic/camera/c01
fighter/pichu/cmn/effect	1	411617	-
fighter/diddy/camera/c02	4	411618-411621	-
fighter/shulk/result/c04	0		-
fighter/lucina/kirbycopy	0		-
fighter/falco/result/c00	0		-
fighter/purin/result/c01	0		-
fighter/sheik/camera/c01	4	411622-411625	-
fighter/pacman/movie/c04	0		-
fighter/dolly/c01/camera	0		fighter/dolly/camera/c01
fighter/ridley/movie/c05	0		-
fighter/eflame/movie/c06	0		-
fighter/diddy/c04/camera	0		fighter/diddy/camera/c04
fighter/luigi/camera/c03	5	411627-411631	-
fighter/lucas/result/c04	18	411632-411649	-
fighter/koopa/camera/c05	5	411650-411654	-
fighter/demon/camera/c03	11	411655-411665	-
fighter/littlemac/append	0		-
fighter/brave/result/c01	0		-
fighter/master/movie/c04	0		-
fighter/cloud/finalsmash	0		-
item/honeycombbee/script	0		-
fighter/brave/c07/camera	0		fighter/brave/camera/c07
fighter/koopag/movie/c06	0		-
fighter/robot/result/c02	0		-
item/snakegrenade/effect	0		-
fighter/reflet/movie/c00	0		-
fighter/samus/result/c00	0		-
fighter/shizue/movie/c05	0		-
fighter/peach/camera/c06	4	411667-411670	-
fighter/purin/c07/camera	0		fighter/purin/camera/c07
fighter/toonlink/c03/cmn	0		fighter/toonlink/cmn
fighter/robot/c03/camera	0		fighter/robot/camera/c03
item/chewing/motion/body	0		-
fighter/sheik/c00/camera	0		fighter/sheik/camera/c00
fighter/kamui/result/c05	0		-
fighter/buddy/c01/camera	0		fighter/buddy/camera/c01
fighter/yoshi/c06/camera	0		fighter/yoshi/camera/c06
item/pasaran/motion/body	0		-
fighter/peach/camera/c02	4	411672-411675	-
fighter/shizue/movie/c01	0		-
item/bombchu/motion/body	0		-
fighter/kamui/result/c01	0		-
item/walkmushshot/script	0		-
fighter/reflet/movie/c04	0		-
fighter/ptrainer/c07/cmn	0		fighter/ptrainer/cmn
item/staffroulette/param	1	411782	-
fighter/samus/result/c04	0		-
item/prizehr/motion/body	0		-
fighter/peach/c04/camera	0		fighter/peach/camera/c04
fighter/master/movie/c00	0		-
item/magicpotwind/camera	0		-
fighter/koopa/c00/camera	0		fighter/koopa/camera/c00
fighter/robot/result/c06	0		-
fighter/koopag/movie/c02	0		-
fighter/sheik/c07/camera	0		fighter/sheik/camera/c07
fighter/robot/c04/camera	0		fighter/robot/camera/c04
fighter/kamui/camera/c05	7	411783-411789	-
fighter/purin/c00/camera	0		fighter/purin/camera/c00
fighter/peach/result/c06	0		-
fighter/pikmin/movie/c06	0		-
item/usagihat/model/body	0		-
fighter/brave/c00/camera	0		fighter/brave/camera/c00
item/goldenhammer/motion	0		-
fighter/robot/camera/c02	4	411791-411794	-
fighter/ptrainer_low/c05	157	333138-333231,333362-333367,411796-411852	-
fighter/samus/camera/c00	4	411853-411856	-
fighter/samus/camera/c04	4	411858-411861	-
fighter/robot/camera/c06	4	411862-411865	-
fighter/ptrainer_low/c01	157	335532-335625,335756-335761,411867-411923	-
fighter/koopa/c07/camera	0		fighter/koopa/camera/c07
fighter/peach/c03/camera	0		fighter/peach/camera/c03
fighter/yoshi/c01/camera	0		fighter/yoshi/camera/c01
fighter/pikmin/movie/c02	0		-
fighter/buddy/c06/camera	0		fighter/buddy/camera/c06
fighter/luigi/finalsmash	0		-
fighter/demon/finalsmash	0		-
fighter/palutena/c05/cmn	0		fighter/palutena/cmn
fighter/kamui/camera/c01	7	411927-411933	-
fighter/peach/result/c02	0		-
item/wood/model/body/c00	12	411934-411945	-
fighter/sonic/finalsmash	0		-
fighter/trail/camera/c06	8	411946-411953	-
fighter/pichu/result/c00	0		-
fighter/falco/cmn/effect	1	411955	-
fighter/simon/camera/c06	8	411956-411963	-
fighter/shulk/c05/camera	0		fighter/shulk/camera/c05
fighter/dolly/finalsmash	0		-
fighter/snake/camera/c06	5	411964-411968	-
fighter/ganon/c00/camera	0		fighter/ganon/camera/c00
fighter/lucas/c05/camera	0		fighter/lucas/camera/c05
fighter/zelda/result/c05	0		-
fighter/kirby/camera/c05	4	411983-411986	-
item/pickelobject/effect	0		-
fighter/miiswordsman/cmn	4	411987-411990	-
fighter/buddy/result/c03	36	411991-412026	-
fighter/elight/movie/c05	0		-
fighter/mario/camera/c06	5	412027-412031	-
fighter/palutena/c04/cmn	0		fighter/palutena/cmn
fighter/daisy/camera/c05	4	412034-412037	-
fighter/krool/camera/c06	8	412038-412045	-
fighter/yoshi/camera/c03	5	412046-412050	-
item/diddypeanuts/effect	0		-
fighter/mario/camera/c02	5	412052-412056	-
fighter/buddy/result/c07	36	412057-412092	-
fighter/lucas/cmn/effect	1	412093	-
fighter/elight/movie/c01	0		-
fighter/simon/c04/camera	0		fighter/simon/camera/c04
fighter/krool/camera/c02	8	412094-412101	-
fighter/yoshi/camera/c07	5	412102-412106	-
fighter/snake/c04/camera	0		fighter/snake/camera/c04
fighter/daisy/camera/c01	4	412107-412110	-
item/club/script/animcmd	0		-
item/younglinkbomb/param	0		-
fighter/zelda/result/c01	0		-
fighter/trail/c04/camera	0		fighter/trail/camera/c04
fighter/kirby/camera/c01	4	412125-412128	-
fighter/marth/c00/camera	0		fighter/marth/camera/c00
fighter/mario/c04/camera	0		fighter/mario/camera/c04
fighter/simon/camera/c02	8	412129-412136	-
fighter/krool/c04/camera	0		fighter/krool/camera/c04
fighter/snake/camera/c02	5	412137-412141	-
fighter/pichu/result/c04	0		-
fighter/trail/camera/c02	8	412159-412166	-
fighter/falco/c05/camera	0		fighter/falco/camera/c05
fighter/shulk/cmn/effect	20	412167-412186	-
fighter/kirby/result/c05	11	154216,412187-412196	-
fighter/lucas/c02/camera	0		fighter/lucas/camera/c02
fighter/zelda/camera/c05	4	412214-412217	-
item/thundersword/effect	0		-
fighter/yoshi/result/c03	0		-
fighter/krool/result/c06	0		-
fighter/daisy/result/c05	0		-
fighter/buddy/camera/c03	8	412219-412226	-
fighter/mario/result/c06	0		-
fighter/tantan/movie/c05	0		-
fighter/pichu/camera/c00	4	412242-412245	-
fighter/trail/result/c06	0		-
fighter/ganon/c07/camera	0		fighter/ganon/camera/c07
fighter/ptrainer/c06/cmn	0		fighter/ptrainer/cmn
fighter/littlemac/camera	0		-
fighter/shulk/c02/camera	0		fighter/shulk/camera/c02
fighter/snake/result/c06	0		-
fighter/simon/result/c06	21	412246-412266	-
fighter/snake/result/c02	0		-
fighter/krool/c03/camera	0		fighter/krool/camera/c03
fighter/miigunner/cmn/ai	2	412267-412268	-
fighter/simon/result/c02	21	412269-412289	-
fighter/mario/c03/camera	0		fighter/mario/camera/c03
fighter/trail/result/c02	0		-
fighter/pichu/camera/c04	4	412290-412293	-
fighter/tantan/movie/c01	0		-
fighter/falco/c02/camera	0		fighter/falco/camera/c02
fighter/daisy/result/c01	0		-
fighter/yoshi/result/c07	0		-
fighter/krool/result/c02	0		-
fighter/snake/c03/camera	0		fighter/snake/camera/c03
fighter/mario/result/c02	0		-
fighter/simon/c03/camera	0		fighter/simon/camera/c03
fighter/buddy/camera/c07	8	412294-412301	-
fighter/marth/c07/camera	0		fighter/marth/camera/c07
fighter/toonlink/c02/cmn	0		fighter/toonlink/cmn
fighter/kirby/result/c01	11	150667,412319-412328	-
fighter/zelda/camera/c01	4	412329-412332	-
fighter/trail/c03/camera	0		fighter/trail/camera/c03
fighter/dolly/camera/c03	9	412334-412342	-
fighter/marth/result/c01	0		-
fighter/wiifit/movie/c01	0		-
fighter/kirby/c07/camera	0		fighter/kirby/camera/c07
item/magicpotwind/script	0		-
fighter/zelda/c00/camera	0		fighter/zelda/camera/c00
fighter/donkey/movie/c01	0		-
fighter/daisy/c07/camera	0		fighter/daisy/camera/c07
fighter/samus/c02/camera	0		fighter/samus/camera/c02
item/st_fruitbomb/motion	0		-
fighter/sonic/camera/c03	4	412361-412364	-
item/walkmushshot/camera	0		-
fighter/wario/camera/c06	5	412365-412369	-
fighter/dedede/movie/c04	0		-
fighter/yoshi/finalsmash	0		-
fighter/demon/c01/camera	0		fighter/demon/camera/c01
item/homerunbathr/effect	0		-
fighter/luigi/c01/camera	0		fighter/luigi/camera/c01
fighter/ganon/result/c05	0		-
fighter/chrom/result/c06	0		-
fighter/ganon/result/c01	0		-
fighter/duckhunt/c03/cmn	0		fighter/duckhunt/cmn
fighter/chrom/result/c02	0		-
fighter/wario/c04/camera	0		fighter/wario/camera/c04
fighter/donkey/movie/c05	0		-
fighter/wario/camera/c02	5	413571-413575	-
fighter/dedede/movie/c00	0		-
fighter/sonic/camera/c07	4	413576-413579	-
fighter/chrom/c03/camera	0		fighter/chrom/camera/c03
item/dragoonsight/effect	0		-
fighter/cloud/c06/camera	0		fighter/cloud/camera/c06
fighter/wiifit/movie/c05	0		-
item/pacmanorange/effect	0		-
fighter/marth/result/c05	0		-
fighter/dolly/camera/c07	9	413580-413588	-
item/honeycombbee/camera	0		-
fighter/buddy/finalsmash	0		-
fighter/luigi/c06/camera	0		fighter/luigi/camera/c06
fighter/demon/c06/camera	0		fighter/demon/camera/c06
fighter/gekkouga/c02/cmn	0		fighter/gekkouga/cmn
fighter/chrom/camera/c06	5	413589-413593	-
fighter/ganon/camera/c05	4	413594-413597	-
fighter/pickel/movie/c04	1	413598	-
fighter/zelda/c07/camera	0		fighter/zelda/camera/c07
fighter/lucina/movie/c07	0		-
fighter/marth/camera/c01	5	413599-413603	-
fighter/kirby/c00/camera	0		fighter/kirby/camera/c00
fighter/dolly/result/c03	0		-
fighter/packun/movie/c07	0		-
fighter/sonic/result/c03	23	413604-413626	-
fighter/mariod/movie/c02	0		-
fighter/wario/result/c06	0		-
fighter/samus/c05/camera	0		fighter/samus/camera/c05
fighter/daisy/c00/camera	0		fighter/daisy/camera/c00
fighter/mariod/movie/c06	0		-
fighter/wario/result/c02	0		-
fighter/chrom/c04/camera	0		fighter/chrom/camera/c04
fighter/cloud/c01/camera	0		fighter/cloud/camera/c01
fighter/packun/movie/c03	0		-
fighter/sonic/result/c07	23	413628-413650	-
fighter/lucina/movie/c03	0		-
fighter/samus/cmn/effect	1	413651	-
fighter/dolly/result/c07	0		-
fighter/marth/camera/c05	5	413667-413671	-
fighter/chrom/camera/c02	5	413672-413676	-
fighter/wario/c03/camera	0		fighter/wario/camera/c03
fighter/ganon/camera/c01	4	413678-413681	-
fighter/pickel/movie/c00	1	413682	-
fighter/murabito/c00/cmn	0		fighter/murabito/cmn
item/ripstickshot/effect	0		-
fighter/daisy/result/c03	0		-
fighter/yoshi/result/c05	0		-
fighter/krool/result/c00	0		-
fighter/mario/result/c00	0		-
fighter/buddy/camera/c05	8	413685-413692	-
fighter/sonic/c00/camera	0		fighter/sonic/camera/c00
fighter/ganon/finalsmash	0		-
fighter/dolly/c00/camera	0		fighter/dolly/camera/c00
fighter/kirby/result/c03	11	97961,413710-413719	-
fighter/miigunner/result	0		-
fighter/zelda/camera/c03	4	413720-413723	-
fighter/duckhunt/c07/cmn	0		fighter/duckhunt/cmn
fighter/diddy/c05/camera	0		fighter/diddy/camera/c05
fighter/snake/result/c00	0		-
item/freezer/motion/body	0		-
fighter/simon/result/c00	21	413724-413744	-
fighter/trail/result/c00	0		-
fighter/pichu/camera/c06	4	413745-413748	-
fighter/tantan/movie/c03	0		-
fighter/diddy/cmn/effect	8	413749-413756	-
fighter/tantan/movie/c07	0		-
fighter/plizardon/camera	0		-
fighter/pichu/camera/c02	4	413757-413760	-
fighter/trail/result/c04	0		-
fighter/marth/finalsmash	0		-
fighter/snake/result/c04	0		-
fighter/simon/result/c04	21	413761-413781	-
fighter/kirby/result/c07	11	96679,413796-413805	-
fighter/kamui/c06/camera	0		fighter/kamui/camera/c06
fighter/zelda/camera/c07	4	413823-413826	-
fighter/pichu/c04/camera	0		fighter/pichu/camera/c04
item/murabitofruit/param	1	413827	-
fighter/yoshi/result/c01	0		-
fighter/krool/result/c04	0		-
fighter/daisy/result/c07	0		-
fighter/buddy/camera/c01	8	413828-413835	-
fighter/mario/result/c04	0		-
fighter/simon/camera/c00	8	413836-413843	-
fighter/snake/camera/c00	5	413844-413848	-
fighter/diddy/c02/camera	0		fighter/diddy/camera/c02
fighter/pichu/result/c06	0		-
fighter/trail/camera/c00	8	413849-413856	-
item/dragoon/motion/body	0		-
fighter/murabito/c04/cmn	0		fighter/murabito/cmn
fighter/sonic/c07/camera	0		fighter/sonic/camera/c07
fighter/mario/camera/c00	5	413859-413863	-
fighter/buddy/result/c05	36	413864-413899	-
fighter/elight/movie/c03	0		-
fighter/krool/camera/c00	8	413900-413907	-
fighter/yoshi/camera/c05	5	413908-413912	-
item/toonlinkbomb/camera	0		-
fighter/daisy/camera/c03	4	413913-413916	-
fighter/shizue/kirbycopy	0		-
fighter/zelda/result/c03	0		-
fighter/dolly/c07/camera	0		fighter/dolly/camera/c07
fighter/kirby/camera/c03	4	413931-413934	-
fighter/pichu/c03/camera	0		fighter/pichu/camera/c03
item/st_ice_yasai/camera	0		-
fighter/zelda/result/c07	0		-
fighter/kirby/camera/c07	4	413949-413952	-
fighter/gekkouga/c06/cmn	0		fighter/gekkouga/cmn
fighter/kamui/c01/camera	0		fighter/kamui/camera/c01
fighter/buddy/result/c01	36	413953-413988	-
fighter/elight/movie/c07	0		-
fighter/mario/camera/c04	5	413989-413993	-
fighter/miigunner/append	0		-
fighter/daisy/camera/c07	4	413994-413997	-
fighter/krool/camera/c04	8	413998-414005	-
fighter/yoshi/camera/c01	5	414006-414010	-
fighter/trail/camera/c04	8	414011-414018	-
fighter/pichu/result/c02	0		-
fighter/simon/camera/c04	8	414021-414028	-
fighter/snake/camera/c04	5	414029-414033	-
fighter/zelda/finalsmash	0		-
fighter/chrom/camera/c00	5	414034-414038	-
fighter/ganon/camera/c03	4	414039-414042	-
fighter/pickel/movie/c02	1	414043	-
fighter/koopa/c06/camera	0		fighter/koopa/camera/c06
fighter/peach/c02/camera	0		fighter/peach/camera/c02
fighter/mariod/movie/c04	0		-
fighter/wario/result/c00	0		-
fighter/buddy/c07/camera	0		fighter/buddy/camera/c07
item/doll/script/animcmd	0		-
fighter/packun/movie/c01	0		-
fighter/sonic/result/c05	23	414045-414067	-
fighter/yoshi/c00/camera	0		fighter/yoshi/camera/c00
fighter/robot/cmn/effect	3	414082-414084	-
fighter/lucina/movie/c01	0		-
fighter/dolly/result/c05	0		-
fighter/marth/camera/c07	5	414085-414089	-
fighter/purin/c01/camera	0		fighter/purin/camera/c01
fighter/lucina/movie/c05	0		-
item/mushroom/model/body	0		-
fighter/marth/camera/c03	5	414090-414094	-
item/goldenhammer/camera	0		-
fighter/dolly/result/c01	0		-
fighter/sheik/c06/camera	0		fighter/sheik/camera/c06
fighter/robot/c05/camera	0		fighter/robot/camera/c05
fighter/packun/movie/c05	0		-
fighter/sonic/result/c01	23	414095-414117	-
fighter/mariod/movie/c00	0		-
fighter/wario/result/c04	0		-
item/chicken/motion/body	0		-
fighter/palutena/c00/cmn	0		fighter/palutena/cmn
fighter/brave/c01/camera	0		fighter/brave/camera/c01
fighter/ridley/kirbycopy	0		-
fighter/chrom/camera/c04	5	414118-414122	-
fighter/ganon/camera/c07	4	414124-414127	-
fighter/pickel/movie/c06	1	414128	-
item/st_fruitbomb/script	0		-
fighter/donkey/movie/c07	0		-
fighter/yoshi/c07/camera	0		fighter/yoshi/camera/c07
fighter/wario/camera/c00	5	414129-414133	-
fighter/dedede/movie/c02	0		-
fighter/sonic/camera/c05	4	414134-414137	-
fighter/buddy/c00/camera	0		fighter/buddy/camera/c00
fighter/wiifit/movie/c07	0		-
fighter/marth/result/c07	0		-
fighter/dolly/camera/c05	9	414139-414147	-
item/magicpotwind/motion	0		-
fighter/ganon/result/c03	0		-
fighter/kirby/finalsmash	0		-
fighter/toonlink/c06/cmn	0		fighter/toonlink/cmn
fighter/chrom/result/c00	0		-
fighter/daisy/finalsmash	0		-
item/deku/script/animcmd	0		-
item/st_crab/motion/body	0		-
item/superleaftail/model	0		-
fighter/peach/c05/camera	0		fighter/peach/camera/c05
fighter/koopa/c01/camera	0		fighter/koopa/camera/c01
fighter/brave/c06/camera	0		fighter/brave/camera/c06
fighter/ganon/result/c07	0		-
fighter/peach/cmn/effect	137	415389-415525	-
fighter/chrom/result/c04	0		-
fighter/dolly/camera/c01	9	415526-415534	-
fighter/marth/result/c03	0		-
fighter/robot/c02/camera	0		fighter/robot/camera/c02
fighter/wiifit/movie/c03	0		-
fighter/sheik/c01/camera	0		fighter/sheik/camera/c01
fighter/ptrainer/c02/cmn	0		fighter/ptrainer/cmn
fighter/purin/c06/camera	0		fighter/purin/camera/c06
fighter/donkey/movie/c03	0		-
fighter/sonic/camera/c01	4	415535-415538	-
fighter/wario/camera/c04	5	415539-415543	-
fighter/dedede/movie/c06	0		-
fighter/ridley/movie/c07	0		-
fighter/mario/c02/camera	0		fighter/mario/camera/c02
fighter/eflame/movie/c04	0		-
fighter/kamui/finalsmash	0		-
fighter/krool/c02/camera	0		fighter/krool/camera/c02
fighter/plizardon/append	0		-
fighter/luigi/camera/c01	5	415544-415548	-
fighter/lucas/result/c06	18	415549-415566	-
fighter/demon/camera/c01	11	415567-415577	-
fighter/falco/c03/camera	0		fighter/falco/camera/c03
fighter/koopa/camera/c07	5	415578-415582	-
item/book/script/animcmd	0		-
fighter/brave/result/c03	0		-
fighter/cloud/result/c05	0		-
item/killereyeshot/param	0		-
fighter/simon/c02/camera	0		fighter/simon/camera/c02
fighter/diddy/camera/c00	4	415583-415586	-
fighter/snake/c02/camera	0		fighter/snake/camera/c02
fighter/shulk/result/c06	0		-
fighter/falco/result/c02	0		-
fighter/trail/c02/camera	0		fighter/trail/camera/c02
fighter/purin/result/c03	0		-
fighter/sheik/camera/c03	4	415587-415590	-
fighter/marth/c06/camera	0		fighter/marth/camera/c06
fighter/pacman/movie/c06	0		-
fighter/ptrainer/c03/cmn	0		fighter/ptrainer/cmn
fighter/lucas/c03/camera	0		fighter/lucas/camera/c03
fighter/purin/result/c07	0		-
fighter/falco/result/c06	0		-
fighter/pacman/movie/c02	0		-
fighter/sheik/camera/c07	4	415591-415594	-
fighter/cloud/result/c01	0		-
fighter/shulk/result/c02	0		-
fighter/diddy/camera/c04	4	415595-415598	-
fighter/koopa/camera/c03	5	415599-415603	-
fighter/demon/camera/c05	11	415604-415614	-
fighter/lucas/result/c02	18	415630-415647	-
fighter/luigi/camera/c05	5	415648-415652	-
fighter/brave/result/c07	0		-
item/box/motion/body/c00	1	415653	-
fighter/ridley/movie/c03	0		-
fighter/ganon/c06/camera	0		fighter/ganon/camera/c06
fighter/shulk/c03/camera	0		fighter/shulk/camera/c03
fighter/eflame/movie/c00	0		-
fighter/toonlink/c07/cmn	0		fighter/toonlink/cmn
fighter/diddy/result/c00	17	415654-415670	-
fighter/snake/c05/camera	0		fighter/snake/camera/c05
fighter/shulk/camera/c06	6	415671-415676	-
fighter/cloud/camera/c05	9	415692-415700	-
fighter/mewtwo/movie/c06	0		-
fighter/simon/c05/camera	0		fighter/simon/camera/c05
fighter/sheik/result/c03	0		-
fighter/ptrainer_low/cmn	1	415701	-
fighter/marth/c01/camera	0		fighter/marth/camera/c01
fighter/falco/camera/c02	6	415702-415707	-
fighter/trail/c05/camera	0		fighter/trail/camera/c05
fighter/purin/camera/c03	4	415708-415711	-
fighter/miigunner/camera	0		-
fighter/krool/c05/camera	0		fighter/krool/camera/c05
fighter/samusd/movie/c02	0		-
fighter/mario/c05/camera	0		fighter/mario/camera/c05
fighter/brave/camera/c03	5	415713-415717	-
fighter/palutena/c01/cmn	0		fighter/palutena/cmn
fighter/lucas/camera/c06	4	415718-415721	-
fighter/falco/c04/camera	0		fighter/falco/camera/c04
fighter/luigi/result/c01	0		-
item/st_ice_yasai/script	0		-
fighter/demon/result/c01	0		-
fighter/koopa/result/c07	0		-
fighter/krool/cmn/effect	1	415722	-
item/slow/model/body/c00	12	415723-415734	-
fighter/brave/camera/c07	5	415735-415739	-
fighter/koopa/result/c03	0		-
fighter/demon/result/c05	0		-
fighter/plizardon/result	0		-
fighter/mario/cmn/effect	8	415740-415747	-
fighter/luigi/result/c05	0		-
fighter/lucas/camera/c02	4	415748-415751	-
fighter/shulk/c04/camera	0		fighter/shulk/camera/c04
item/toonlinkbomb/script	0		-
fighter/samusd/movie/c06	0		-
fighter/ganon/c01/camera	0		fighter/ganon/camera/c01
fighter/wiifit/kirbycopy	0		-
fighter/snake/cmn/effect	1	415752	-
fighter/littlemac/cmn/ai	2	415753-415754	-
fighter/sheik/result/c07	0		-
item/genesis/motion/body	0		-
fighter/purin/camera/c07	4	415755-415758	-
fighter/lucas/c04/camera	0		fighter/lucas/camera/c04
fighter/falco/camera/c06	6	415759-415764	-
fighter/simon/cmn/effect	3	415765-415767	-
fighter/shulk/camera/c02	6	415768-415773	-
fighter/donkey/kirbycopy	0		-
fighter/diddy/result/c04	17	168099-168113,415774-415775	-
fighter/mewtwo/movie/c02	0		-
fighter/trail/cmn/effect	6	415776-415781	-
fighter/cloud/camera/c01	9	415782-415790	-
fighter/pikmin/movie/c00	0		-
fighter/cloud/c00/camera	0		fighter/cloud/camera/c00
fighter/chrom/c05/camera	0		fighter/chrom/camera/c05
fighter/kamui/camera/c03	7	415806-415812	-
fighter/peach/result/c00	0		-
fighter/gekkouga/c07/cmn	0		fighter/gekkouga/cmn
fighter/sheik/finalsmash	0		-
fighter/samus/camera/c06	4	415828-415831	-
fighter/wario/c02/camera	0		fighter/wario/camera/c02
item/goldenhammer/script	0		-
fighter/robot/camera/c04	4	415832-415835	-
fighter/ptrainer_low/c03	157	345854-345947,346078-346083,415836-415892	-
fighter/tantan/kirbycopy	0		-
fighter/robot/camera/c00	4	415893-415896	-
fighter/luigi/c07/camera	0		fighter/luigi/camera/c07
fighter/demon/c07/camera	0		fighter/demon/camera/c07
fighter/ptrainer_low/c07	157	348199-348292,348423-348428,415930-415986	-
fighter/samus/camera/c02	4	415987-415990	-
item/ripstick/model/body	0		-
fighter/kirby/c01/camera	0		fighter/kirby/camera/c01
fighter/kamui/camera/c07	7	415991-415997	-
fighter/zelda/c06/camera	0		fighter/zelda/camera/c06
fighter/chrom/cmn/effect	3	415998-416000	-
fighter/peach/result/c04	0		-
fighter/samus/c04/camera	0		fighter/samus/camera/c04
fighter/pikmin/movie/c04	0		-
fighter/daisy/c01/camera	0		fighter/daisy/camera/c01
fighter/murabito/c05/cmn	0		fighter/murabito/cmn
fighter/koopa/finalsmash	0		-
item/chickenparty/effect	0		-
fighter/wario/c05/camera	0		fighter/wario/camera/c05
fighter/reflet/movie/c06	0		-
fighter/purin/finalsmash	0		-
fighter/samus/result/c06	0		-
item/honeycombbee/motion	0		-
fighter/master/movie/c02	0		-
fighter/koopag/movie/c00	0		-
item/st_apple/model/body	0		-
fighter/robot/result/c04	0		-
fighter/elight/kirbycopy	0		-
fighter/cloud/c07/camera	0		fighter/cloud/camera/c07
fighter/chrom/c02/camera	0		fighter/chrom/camera/c02
fighter/brave/finalsmash	0		-
fighter/peach/camera/c00	4	416110-416113	-
fighter/shizue/movie/c03	0		-
fighter/kamui/result/c03	0		-
fighter/shizue/movie/c07	0		-
fighter/zelda/c01/camera	0		fighter/zelda/camera/c01
fighter/peach/camera/c04	4	416114-416117	-
fighter/duckhunt/c06/cmn	0		fighter/duckhunt/cmn
fighter/kamui/result/c07	0		-
fighter/kirby/c06/camera	0		fighter/kirby/camera/c06
fighter/daisy/c06/camera	0		fighter/daisy/camera/c06
fighter/samus/c03/camera	0		fighter/samus/camera/c03
fighter/demon/c00/camera	0		fighter/demon/camera/c00
fighter/wario/cmn/effect	1	416118	-
fighter/master/movie/c06	0		-
fighter/luigi/c00/camera	0		fighter/luigi/camera/c00
fighter/robot/result/c00	0		-
fighter/koopag/movie/c04	0		-
fighter/reflet/movie/c02	0		-
item/walkmushshot/motion	0		-
item/st_fruitbomb/camera	0		-
fighter/samus/result/c02	0		-
fighter/pikmin/movie/c05	0		-
fighter/diddy/c07/camera	0		fighter/diddy/camera/c07
item/starrod/motion/body	0		-
fighter/kamui/camera/c06	7	416119-416125	-
fighter/peach/result/c05	0		-
fighter/samus/camera/c03	4	416126-416129	-
item/thundersword/script	0		-
fighter/sonic/c02/camera	0		fighter/sonic/camera/c02
item/book/model/body/c00	15	416130-416144	-
fighter/robot/camera/c01	4	416145-416148	-
fighter/dolly/c02/camera	0		fighter/dolly/camera/c02
fighter/ptrainer_low/c06	157	351087-351180,351308-351313,416149-416205	-
fighter/kamui/c04/camera	0		fighter/kamui/camera/c04
fighter/robot/camera/c05	4	416206-416209	-
fighter/ptrainer_low/c02	157	353446-353539,353667-353672,416211-416267	-
item/tabemono/model/body	0		-
fighter/pichu/c06/camera	0		fighter/pichu/camera/c06
fighter/samus/camera/c07	4	416269-416272	-
fighter/szerosuit/camera	0		-
fighter/kamui/camera/c02	7	416273-416279	-
fighter/duckhunt/c04/cmn	0		fighter/duckhunt/cmn
fighter/peach/result/c01	0		-
item/pacmancherry/camera	0		-
fighter/pikmin/movie/c01	0		-
fighter/miienemyg/cmn/ai	2	416296-416297	-
fighter/sonic/c05/camera	0		fighter/sonic/camera/c05
fighter/reflet/movie/c03	0		-
item/pickelobject/script	0		-
fighter/samus/result/c03	0		-
item/diddypeanuts/script	0		-
fighter/master/movie/c07	0		-
fighter/dolly/c05/camera	0		fighter/dolly/camera/c05
fighter/shulk/finalsmash	0		-
fighter/robot/result/c01	0		-
fighter/koopag/movie/c05	0		-
fighter/younglink/camera	0		-
fighter/lucas/finalsmash	0		-
fighter/diddy/c00/camera	0		fighter/diddy/camera/c00
fighter/gekkouga/c05/cmn	0		fighter/gekkouga/cmn
fighter/shizue/movie/c06	0		-
fighter/peach/camera/c05	4	416404-416407	-
fighter/kamui/result/c06	0		-
fighter/peach/camera/c01	4	416408-416411	-
fighter/shizue/movie/c02	0		-
fighter/kamui/result/c02	0		-
fighter/murabito/c07/cmn	0		fighter/murabito/cmn
fighter/sonic/cmn/effect	22	416412-416433	-
fighter/master/movie/c03	0		-
fighter/pichu/c01/camera	0		fighter/pichu/camera/c01
fighter/miienemyf/camera	0		-
fighter/koopag/movie/c01	0		-
fighter/robot/result/c05	0		-
fighter/kamui/c03/camera	0		fighter/kamui/camera/c03
item/slow/script/animcmd	0		-
fighter/falco/finalsmash	0		-
fighter/reflet/movie/c07	0		-
fighter/dolly/cmn/effect	1	416540	-
fighter/samus/result/c07	0		-
fighter/buddy/c05/camera	0		fighter/buddy/camera/c05
fighter/ridley/movie/c02	0		-
fighter/yoshi/c02/camera	0		fighter/yoshi/camera/c02
fighter/eflame/movie/c01	0		-
fighter/koopa/camera/c02	5	416541-416545	-
fighter/demon/camera/c04	11	416546-416556	-
fighter/lucas/result/c03	18	416572-416589	-
item/killereyeshot/model	0		-
fighter/luigi/camera/c04	5	416590-416594	-
fighter/brave/result/c06	0		-
fighter/palutena/c03/cmn	0		fighter/palutena/cmn
fighter/miienemys/result	0		-
fighter/cloud/result/c00	0		-
fighter/shulk/result/c03	0		-
fighter/diddy/camera/c05	4	416596-416599	-
fighter/purin/result/c06	0		-
fighter/koopa/c04/camera	0		fighter/koopa/camera/c04
fighter/falco/result/c07	0		-
fighter/peach/c00/camera	0		fighter/peach/camera/c00
fighter/pacman/movie/c03	0		-
fighter/samus/finalsmash	0		-
fighter/sheik/camera/c06	4	416600-416603	-
fighter/falco/result/c03	0		-
fighter/pzenigame/append	0		-
fighter/purin/result/c02	0		-
fighter/sheik/camera/c02	4	416605-416608	-
fighter/brave/c03/camera	0		fighter/brave/camera/c03
fighter/pacman/movie/c07	0		-
fighter/cloud/result/c04	0		-
item/ripstickshot/script	0		-
fighter/diddy/camera/c01	4	416609-416612	-
fighter/shulk/result/c07	0		-
fighter/luigi/camera/c00	5	416613-416617	-
fighter/purin/c03/camera	0		fighter/purin/camera/c03
fighter/buddy/cmn/effect	1	416618	-
fighter/lucas/result/c07	18	416619-416636	-
fighter/demon/camera/c00	11	416637-416647	-
fighter/koopa/camera/c06	5	416648-416652	-
fighter/sheik/c04/camera	0		fighter/sheik/camera/c04
fighter/robot/c07/camera	0		fighter/robot/camera/c07
fighter/brave/result/c02	0		-
item/powblock/model/body	0		-
fighter/ridley/movie/c06	0		-
fighter/eflame/movie/c05	0		-
fighter/bayonetta/append	0		-
fighter/pickel/kirbycopy	0		-
fighter/shulk/camera/c03	6	416653-416658	-
item/homerunbathr/script	0		-
fighter/pzenigame/result	0		-
fighter/diddy/result/c05	17	144919-144933,416659-416660	-
fighter/mewtwo/movie/c03	0		-
fighter/cloud/camera/c00	5	416661-416665	-
fighter/ptrainer/c01/cmn	0		fighter/ptrainer/cmn
fighter/sheik/result/c06	0		-
fighter/purin/camera/c06	4	416681-416684	-
item/warpstar/model/body	0		-
fighter/peach/c07/camera	0		fighter/peach/camera/c07
fighter/falco/camera/c07	6	416685-416690	-
fighter/koopa/c03/camera	0		fighter/koopa/camera/c03
item/magicpotwind/effect	0		-
fighter/samusd/movie/c07	0		-
fighter/yoshi/c05/camera	0		fighter/yoshi/camera/c05
fighter/buddy/c02/camera	0		fighter/buddy/camera/c02
fighter/brave/camera/c06	5	416691-416695	-
fighter/koopa/result/c02	0		-
fighter/demon/result/c04	0		-
fighter/luigi/result/c04	0		-
fighter/lucas/camera/c03	4	416696-416699	-
fighter/bayonetta/result	0		-
item/dragoonsight/script	0		-
fighter/robot/c00/camera	0		fighter/robot/camera/c00
fighter/brave/camera/c02	5	416700-416704	-
fighter/sheik/c03/camera	0		fighter/sheik/camera/c03
item/snakegrenade/camera	0		-
fighter/yoshi/cmn/effect	2	416705-416706	-
fighter/lucas/camera/c07	4	416707-416710	-
fighter/luigi/result/c00	0		-
fighter/demon/result/c00	0		-
fighter/purin/c04/camera	0		fighter/purin/camera/c04
fighter/koopa/result/c06	0		-
fighter/toonlink/c05/cmn	0		fighter/toonlink/cmn
fighter/samusd/movie/c03	0		-
item/pokeball/model/body	0		-
item/pacmanorange/script	0		-
fighter/sheik/result/c02	0		-
fighter/miienemys/append	0		-
fighter/brave/c04/camera	0		fighter/brave/camera/c04
fighter/falco/camera/c03	6	416712-416717	-
fighter/purin/camera/c02	4	416719-416722	-
fighter/diddy/result/c01	17	148465-148479,416723-416724	-
fighter/metaknight/movie	0		-
fighter/shulk/camera/c07	6	416725-416730	-
fighter/cloud/camera/c04	5	416746-416750	-
fighter/mewtwo/movie/c07	0		-
fighter/dedede/kirbycopy	0		-
fighter/simon/c00/camera	0		fighter/simon/camera/c00
fighter/toonlink/c04/cmn	0		fighter/toonlink/cmn
fighter/chrom/camera/c05	5	416751-416755	-
fighter/ganon/camera/c06	4	416756-416759	-
fighter/snake/c00/camera	0		fighter/snake/camera/c00
fighter/pickel/movie/c07	1	416760	-
fighter/miiswordsman/c00	408	374482-374484,416761-417165	-
item/pacmancherry/script	0		-
fighter/trail/c00/camera	0		fighter/trail/camera/c00
fighter/marth/c04/camera	0		fighter/marth/camera/c04
fighter/younglink/result	0		-
fighter/szerosuit/append	0		-
fighter/packun/movie/c04	0		-
fighter/sonic/result/c00	23	417166-417188	-
fighter/pichu/finalsmash	0		-
fighter/mariod/movie/c01	0		-
fighter/mario/c00/camera	0		fighter/mario/camera/c00
fighter/wario/result/c05	0		-
item/starring/model/body	0		-
item/st_fruit/model/body	0		-
fighter/krool/c00/camera	0		fighter/krool/camera/c00
fighter/lucina/movie/c04	0		-
item/log/motion/body/c00	1	417189	-
fighter/falco/c01/camera	0		fighter/falco/camera/c01
fighter/marth/camera/c02	5	417190-417194	-
fighter/dolly/result/c00	0		-
fighter/pacman/kirbycopy	0		-
fighter/lucina/movie/c00	0		-
fighter/ptrainer/c00/cmn	0		fighter/ptrainer/cmn
fighter/dolly/result/c04	0		-
fighter/marth/camera/c06	5	417195-417199	-
fighter/mariod/movie/c05	0		-
fighter/wario/result/c01	0		-
fighter/packun/movie/c00	0		-
fighter/sonic/result/c04	23	417214-417236	-
fighter/ganon/c04/camera	0		fighter/ganon/camera/c04
item/thundersword/camera	0		-
fighter/shulk/c01/camera	0		fighter/shulk/camera/c01
fighter/lucas/c01/camera	0		fighter/lucas/camera/c01
fighter/miienemyf/result	0		-
fighter/chrom/camera/c01	5	417237-417241	-
fighter/ganon/camera/c02	4	417242-417245	-
fighter/pickel/movie/c03	1	417246	-
fighter/krool/c07/camera	0		fighter/krool/camera/c07
item/superleaftail/param	1	417247	-
fighter/donkey/movie/c02	0		-
fighter/sonic/camera/c00	4	417248-417251	-
fighter/mario/c07/camera	0		fighter/mario/camera/c07
fighter/wario/camera/c05	5	417252-417256	-
fighter/dedede/movie/c07	0		-
fighter/mewtwo/kirbycopy	0		-
fighter/dolly/camera/c00	9	417257-417265	-
fighter/marth/result/c02	0		-
fighter/wiifit/movie/c02	0		-
fighter/falco/c06/camera	0		fighter/falco/camera/c06
fighter/miienemyf/append	0		-
fighter/snake/c07/camera	0		fighter/snake/camera/c07
fighter/ganon/result/c06	0		-
fighter/chrom/result/c05	0		-
fighter/simon/c07/camera	0		fighter/simon/camera/c07
fighter/marth/c03/camera	0		fighter/marth/camera/c03
fighter/trail/c07/camera	0		fighter/trail/camera/c07
fighter/lucas/c06/camera	0		fighter/lucas/camera/c06
fighter/palutena/c02/cmn	0		fighter/palutena/cmn
fighter/samusd/kirbycopy	0		-
fighter/ganon/result/c02	0		-
fighter/chrom/result/c01	0		-
fighter/szerosuit/result	0		-
fighter/younglink/append	0		-
fighter/wiifit/movie/c06	0		-
fighter/marth/result/c06	0		-
fighter/dolly/camera/c04	9	418071-418079	-
item/diddypeanuts/camera	0		-
fighter/shulk/c06/camera	0		fighter/shulk/camera/c06
fighter/ganon/c03/camera	0		fighter/ganon/camera/c03
fighter/donkey/movie/c06	0		-
fighter/wario/camera/c01	5	418097-418101	-
fighter/dedede/movie/c03	0		-
fighter/sonic/camera/c04	4	418102-418105	-
item/pickelobject/camera	0		-
fighter/pzenigame/camera	0		-
fighter/yoshi/result/c00	0		-
fighter/krool/result/c05	0		-
fighter/daisy/result/c06	0		-
item/doll/model/body/c00	12	418106-418117	-
fighter/luigi/cmn/effect	1	418118	-
fighter/buddy/camera/c00	8	418119-418126	-
fighter/murabito/c06/cmn	0		fighter/murabito/cmn
fighter/demon/cmn/effect	1	418127	-
fighter/mario/result/c05	0		-
fighter/wario/c00/camera	0		fighter/wario/camera/c00
fighter/kirby/result/c06	11	88084,418129-418138	-
fighter/zelda/camera/c06	4	418156-418159	-
fighter/snake/result/c05	0		-
fighter/chrom/c07/camera	0		fighter/chrom/camera/c07
fighter/simon/result/c05	21	418160-418180	-
fighter/cloud/c02/camera	0		fighter/cloud/camera/c02
item/ripstickshot/camera	0		-
fighter/bayonetta/camera	0		-
fighter/tantan/movie/c06	0		-
fighter/pichu/camera/c03	4	418195-418198	-
fighter/trail/result/c05	0		-
fighter/kirby/c03/camera	0		fighter/kirby/camera/c03
item/murabitofruit/model	0		-
item/chickenparty/motion	0		-
item/firebar/motion/body	0		-
fighter/trail/result/c01	0		-
fighter/zelda/c04/camera	0		fighter/zelda/camera/c04
fighter/pichu/camera/c07	4	418199-418202	-
fighter/tantan/movie/c02	0		-
fighter/snake/result/c01	0		-
fighter/samus/c06/camera	0		fighter/samus/camera/c06
fighter/daisy/c03/camera	0		fighter/daisy/camera/c03
fighter/simon/result/c01	21	418203-418223	-
fighter/gekkouga/c04/cmn	0		fighter/gekkouga/cmn
fighter/kirby/result/c02	11	86833,418243-418252	-
fighter/zelda/camera/c02	4	418253-418256	-
fighter/luigi/c05/camera	0		fighter/luigi/camera/c05
fighter/demon/c05/camera	0		fighter/demon/camera/c05
fighter/daisy/result/c02	0		-
fighter/yoshi/result/c04	0		-
fighter/krool/result/c01	0		-
fighter/mario/result/c01	0		-
fighter/buddy/camera/c04	8	418258-418265	-
fighter/simon/camera/c05	8	418266-418273	-
fighter/chrom/c00/camera	0		fighter/chrom/camera/c00
fighter/reflet/kirbycopy	0		-
fighter/cloud/c05/camera	0		fighter/cloud/camera/c05
fighter/snake/camera/c05	5	418275-418279	-
fighter/trail/camera/c05	8	418280-418287	-
fighter/pichu/result/c03	0		-
item/deku/model/body/c00	11	418288-418298	-
fighter/buddy/result/c00	36	418299-418334	-
fighter/elight/movie/c06	0		-
item/pacmanorange/camera	0		-
fighter/wario/c07/camera	0		fighter/wario/camera/c07
fighter/mario/camera/c05	5	418335-418339	-
fighter/miienemys/camera	0		-
item/honeycombbee/effect	0		-
fighter/daisy/camera/c06	4	418340-418343	-
fighter/krool/camera/c05	8	418344-418351	-
fighter/yoshi/camera/c00	5	418352-418356	-
fighter/duckhunt/c05/cmn	0		fighter/duckhunt/cmn
fighter/zelda/result/c06	0		-
item/dragoonsight/camera	0		-
fighter/kirby/camera/c06	4	418371-418374	-
item/snakegrenade/script	0		-
fighter/zelda/result/c02	0		-
fighter/demon/c02/camera	0		fighter/demon/camera/c02
fighter/luigi/c02/camera	0		fighter/luigi/camera/c02
fighter/kirby/camera/c02	4	418389-418392	-
item/walkmushshot/effect	0		-
fighter/mario/camera/c01	5	418393-418397	-
fighter/buddy/result/c04	36	418398-418433	-
fighter/elight/movie/c02	0		-
fighter/krool/camera/c01	8	418434-418441	-
fighter/yoshi/camera/c04	5	418442-418446	-
fighter/daisy/camera/c02	4	418447-418450	-
fighter/pichu/result/c07	0		-
fighter/trail/camera/c01	8	418451-418458	-
fighter/cloud/cmn/effect	48	418459-418506	-
fighter/zelda/c03/camera	0		fighter/zelda/camera/c03
fighter/master/kirbycopy	0		-
fighter/kirby/c04/camera	0		fighter/kirby/camera/c04
fighter/gamewatch/cmn/ai	2	418507-418508	-
fighter/simon/camera/c01	8	418509-418516	-
item/homerunbathr/camera	0		-
fighter/snake/camera/c01	5	418517-418521	-
fighter/daisy/c04/camera	0		fighter/daisy/camera/c04
fighter/samus/c01/camera	0		fighter/samus/camera/c01
fighter/szerosuit/c04/cmn	0		fighter/szerosuit/cmn
fighter/wiifit/camera/c00	4	418522-418525	-
fighter/miienemyg/c07/cmn	0		fighter/miienemyg/cmn
fighter/ryu/kirbycopy/c06	18	418526-418543	-
fighter/mewtwo/camera/c07	5	418544-418548	-
fighter/pikmin/c05/camera	0		fighter/pikmin/camera/c05
item/kusudama/motion/body	0		-
fighter/gaogaen/movie/c06	0		-
item/screw/model/body/c00	11	418562-418572	-
fighter/pickel/c07/camera	0		fighter/pickel/camera/c07
fighter/shizue/c02/camera	0		fighter/shizue/camera/c02
item/superleaftail/motion	0		-
fighter/miienemys/c03/cmn	0		fighter/miienemys/cmn
item/badge/script/animcmd	0		-
item/simonholywater/model	0		-
fighter/gaogaen/movie/c02	0		-
fighter/younglink/c03/cmn	0		fighter/younglink/cmn
fighter/littlemac/c02/cmn	0		fighter/littlemac/cmn
fighter/mewtwo/camera/c03	5	418575-418579	-
item/starring/motion/body	0		-
fighter/pikmin/cmn/effect	37	418581-418617	-
item/tabemono/motion/body	0		-
fighter/pikachu/kirbycopy	0		-
item/drillshot/model/body	0		-
fighter/ryu/kirbycopy/c02	18	418618-418635	-
fighter/wiifit/camera/c04	4	418636-418639	-
fighter/pickel/c00/camera	0		fighter/pickel/camera/c00
item/explosionbomb/motion	0		-
fighter/shizue/c05/camera	0		fighter/shizue/camera/c05
fighter/tantan/finalsmash	0		-
fighter/captain/movie/c07	0		-
fighter/gamewatch/c02/cmn	0		fighter/gamewatch/cmn
fighter/element/movie/c01	0		-
fighter/wiifit/result/c00	0		-
fighter/bayonetta/c05/cmn	0		fighter/bayonetta/cmn
fighter/mewtwo/result/c07	0		-
fighter/pikmin/c02/camera	0		fighter/pikmin/camera/c02
fighter/mewtwo/result/c03	0		-
fighter/wiifit/result/c04	0		-
fighter/shizue/cmn/effect	1	418642	-
fighter/element/movie/c05	0		-
fighter/captain/movie/c03	0		-
fighter/master/finalsmash	0		-
fighter/pickel/camera/c05	5	418643-418647	-
fighter/elight/camera/c06	8	418648-418655	-
fighter/mariod/cmn/effect	1	418656	-
fighter/lucina/c02/camera	0		fighter/lucina/camera/c02
fighter/richter/movie/c01	0		-
fighter/pit/kirbycopy/c05	18	418657-418674	-
fighter/samusd/camera/c00	4	418675-418678	-
fighter/rosetta/movie/c01	0		-
fighter/koopajr/movie/c03	0		-
fighter/master/result/c07	0		-
fighter/tantan/result/c03	0		-
fighter/tantan/result/c07	0		-
fighter/master/result/c03	0		-
fighter/samusd/camera/c04	4	418682-418685	-
fighter/elight/c04/camera	0		fighter/elight/camera/c04
fighter/pit/kirbycopy/c01	18	418686-418703	-
item/killereyeshot/script	0		-
fighter/richter/movie/c05	0		-
fighter/donkey/c02/camera	0		fighter/donkey/camera/c02
fighter/koopajr/movie/c07	0		-
fighter/rosetta/movie/c05	0		-
fighter/mariod/c05/camera	0		fighter/mariod/camera/c05
fighter/elight/camera/c02	8	418715-418722	-
fighter/pickel/camera/c01	5	418723-418727	-
item/walkmushflower/model	0		-
fighter/dedede/c01/camera	0		fighter/dedede/camera/c01
item/ripstickflower/model	0		-
fighter/mewtwo/finalsmash	0		-
fighter/miienemyf/c07/cmn	0		fighter/miienemyf/cmn
fighter/plizardon/c03/cmn	0		fighter/plizardon/cmn
fighter/inkling/kirbycopy	0		-
fighter/samusd/result/c00	32	274970-274971,418728-418757	-
item/teamhealfield/motion	0		-
fighter/roy/kirbycopy/c00	39	418759-418797	-
item/curry/script/animcmd	0		-
fighter/donkey/cmn/effect	1	418798	-
fighter/master/camera/c07	8	418799-418806	-
fighter/ike/kirbycopy/c01	37	418807-418843	-
fighter/tantan/camera/c03	8	418844-418851	-
fighter/pickel/result/c05	33	418852-418884	-
item/pokeball/motion/body	0		-
fighter/elight/result/c06	12	250718,418886-418896	-
fighter/lucina/c05/camera	0		fighter/lucina/camera/c05
fighter/lucario/movie/c04	0		-
fighter/pzenigame/c04/cmn	0		fighter/pzenigame/cmn
item/st_apple/motion/body	0		-
fighter/mariod/c02/camera	0		fighter/mariod/camera/c02
fighter/lucario/movie/c00	0		-
fighter/lucina/cmn/effect	3	418898-418900	-
fighter/elight/result/c02	12	248664,418901-418911	-
fighter/dedede/c06/camera	0		fighter/dedede/camera/c06
fighter/pickel/result/c01	33	418912-418944	-
item/fireflowershot/param	1	418945	-
fighter/ike/kirbycopy/c05	37	418946-418982	-
fighter/tantan/camera/c07	8	418983-418990	-
fighter/master/camera/c03	8	418991-418998	-
fighter/roy/kirbycopy/c04	33	418999-419031	-
fighter/donkey/c05/camera	0		fighter/donkey/camera/c05
fighter/samusd/result/c04	31	275547-275548,419032-419060	-
item/bananagunshot/motion	0		-
fighter/elight/c03/camera	0		fighter/elight/camera/c03
fighter/dedede/result/c03	22	419061-419082	-
fighter/wiifit/c05/camera	0		fighter/wiifit/camera/c05
item/steeldivershot/param	1	419100	-
fighter/pzenigame/c05/cmn	0		fighter/pzenigame/cmn
fighter/pikmin/camera/c00	4	419117-419120	-
fighter/pacman/c03/camera	0		fighter/pacman/camera/c03
fighter/shizue/result/c00	0		-
fighter/koopajr/kirbycopy	0		-
fighter/packun/c00/camera	0		fighter/packun/camera/c00
fighter/master/c01/camera	0		fighter/master/camera/c01
fighter/pacman/result/c02	37	244995-245008,245400-245403,419122-419140	-
fighter/eflame/c00/camera	0		fighter/eflame/camera/c00
fighter/koopag/c00/camera	0		fighter/koopag/camera/c00
fighter/tantan/c01/camera	0		fighter/tantan/camera/c01
fighter/pacman/result/c06	37	247471-247484,247876-247879,419141-419159	-
item/mushd/script/animcmd	0		-
fighter/plizardon/c02/cmn	0		fighter/plizardon/cmn
fighter/shizue/result/c04	0		-
fighter/wiifit/cmn/effect	1	419160	-
fighter/pikmin/camera/c04	4	419162-419165	-
fighter/dedede/result/c07	22	419166-419187	-
fighter/reflet/c00/camera	0		fighter/reflet/camera/c00
fighter/metaknight/cmn/ai	2	419188-419189	-
fighter/inkling/movie/c03	0		-
fighter/shizue/camera/c00	4	419190-419193	-
fighter/pacman/camera/c02	4	419194-419197	-
fighter/packun/c07/camera	0		fighter/packun/camera/c07
fighter/master/c06/camera	0		fighter/master/camera/c06
fighter/fox/kirbycopy/c02	19	419227-419245	-
fighter/miienemyf/c06/cmn	0		fighter/miienemyf/cmn
fighter/dedede/camera/c03	8	419246-419253	-
fighter/wiifit/c02/camera	0		fighter/wiifit/camera/c02
fighter/pacman/c04/camera	0		fighter/pacman/camera/c04
fighter/pikmin/result/c00	85	264655-264664,419254-419328	-
fighter/pikmin/result/c04	85	266258-266267,419332-419406	-
fighter/fox/kirbycopy/c06	19	419407-419425	-
fighter/reflet/c07/camera	0		fighter/reflet/camera/c07
fighter/dedede/camera/c07	8	419426-419433	-
fighter/pacman/camera/c06	4	419448-419451	-
fighter/eflame/c07/camera	0		fighter/eflame/camera/c07
fighter/tantan/c06/camera	0		fighter/tantan/camera/c06
fighter/koopag/c07/camera	0		fighter/koopag/camera/c07
fighter/inkling/movie/c07	0		-
fighter/shizue/camera/c04	4	419467-419470	-
fighter/ridley/camera/c02	9	419471-419479	-
fighter/pikachu/movie/c07	0		-
fighter/rockman/movie/c02	0		-
fighter/mewtwo/c06/camera	0		fighter/mewtwo/camera/c06
fighter/mariod/camera/c04	4	419481-419484	-
fighter/lucina/result/c00	0		-
fighter/packun/result/c05	34	419485-419518	-
item/murabitofruit/motion	0		-
fighter/koopag/result/c01	0		-
fighter/eflame/result/c01	12	237897,419519-419529	-
fighter/ridley/c04/camera	0		fighter/ridley/camera/c04
item/beamsword/model/body	0		-
item/killereyeshot/camera	0		-
fighter/reflet/result/c01	0		-
fighter/samusd/c05/camera	0		fighter/samusd/camera/c05
fighter/donkey/result/c04	0		-
item/poweresa/motion/body	0		-
fighter/ken/kirbycopy/c01	17	419530-419546	-
fighter/miigunner/c00/cmn	0		fighter/miigunner/cmn
fighter/gamewatch/c03/cmn	0		fighter/gamewatch/cmn
fighter/ken/kirbycopy/c05	17	419547-419563	-
fighter/samusd/cmn/effect	1	419564	-
fighter/donkey/result/c00	0		-
fighter/reflet/result/c05	0		-
fighter/mariod/camera/c00	4	419565-419568	-
fighter/koopag/result/c05	0		-
fighter/eflame/result/c05	12	238400,419569-419579	-
fighter/packun/result/c01	34	419580-419613	-
fighter/lucina/result/c04	0		-
item/younglinkbomb/effect	0		-
fighter/pikachu/movie/c03	0		-
fighter/ridley/camera/c06	9	419629-419637	-
fighter/bayonetta/c04/cmn	0		fighter/bayonetta/cmn
fighter/rockman/movie/c06	0		-
fighter/reflet/camera/c01	4	419653-419656	-
fighter/samusd/c02/camera	0		fighter/samusd/camera/c02
fighter/donkey/camera/c04	4	419657-419660	-
fighter/younglink/c02/cmn	0		fighter/younglink/cmn
fighter/littlemac/c03/cmn	0		fighter/littlemac/cmn
fighter/ridley/c03/camera	0		fighter/ridley/camera/c03
fighter/miienemys/c02/cmn	0		fighter/miienemys/cmn
fighter/ridley/result/c02	0		-
fighter/packun/camera/c05	4	419661-419664	-
fighter/lucina/camera/c00	5	419665-419669	-
fighter/dedede/finalsmash	0		-
fighter/eflame/camera/c01	6	419670-419675	-
fighter/koopag/camera/c01	0		-
fighter/mewtwo/c01/camera	0		fighter/mewtwo/camera/c01
fighter/mariod/result/c04	18	419676-419693	-
item/smashballheavy/model	0		-
fighter/eflame/camera/c05	6	419694-419699	-
fighter/koopag/camera/c05	0		-
fighter/lucina/camera/c04	5	419700-419704	-
fighter/packun/camera/c01	4	419705-419708	-
fighter/mariod/result/c00	20	419709-419728	-
fighter/szerosuit/c05/cmn	0		fighter/szerosuit/cmn
fighter/ridley/result/c06	0		-
fighter/miienemyg/c06/cmn	0		fighter/miienemyg/cmn
fighter/captain/kirbycopy	0		-
item/staffroulette/effect	0		-
fighter/donkey/camera/c00	4	419730-419733	-
fighter/reflet/camera/c05	4	419734-419737	-
fighter/pikachu/movie/c02	0		-
fighter/ridley/camera/c07	9	419753-419761	-
item/superleaftail/effect	0		-
fighter/rockman/movie/c07	0		-
fighter/pickel/c05/camera	0		fighter/pickel/camera/c05
fighter/shizue/c00/camera	0		fighter/shizue/camera/c00
fighter/mariod/camera/c01	4	419777-419780	-
fighter/koopag/result/c04	0		-
fighter/eflame/result/c04	12	279663,419781-419791	-
fighter/lucina/result/c05	0		-
fighter/packun/result/c00	34	419792-419825	-
fighter/gaogaen/kirbycopy	0		-
fighter/younglink/c00/cmn	0		fighter/younglink/cmn
fighter/littlemac/c01/cmn	0		fighter/littlemac/cmn
fighter/donkey/result/c01	0		-
fighter/reflet/result/c04	0		-
item/boomerang/model/body	0		-
fighter/pikmin/c07/camera	0		fighter/pikmin/camera/c07
fighter/miienemys/c00/cmn	0		fighter/miienemys/cmn
fighter/ken/kirbycopy/c04	17	419826-419842	-
fighter/ken/kirbycopy/c00	17	419843-419859	-
fighter/reflet/result/c00	0		-
fighter/donkey/result/c05	0		-
fighter/mariod/camera/c05	4	419860-419863	-
fighter/packun/result/c04	34	419864-419897	-
fighter/lucina/result/c01	0		-
fighter/pickel/cmn/effect	3	419898-419900	-
fighter/koopag/result/c00	0		-
fighter/eflame/result/c00	12	280180,419901-419911	-
fighter/ridley/camera/c03	9	419912-419920	-
fighter/miienemyg/c04/cmn	0		fighter/miienemyg/cmn
fighter/pikachu/movie/c06	0		-
fighter/rockman/movie/c03	0		-
fighter/fox/kirbycopy/cmn	2	419921-419922	-
item/mushd/model/body/c00	10	419923-419932	-
fighter/szerosuit/c07/cmn	0		fighter/szerosuit/cmn
fighter/donkey/camera/c01	4	419933-419936	-
item/stage/script/animcmd	0		-
fighter/reflet/camera/c04	4	419937-419940	-
item/smashballheavy/param	1	419941	-
fighter/pikmin/c00/camera	0		fighter/pikmin/camera/c00
fighter/pickel/c02/camera	0		fighter/pickel/camera/c02
fighter/shizue/c07/camera	0		fighter/shizue/camera/c07
item/crossbomb/model/body	0		-
fighter/ridley/result/c07	0		-
fighter/eflame/camera/c04	6	419943-419948	-
fighter/koopag/camera/c04	0		-
fighter/packun/camera/c00	4	419949-419952	-
fighter/lucina/camera/c05	5	419953-419957	-
item/explosionbomb/effect	0		-
fighter/mariod/result/c01	18	419959-419976	-
fighter/lucina/camera/c01	5	419977-419981	-
fighter/packun/camera/c04	4	419982-419985	-
fighter/eflame/camera/c00	6	419986-419991	-
fighter/koopag/camera/c00	0		-
item/deku/motion/body/c00	1	419992	-
item/slow/motion/body/c00	2	419993-419994	-
fighter/mariod/result/c05	18	419995-420012	-
fighter/bayonetta/c06/cmn	0		fighter/bayonetta/cmn
fighter/ridley/result/c03	0		-
item/clubshot/motion/body	0		-
fighter/gamewatch/c01/cmn	0		fighter/gamewatch/cmn
item/honeycomb/model/body	0		-
fighter/reflet/camera/c00	4	420013-420016	-
fighter/donkey/camera/c05	4	420017-420020	-
fighter/pacman/finalsmash	0		-
fighter/dedede/result/c06	22	420021-420042	-
fighter/miienemyf/c04/cmn	0		fighter/miienemyf/cmn
fighter/pikmin/camera/c05	4	420045-420048	-
fighter/shizue/result/c05	0		-
item/steeldivershot/model	0		-
fighter/lucina/c00/camera	0		fighter/lucina/camera/c00
fighter/pacman/result/c07	37	267910-267923,268315-268318,420049-420067	-
fighter/mariod/c07/camera	0		fighter/mariod/camera/c07
fighter/pacman/result/c03	37	270388-270401,270793-270796,420068-420086	-
fighter/shizue/result/c01	0		-
fighter/dedede/c03/camera	0		fighter/dedede/camera/c03
fighter/pikmin/camera/c01	4	420088-420091	-
fighter/ridley/finalsmash	0		-
fighter/elight/c06/camera	0		fighter/elight/camera/c06
fighter/dedede/result/c02	22	420092-420113	-
fighter/donkey/c00/camera	0		fighter/donkey/camera/c00
fighter/inkling/movie/c06	0		-
fighter/shizue/camera/c05	4	420143-420146	-
fighter/pacman/camera/c07	4	420161-420164	-
fighter/lucina/c07/camera	0		fighter/lucina/camera/c07
fighter/fox/kirbycopy/c07	19	420180-420198	-
fighter/pfushigisou/movie	0		-
item/teamhealfield/effect	0		-
fighter/dedede/camera/c06	8	420199-420206	-
fighter/pikmin/result/c05	85	256422-256431,420207-420281	-
item/buddybomb/model/body	0		-
fighter/pzenigame/c07/cmn	0		fighter/pzenigame/cmn
item/bananagunshot/effect	0		-
fighter/pikmin/result/c01	85	258326-258335,420282-420356	-
fighter/fox/kirbycopy/c03	19	420358-420376	-
fighter/dedede/camera/c02	8	420390-420397	-
fighter/donkey/c07/camera	0		fighter/donkey/camera/c07
fighter/elight/c01/camera	0		fighter/elight/camera/c01
fighter/pacman/camera/c03	4	420398-420401	-
item/killsword/model/body	0		-
fighter/mariod/c00/camera	0		fighter/mariod/camera/c00
fighter/inkling/movie/c02	0		-
fighter/miifighter/camera	0		-
fighter/dedede/c04/camera	0		fighter/dedede/camera/c04
fighter/plizardon/c00/cmn	0		fighter/plizardon/cmn
fighter/shizue/camera/c01	4	420431-420434	-
fighter/elight/camera/c03	8	420436-420443	-
fighter/pickel/camera/c00	5	420444-420448	-
item/screw/script/animcmd	0		-
fighter/packun/c02/camera	0		fighter/packun/camera/c02
fighter/master/c03/camera	0		fighter/master/camera/c03
fighter/wiifit/c07/camera	0		fighter/wiifit/camera/c07
fighter/samusd/camera/c05	4	420449-420452	-
fighter/pit/kirbycopy/c00	20	420453-420472	-
fighter/richter/movie/c04	0		-
fighter/koopajr/movie/c06	0		-
fighter/plizardon/c01/cmn	0		fighter/plizardon/cmn
fighter/rosetta/movie/c04	0		-
fighter/tantan/result/c06	0		-
fighter/master/result/c02	0		-
fighter/pacman/c01/camera	0		fighter/pacman/camera/c01
fighter/master/result/c06	0		-
item/superstar/model/body	0		-
item/walkmushflower/param	1	420474	-
fighter/tantan/result/c02	0		-
item/ripstickflower/param	1	420476	-
fighter/richter/movie/c00	0		-
fighter/pit/kirbycopy/c04	18	420478-420495	-
fighter/reflet/c02/camera	0		fighter/reflet/camera/c02
fighter/samusd/camera/c01	4	420496-420499	-
fighter/rosetta/movie/c00	0		-
item/st_fruit/motion/body	0		-
fighter/koopajr/movie/c02	0		-
item/badge/model/body/c00	11	420500-420510	-
fighter/eflame/c02/camera	0		fighter/eflame/camera/c02
fighter/tantan/c03/camera	0		fighter/tantan/camera/c03
fighter/koopag/c02/camera	0		fighter/koopag/camera/c02
fighter/pzenigame/c06/cmn	0		fighter/pzenigame/cmn
fighter/pickel/camera/c04	5	420511-420515	-
fighter/elight/camera/c07	8	420533-420540	-
fighter/samusd/result/c05	31	240615-240616,420541-420569	-
fighter/wiifit/c00/camera	0		fighter/wiifit/camera/c00
fighter/pacman/c06/camera	0		fighter/pacman/camera/c06
fighter/reflet/cmn/effect	28	420570-420597	-
item/healball/motion/body	0		-
fighter/tantan/camera/c06	8	420598-420605	-
fighter/ike/kirbycopy/c04	37	420606-420642	-
fighter/master/camera/c02	8	420643-420650	-
fighter/roy/kirbycopy/c05	33	420651-420683	-
fighter/ryu/kirbycopy/cmn	4	420684-420687	-
fighter/elight/result/c03	12	273649,420688-420698	-
fighter/eflame/cmn/effect	4	420699-420702	-
fighter/koopag/cmn/effect	1	420703	-
fighter/pickel/result/c00	33	420704-420736	-
fighter/lucario/movie/c01	0		-
fighter/packun/c05/camera	0		fighter/packun/camera/c05
fighter/master/c04/camera	0		fighter/master/camera/c04
fighter/eflame/c05/camera	0		fighter/eflame/camera/c05
fighter/lucario/movie/c05	0		-
fighter/koopag/c05/camera	0		fighter/koopag/camera/c05
fighter/tantan/c04/camera	0		fighter/tantan/camera/c04
fighter/miienemyf/c05/cmn	0		fighter/miienemyf/cmn
fighter/pickel/result/c04	33	420738-420770	-
fighter/packun/cmn/effect	1	420771	-
item/fireflowershot/model	0		-
fighter/elight/result/c07	12	271568,420772-420782	-
fighter/roy/kirbycopy/c01	33	420783-420815	-
fighter/master/camera/c06	8	420816-420823	-
fighter/tantan/camera/c02	8	420824-420831	-
fighter/ike/kirbycopy/c00	43	420832-420874	-
fighter/reflet/c05/camera	0		fighter/reflet/camera/c05
fighter/samusd/result/c01	31	241193-241194,420875-420903	-
fighter/bayonetta/c07/cmn	0		fighter/bayonetta/cmn
fighter/ridley/c06/camera	0		fighter/ridley/camera/c06
fighter/ryu/kirbycopy/c03	18	420904-420921	-
fighter/wiifit/camera/c05	4	420922-420925	-
fighter/samusd/c07/camera	0		fighter/samusd/camera/c07
item/usagihat/motion/body	0		-
fighter/mewtwo/camera/c02	5	420926-420930	-
fighter/elight/finalsmash	0		-
item/murabitofruit/effect	0		-
fighter/gaogaen/movie/c03	0		-
fighter/mewtwo/c04/camera	0		fighter/mewtwo/camera/c04
item/club/motion/body/c00	1	420932	-
fighter/gamewatch/c00/cmn	0		fighter/gamewatch/cmn
item/younglinkbomb/motion	0		-
fighter/gaogaen/movie/c07	0		-
fighter/mewtwo/camera/c06	5	420933-420937	-
item/simonholywater/param	0		-
item/killereye/model/body	0		-
fighter/miifighter/result	0		-
fighter/wiifit/camera/c01	4	420938-420941	-
fighter/ryu/kirbycopy/c07	18	420942-420959	-
fighter/rockman/kirbycopy	0		-
fighter/element/movie/c04	0		-
fighter/captain/movie/c02	0		-
fighter/mewtwo/c03/camera	0		fighter/mewtwo/camera/c03
fighter/samusd/c00/camera	0		fighter/samusd/camera/c00
fighter/miienemyg/c05/cmn	0		fighter/miienemyg/cmn
fighter/wiifit/result/c05	0		-
fighter/szerosuit/c06/cmn	0		fighter/szerosuit/cmn
fighter/ridley/c01/camera	0		fighter/ridley/camera/c01
item/curry/model/body/c00	18	420960-420977	-
fighter/miifighter/append	0		-
fighter/mewtwo/result/c02	0		-
fighter/mewtwo/result/c06	0		-
item/staffroulette/motion	0		-
fighter/wiifit/result/c01	0		-
fighter/captain/movie/c06	0		-
fighter/element/movie/c00	0		-
fighter/miienemys/c01/cmn	0		fighter/miienemys/cmn
fighter/younglink/c01/cmn	0		fighter/younglink/cmn
fighter/littlemac/c00/cmn	0		fighter/littlemac/cmn
item/ripstick/motion/body	0		-
item/walkmush/motion/body	0		-
item/superleaf/model/body	0		-
fighter/roy/kirbycopy/c03	33	420979-421011	-
fighter/master/camera/c04	8	421012-421019	-
fighter/tantan/camera/c00	8	421020-421027	-
fighter/ike/kirbycopy/c02	37	421028-421064	-
fighter/samusd/result/c03	31	236194-236195,421065-421093	-
item/unira/script/animcmd	0		-
fighter/lucario/movie/c07	0		-
fighter/pickel/result/c06	33	421097-421129	-
fighter/elight/result/c05	12	209686,421130-421140	-
fighter/elight/result/c01	12	207604,421142-421152	-
item/staff/model/body/c00	11	421154-421164	-
fighter/pickel/result/c02	33	421165-421197	-
fighter/pikmin/c01/camera	0		fighter/pikmin/camera/c01
fighter/bayonetta/c03/cmn	0		fighter/bayonetta/cmn
fighter/lucario/movie/c03	0		-
fighter/gamewatch/c04/cmn	0		fighter/gamewatch/cmn
fighter/shizue/c06/camera	0		fighter/shizue/camera/c06
fighter/pickel/c03/camera	0		fighter/pickel/camera/c03
fighter/samusd/result/c07	31	236786-236787,421198-421226	-
fighter/tantan/camera/c04	8	421227-421234	-
fighter/ike/kirbycopy/c06	37	421235-421271	-
fighter/master/camera/c00	8	421273-421280	-
fighter/roy/kirbycopy/c07	33	421281-421313	-
fighter/wiifit/finalsmash	0		-
fighter/pickel/camera/c06	5	421314-421318	-
fighter/elight/camera/c05	8	421319-421326	-
fighter/master/result/c04	0		-
fighter/tantan/result/c00	0		-
fighter/younglink/c05/cmn	0		fighter/younglink/cmn
fighter/littlemac/c04/cmn	0		fighter/littlemac/cmn
fighter/richter/movie/c02	0		-
fighter/pit/kirbycopy/c06	18	421327-421344	-
fighter/miienemys/c05/cmn	0		fighter/miienemys/cmn
fighter/samusd/camera/c03	4	421345-421348	-
fighter/rosetta/movie/c02	0		-
fighter/koopajr/movie/c00	0		-
fighter/samusd/camera/c07	4	421349-421352	-
fighter/pit/kirbycopy/c02	18	421353-421370	-
fighter/shizue/c01/camera	0		fighter/shizue/camera/c01
fighter/pickel/c04/camera	0		fighter/pickel/camera/c04
fighter/richter/movie/c06	0		-
item/snakecbox/model/body	0		-
fighter/koopajr/movie/c04	0		-
fighter/rosetta/movie/c06	0		-
fighter/tantan/result/c04	0		-
fighter/master/result/c00	0		-
fighter/elight/camera/c01	8	421373-421380	-
fighter/pickel/camera/c02	5	421381-421385	-
fighter/szerosuit/c02/cmn	0		fighter/szerosuit/cmn
fighter/pikmin/c06/camera	0		fighter/pikmin/camera/c06
fighter/miienemyg/c01/cmn	0		fighter/miienemyg/cmn
item/magicpot/motion/body	0		-
fighter/captain/movie/c04	0		-
fighter/element/movie/c02	0		-
fighter/donkey/c06/camera	0		fighter/donkey/camera/c06
fighter/elight/c00/camera	0		fighter/elight/camera/c00
item/linkarrow/model/body	0		-
fighter/mewtwo/result/c04	0		-
fighter/mariod/c01/camera	0		fighter/mariod/camera/c01
fighter/dedede/c05/camera	0		fighter/dedede/camera/c05
fighter/wiifit/result/c03	0		-
fighter/pzenigame/c02/cmn	0		fighter/pzenigame/cmn
fighter/wiifit/result/c07	0		-
item/staffroulette/script	0		-
fighter/dedede/cmn/effect	2	421389-421390	-
fighter/lucina/c06/camera	0		fighter/lucina/camera/c06
item/bananagun/model/body	0		-
fighter/mewtwo/result/c00	0		-
item/heart/model/body/c00	11	421391-421401	-
fighter/element/movie/c06	0		-
fighter/captain/movie/c00	0		-
fighter/plizardon/c05/cmn	0		fighter/plizardon/cmn
fighter/mewtwo/camera/c04	5	421402-421406	-
fighter/mariod/c06/camera	0		fighter/mariod/camera/c06
fighter/miienemyf/c01/cmn	0		fighter/miienemyf/cmn
fighter/wiifit/camera/c03	4	421407-421410	-
fighter/ryu/kirbycopy/c05	18	421411-421428	-
item/smartbomb/model/body	0		-
fighter/dedede/c02/camera	0		fighter/dedede/camera/c02
item/revengeshooter/param	1	421429	-
fighter/miifighter/cmn/ai	2	421430-421431	-
fighter/roy/kirbycopy/cmn	6	418792-418797	-
fighter/samusd/finalsmash	0		-
fighter/gaogaen/movie/c05	0		-
fighter/elight/c07/camera	0		fighter/elight/camera/c07
fighter/donkey/c01/camera	0		fighter/donkey/camera/c01
item/linkbomb/motion/body	0		-
item/warpstar/motion/body	0		-
fighter/gaogaen/movie/c01	0		-
item/younglinkbomb/script	0		-
fighter/ryu/kirbycopy/c01	18	421432-421449	-
fighter/wiifit/camera/c07	4	421450-421453	-
fighter/mewtwo/camera/c00	5	421454-421458	-
fighter/lucina/c01/camera	0		fighter/lucina/camera/c01
fighter/shizue/finalsmash	0		-
fighter/eflame/c04/camera	0		fighter/eflame/camera/c04
fighter/koopag/c04/camera	0		fighter/koopag/camera/c04
fighter/tantan/c05/camera	0		fighter/tantan/camera/c05
item/smashball/model/body	0		-
fighter/reflet/camera/c02	4	421460-421463	-
fighter/donkey/camera/c07	4	421464-421467	-
fighter/master/cmn/effect	5	421468-421472	-
fighter/lucina/camera/c03	5	421473-421477	-
fighter/packun/camera/c06	4	421478-421481	-
fighter/eflame/camera/c02	6	421482-421487	-
fighter/koopag/camera/c02	0		-
fighter/mariod/result/c07	18	421488-421505	-
fighter/reflet/c04/camera	0		fighter/reflet/camera/c04
item/mushroom/motion/body	0		-
fighter/ridley/result/c01	0		-
fighter/wiifit/c01/camera	0		fighter/wiifit/camera/c01
fighter/ridley/result/c05	0		-
fighter/eflame/camera/c06	6	421507-421512	-
fighter/koopag/camera/c06	0		-
fighter/packun/camera/c02	4	421513-421516	-
fighter/lucina/camera/c07	5	421517-421521	-
fighter/pacman/c07/camera	0		fighter/pacman/camera/c07
item/superscopeshot/model	0		-
fighter/mariod/result/c03	18	421522-421539	-
fighter/miienemyf/c00/cmn	0		fighter/miienemyf/cmn
fighter/donkey/camera/c03	4	421540-421543	-
item/doll/motion/body/c00	1	421544	-
fighter/reflet/camera/c06	4	421545-421548	-
fighter/tantan/cmn/effect	1	421549	-
fighter/packun/c04/camera	0		fighter/packun/camera/c04
fighter/master/c05/camera	0		fighter/master/camera/c05
fighter/mariod/camera/c07	4	421550-421553	-
fighter/packun/result/c06	34	421554-421587	-
fighter/lucina/result/c03	0		-
fighter/koopag/result/c02	0		-
fighter/eflame/result/c02	12	198568,421588-421598	-
fighter/ridley/camera/c01	9	421599-421607	-
fighter/pikmin/finalsmash	0		-
fighter/pikachu/movie/c04	0		-
fighter/rockman/movie/c01	0		-
fighter/reflet/c03/camera	0		fighter/reflet/camera/c03
fighter/plizardon/c04/cmn	0		fighter/plizardon/cmn
item/grass/script/animcmd	0		-
fighter/eflame/c03/camera	0		fighter/eflame/camera/c03
fighter/tantan/c02/camera	0		fighter/tantan/camera/c02
fighter/koopag/c03/camera	0		fighter/koopag/camera/c03
fighter/ken/kirbycopy/c02	17	421608-421624	-
item/drill/script/animcmd	0		-
fighter/reflet/result/c02	0		-
fighter/donkey/result/c07	0		-
fighter/donkey/result/c03	0		-
fighter/reflet/result/c06	0		-
fighter/packun/c03/camera	0		fighter/packun/camera/c03
fighter/master/c02/camera	0		fighter/master/camera/c02
fighter/ken/kirbycopy/c06	17	421627-421643	-
fighter/pzenigame/c03/cmn	0		fighter/pzenigame/cmn
fighter/pikachu/movie/c00	0		-
fighter/ridley/camera/c05	9	421644-421652	-
fighter/wiifit/c06/camera	0		fighter/wiifit/camera/c06
fighter/rockman/movie/c05	0		-
fighter/mariod/camera/c03	4	421653-421656	-
fighter/pacman/c00/camera	0		fighter/pacman/camera/c00
fighter/koopag/result/c06	0		-
fighter/eflame/result/c06	12	199096,421657-421667	-
fighter/lucina/result/c07	0		-
fighter/packun/result/c02	34	421668-421701	-
fighter/pacman/camera/c01	4	421702-421705	-
fighter/inkling/movie/c00	0		-
fighter/shizue/camera/c03	4	421739-421742	-
fighter/pikmin/result/c03	85	222264-222273,421743-421817	-
fighter/szerosuit/c03/cmn	0		fighter/szerosuit/cmn
fighter/miienemyg/c00/cmn	0		fighter/miienemyg/cmn
fighter/fox/kirbycopy/c01	19	421819-421837	-
fighter/dedede/camera/c00	8	421841-421848	-
fighter/lucina/finalsmash	0		-
item/staffroulette/camera	0		-
fighter/fox/kirbycopy/c05	19	421850-421868	-
fighter/dedede/camera/c04	8	421869-421876	-
fighter/mewtwo/c02/camera	0		fighter/mewtwo/camera/c02
fighter/pikmin/result/c07	85	223542-223551,421877-421951	-
fighter/lucario/kirbycopy	0		-
fighter/miienemys/c04/cmn	0		fighter/miienemys/cmn
fighter/inkling/movie/c04	0		-
fighter/ridley/c00/camera	0		fighter/ridley/camera/c00
fighter/samusd/c01/camera	0		fighter/samusd/camera/c01
fighter/shizue/camera/c07	4	421952-421955	-
fighter/pacman/camera/c05	4	421970-421973	-
fighter/donkey/finalsmash	0		-
item/smashbombheavy/param	1	421974	-
fighter/younglink/c04/cmn	0		fighter/younglink/cmn
fighter/littlemac/c05/cmn	0		fighter/littlemac/cmn
fighter/pikmin/camera/c03	4	421990-421993	-
fighter/bayonetta/c02/cmn	0		fighter/bayonetta/cmn
fighter/dedede/result/c00	22	421994-422015	-
item/sandbaghr/model/body	0		-
fighter/mewtwo/cmn/effect	13	422018-422030	-
item/st_shell/motion/body	0		-
item/younglinkbomb/camera	0		-
fighter/pacman/result/c01	37	210521-210534,210926-210929,422031-422049	-
fighter/gamewatch/c05/cmn	0		fighter/gamewatch/cmn
fighter/shizue/result/c03	0		-
fighter/samusd/c06/camera	0		fighter/samusd/camera/c06
fighter/shizue/result/c07	0		-
fighter/ridley/c07/camera	0		fighter/ridley/camera/c07
fighter/pacman/result/c05	37	214126-214139,214531-214534,422050-422068	-
fighter/dedede/result/c04	22	422069-422090	-
fighter/mariod/finalsmash	0		-
item/killereyeshot/effect	0		-
fighter/mewtwo/c05/camera	0		fighter/mewtwo/camera/c05
fighter/pikmin/camera/c07	4	422091-422094	-
fighter/pacman/camera/c04	4	422109-422112	-
fighter/inkling/movie/c05	0		-
item/wariobike/model/body	0		-
fighter/shizue/camera/c06	4	422128-422131	-
fighter/gamewatch/c07/cmn	0		fighter/gamewatch/cmn
fighter/bayonetta/c00/cmn	0		fighter/bayonetta/cmn
fighter/pikmin/result/c06	85	199891-199900,422132-422206	-
fighter/fox/kirbycopy/c04	19	422207-422225	-
fighter/packun/finalsmash	0		-
fighter/dedede/camera/c05	8	422227-422234	-
fighter/fox/kirbycopy/c00	21	419921-419922,422235-422253	-
fighter/dedede/camera/c01	8	422254-422261	-
fighter/shizue/c04/camera	0		fighter/shizue/camera/c04
fighter/pickel/c01/camera	0		fighter/pickel/camera/c01
item/smashbombheavy/model	0		-
fighter/koopag/finalsmash	0		-
fighter/eflame/finalsmash	0		-
fighter/pikmin/result/c02	85	201795-201804,422263-422337	-
fighter/inkling/movie/c01	0		-
fighter/metaknight/append	0		-
fighter/shizue/camera/c02	4	422339-422342	-
item/explosionbomb/camera	0		-
fighter/pacman/camera/c00	4	422344-422347	-
fighter/pikmin/c03/camera	0		fighter/pikmin/camera/c03
item/robotgyro/model/body	0		-
fighter/ken/kirbycopy/cmn	0		-
fighter/reflet/finalsmash	0		-
item/magicball/model/body	0		-
fighter/miienemyg/c02/cmn	0		fighter/miienemyg/cmn
item/grass/model/body/c00	11	422377-422387	-
fighter/szerosuit/c01/cmn	0		fighter/szerosuit/cmn
fighter/pikmin/camera/c06	4	422388-422391	-
fighter/dedede/result/c05	22	422392-422413	-
item/drill/model/body/c00	11	422414-422424	-
fighter/metaknight/result	0		-
fighter/pacman/result/c04	37	217651-217664,218056-218059,422426-422444	-
fighter/shizue/result/c06	0		-
fighter/shizue/result/c02	0		-
fighter/richter/kirbycopy	0		-
item/blackball/model/body	0		-
fighter/miienemys/c06/cmn	0		fighter/miienemys/cmn
fighter/rosetta/kirbycopy	0		-
fighter/younglink/c06/cmn	0		fighter/younglink/cmn
fighter/littlemac/c07/cmn	0		fighter/littlemac/cmn
fighter/pikmin/c04/camera	0		fighter/pikmin/camera/c04
fighter/pacman/result/c00	37	221652-221655,422446-422478	-
item/superleaftail/camera	0		-
fighter/dedede/result/c01	22	422479-422500	-
fighter/shizue/c03/camera	0		fighter/shizue/camera/c03
fighter/pickel/c06/camera	0		fighter/pickel/camera/c06
fighter/pikmin/camera/c02	4	422501-422504	-
fighter/mariod/c03/camera	0		fighter/mariod/camera/c03
fighter/plizardon/c06/cmn	0		fighter/plizardon/cmn
fighter/dedede/c07/camera	0		fighter/dedede/camera/c07
fighter/donkey/camera/c02	4	422507-422510	-
item/bananagunshot/camera	0		-
fighter/reflet/camera/c07	4	422511-422514	-
fighter/eflame/camera/c07	6	422515-422520	-
fighter/koopag/camera/c07	0		-
fighter/lucina/camera/c06	5	422521-422525	-
fighter/packun/camera/c03	4	422526-422529	-
fighter/mariod/result/c02	18	422530-422547	-
fighter/donkey/c04/camera	0		fighter/donkey/camera/c04
fighter/elight/c02/camera	0		fighter/elight/camera/c02
fighter/ridley/result/c04	0		-
fighter/ridley/result/c00	0		-
fighter/pzenigame/c01/cmn	0		fighter/pzenigame/cmn
fighter/packun/camera/c07	4	422550-422553	-
fighter/lucina/camera/c02	5	422554-422558	-
fighter/eflame/camera/c03	6	422559-422564	-
fighter/koopag/camera/c03	0		-
fighter/mariod/result/c06	18	422565-422582	-
fighter/reflet/camera/c03	4	422583-422586	-
fighter/donkey/camera/c06	4	422587-422590	-
item/superscopeshot/param	1	422591	-
fighter/element/kirbycopy	0		-
fighter/lucina/c04/camera	0		fighter/lucina/camera/c04
item/teamhealfield/camera	0		-
fighter/mariod/camera/c02	4	422626-422629	-
fighter/koopag/result/c07	0		-
fighter/eflame/result/c07	12	231610,422630-422640	-
item/murabitofruit/script	0		-
fighter/packun/result/c03	34	422641-422674	-
fighter/lucina/result/c06	0		-
fighter/pikachu/movie/c01	0		-
fighter/ridley/camera/c04	9	422675-422683	-
fighter/elight/c05/camera	0		fighter/elight/camera/c05
fighter/rockman/movie/c04	0		-
fighter/donkey/c03/camera	0		fighter/donkey/camera/c03
fighter/mariod/c04/camera	0		fighter/mariod/camera/c04
fighter/ken/kirbycopy/c07	17	422684-422700	-
fighter/donkey/result/c02	0		-
fighter/reflet/result/c07	0		-
fighter/dedede/c00/camera	0		fighter/dedede/camera/c00
fighter/reflet/result/c03	0		-
fighter/donkey/result/c06	0		-
fighter/ken/kirbycopy/c03	17	422701-422717	-
fighter/lucina/c03/camera	0		fighter/lucina/camera/c03
fighter/ridley/camera/c00	9	422718-422726	-
fighter/pikachu/movie/c05	0		-
fighter/rockman/movie/c00	0		-
fighter/miienemyf/c02/cmn	0		fighter/miienemyf/cmn
fighter/mariod/camera/c06	4	422727-422730	-
fighter/elight/cmn/effect	6	422731-422736	-
fighter/lucina/result/c02	0		-
fighter/packun/result/c07	34	422737-422770	-
fighter/koopag/result/c03	0		-
fighter/eflame/result/c03	12	232163,422771-422781	-
fighter/element/movie/c07	0		-
fighter/captain/movie/c01	0		-
item/unira/model/body/c00	11	422782-422792	-
fighter/reflet/c06/camera	0		fighter/reflet/camera/c06
item/explosionbomb/script	0		-
fighter/pacman/cmn/effect	1	422793	-
fighter/pit/kirbycopy/cmn	2	420471-420472	-
fighter/metaknight/camera	0		-
fighter/eflame/c06/camera	0		fighter/eflame/camera/c06
fighter/miienemyf/c03/cmn	0		fighter/miienemyf/cmn
fighter/tantan/c07/camera	0		fighter/tantan/camera/c07
fighter/koopag/c06/camera	0		fighter/koopag/camera/c06
fighter/mewtwo/result/c01	0		-
fighter/wiifit/result/c06	0		-
fighter/wiifit/result/c02	0		-
item/pacmankey/model/body	0		-
fighter/packun/c06/camera	0		fighter/packun/camera/c06
fighter/master/c07/camera	0		fighter/master/camera/c07
fighter/mewtwo/result/c05	0		-
item/wood/motion/body/c00	1	422795	-
item/staff/script/animcmd	0		-
fighter/wiifit/c03/camera	0		fighter/wiifit/camera/c03
fighter/captain/movie/c05	0		-
fighter/element/movie/c03	0		-
fighter/pacman/c05/camera	0		fighter/pacman/camera/c05
item/book/motion/body/c00	1	422796	-
fighter/mewtwo/camera/c01	5	422797-422801	-
fighter/eflame/c01/camera	0		fighter/eflame/camera/c01
fighter/koopag/c01/camera	0		fighter/koopag/camera/c01
fighter/tantan/c00/camera	0		fighter/tantan/camera/c00
fighter/pickel/finalsmash	0		-
item/revengeshooter/model	0		-
fighter/pzenigame/c00/cmn	0		fighter/pzenigame/cmn
fighter/ryu/kirbycopy/c00	22	420684-420687,422802-422819	-
fighter/wiifit/camera/c06	4	422820-422823	-
item/superleaftail/script	0		-
fighter/gaogaen/movie/c00	0		-
fighter/reflet/c01/camera	0		fighter/reflet/camera/c01
fighter/gaogaen/movie/c04	0		-
fighter/wiifit/c04/camera	0		fighter/wiifit/camera/c04
item/doseisan/motion/body	0		-
fighter/ike/kirbycopy/cmn	6	420869-420874	-
fighter/pacman/c02/camera	0		fighter/pacman/camera/c02
fighter/plizardon/c07/cmn	0		fighter/plizardon/cmn
item/powblock/motion/body	0		-
fighter/wiifit/camera/c02	4	422831-422834	-
fighter/ryu/kirbycopy/c04	18	422835-422852	-
fighter/mewtwo/camera/c05	5	422853-422857	-
fighter/packun/c01/camera	0		fighter/packun/camera/c01
fighter/master/c00/camera	0		fighter/master/camera/c00
item/powderbox/model/body	0		-
item/teamhealfield/script	0		-
fighter/younglink/c07/cmn	0		fighter/younglink/cmn
fighter/littlemac/c06/cmn	0		fighter/littlemac/cmn
fighter/ike/kirbycopy/c07	37	422858-422894	-
fighter/tantan/camera/c05	8	422895-422902	-
fighter/master/camera/c01	8	422903-422910	-
fighter/roy/kirbycopy/c06	33	422911-422943	-
fighter/samusd/result/c06	31	195821-195822,422944-422972	-
fighter/miienemys/c07/cmn	0		fighter/miienemys/cmn
fighter/lucario/movie/c02	0		-
fighter/elight/result/c00	12	216816,422986-422996	-
fighter/pickel/result/c03	33	422997-423029	-
fighter/ridley/c02/camera	0		fighter/ridley/camera/c02
fighter/pickel/result/c07	33	423030-423062	-
fighter/samusd/c03/camera	0		fighter/samusd/camera/c03
fighter/elight/result/c04	12	214742,423063-423073	-
fighter/miienemyg/c03/cmn	0		fighter/miienemyg/cmn
fighter/szerosuit/c00/cmn	0		fighter/szerosuit/cmn
fighter/lucario/movie/c06	0		-
item/heart/script/animcmd	0		-
item/bananagunshot/script	0		-
fighter/samusd/result/c02	31	196414-196415,423074-423102	-
fighter/mewtwo/c00/camera	0		fighter/mewtwo/camera/c00
fighter/roy/kirbycopy/c02	33	423104-423136	-
fighter/master/camera/c05	8	423137-423144	-
fighter/ike/kirbycopy/c03	37	423145-423181	-
fighter/tantan/camera/c01	8	423182-423189	-
fighter/ridley/cmn/effect	1	423191	-
fighter/elight/camera/c00	8	423192-423199	-
fighter/pickel/camera/c03	5	423200-423204	-
fighter/tantan/result/c05	0		-
fighter/master/result/c01	0		-
fighter/samusd/camera/c06	4	423205-423208	-
fighter/pit/kirbycopy/c03	18	423209-423226	-
fighter/richter/movie/c07	0		-
fighter/koopajr/movie/c05	0		-
fighter/rosetta/movie/c07	0		-
fighter/richter/movie/c03	0		-
fighter/pit/kirbycopy/c07	18	423270-423287	-
item/killereyeshot/motion	0		-
fighter/samusd/camera/c02	4	423290-423293	-
fighter/rosetta/movie/c03	0		-
fighter/gamewatch/c06/cmn	0		fighter/gamewatch/cmn
fighter/koopajr/movie/c01	0		-
fighter/master/result/c05	0		-
fighter/tantan/result/c01	0		-
fighter/mewtwo/c07/camera	0		fighter/mewtwo/camera/c07
fighter/pickel/camera/c07	5	423294-423298	-
fighter/elight/camera/c04	8	423299-423306	-
fighter/samusd/c04/camera	0		fighter/samusd/camera/c04
fighter/ridley/c05/camera	0		fighter/ridley/camera/c05
fighter/bayonetta/c01/cmn	0		fighter/bayonetta/cmn
item/murabitofruit/camera	0		-
fighter/rockman/result/c04	0		-
fighter/metaknight/c06/cmn	0		fighter/metaknight/cmn
item/grass/motion/body/c00	4	423307-423310	-
fighter/lucario/finalsmash	0		-
fighter/koopajr/c05/camera	0		fighter/koopajr/camera/c05
fighter/captain/c05/camera	0		fighter/captain/camera/c05
fighter/pikachu/finalsmash	0		-
item/smashballheavy/camera	0		-
fighter/link/kirbycopy/c07	15	423313-423327	-
fighter/link/kirbycopy/c03	15	423329-423343	-
fighter/koopajr/cmn/effect	1	423344	-
fighter/captain/cmn/effect	1	423345	-
item/smashbombheavy/effect	0		-
fighter/gaogaen/finalsmash	0		-
item/steeldivershot/motion	0		-
fighter/rockman/result/c00	0		-
fighter/koopajr/c02/camera	0		fighter/koopajr/camera/c02
fighter/palutena/movie/c00	0		-
fighter/captain/c02/camera	0		fighter/captain/camera/c02
item/banana/model/body/c00	11	423346-423356	-
fighter/murabito/movie/c00	0		-
fighter/gekkouga/movie/c06	0		-
fighter/ptrainer/movie/c03	0		-
fighter/rockman/camera/c04	6	423358-423363	-
fighter/wolf/kirbycopy/c03	14	423364-423377	-
fighter/jack/kirbycopy/c01	32	423378-423409	-
fighter/wolf/kirbycopy/c07	14	423410-423423	-
item/hammer/model/body/c00	11	423424-423434	-
fighter/jack/kirbycopy/c05	32	423435-423466	-
fighter/rockman/camera/c00	6	423467-423472	-
fighter/ptrainer/movie/c07	0		-
item/killertransform/model	0		-
fighter/gekkouga/movie/c02	0		-
fighter/murabito/movie/c04	0		-
fighter/palutena/movie/c04	0		-
fighter/lucario/camera/c03	4	423475-423478	-
fighter/gaogaen/camera/c07	7	423479-423485	-
fighter/wolf/kirbycopy/cmn	0		-
fighter/element/camera/c00	0		-
fighter/rosetta/camera/c04	5	423487-423491	-
fighter/inkling/camera/c00	5	423493-423497	-
item/smartbomb/motion/body	0		-
fighter/pikachu/camera/c03	4	423498-423501	-
fighter/richter/c06/camera	0		fighter/richter/camera/c06
fighter/pikachu/camera/c07	4	423504-423507	-
fighter/element/camera/c04	0		-
fighter/rosetta/camera/c00	5	423509-423513	-
fighter/inkling/camera/c04	5	423514-423518	-
fighter/lucario/camera/c07	4	423519-423522	-
fighter/gaogaen/camera/c03	7	423542-423548	-
fighter/inkling/result/c00	0		-
fighter/rosetta/result/c04	0		-
fighter/element/result/c00	0		-
item/hammerhead/model/body	0		-
fighter/ness/kirbycopy/c05	15	423563-423577	-
fighter/pikachu/result/c03	0		-
fighter/gaogaen/result/c07	18	423578-423595	-
fighter/lucario/result/c03	0		-
fighter/gaogaen/result/c03	18	423601-423618	-
fighter/lucario/result/c07	0		-
item/ripstickflower/script	0		-
item/backshield/model/body	0		-
fighter/link/kirbycopy/cmn	4	423620-423623	-
fighter/pikachu/result/c07	0		-
fighter/ness/kirbycopy/c01	15	423624-423638	-
fighter/richter/c01/camera	0		fighter/richter/camera/c01
item/killsword/motion/body	0		-
fighter/inkling/result/c04	0		-
fighter/rosetta/result/c00	0		-
fighter/element/result/c04	0		-
item/killereye/motion/body	0		-
fighter/gaogaen/c06/camera	0		fighter/gaogaen/camera/c06
item/walkmushflower/motion	0		-
item/st_yamabuki_egg/param	1	423646	-
fighter/koopajr/camera/c00	4	423647-423650	-
fighter/captain/camera/c00	10	423651-423660	-
fighter/pitb/kirbycopy/c06	18	423661-423678	-
item/bomber/model/body/c00	10	423679-423688	-
fighter/richter/camera/c03	8	423689-423696	-
item/wariobiked/model/body	0		-
fighter/miifighter/c00/cmn	0		fighter/miifighter/cmn
fighter/richter/camera/c07	8	423699-423706	-
fighter/pikachu/c06/camera	0		fighter/pikachu/camera/c06
item/sensorbomb/model/body	0		-
item/smashballheavy/script	0		-
fighter/pitb/kirbycopy/c02	18	423707-423724	-
item/pellet/script/animcmd	0		-
fighter/koopajr/camera/c04	4	423725-423728	-
fighter/captain/camera/c04	10	423729-423738	-
item/beetle/model/body/c00	11	423739-423749	-
fighter/rockman/c02/camera	0		fighter/rockman/camera/c02
fighter/lucario/c06/camera	0		fighter/lucario/camera/c06
fighter/captain/result/c00	0		-
fighter/koopajr/result/c00	0		-
fighter/richter/result/c03	0		-
fighter/gaogaen/c01/camera	0		fighter/gaogaen/camera/c01
fighter/rockman/cmn/effect	1	423761	-
fighter/rockman/c05/camera	0		fighter/rockman/camera/c05
fighter/lucario/c01/camera	0		fighter/lucario/camera/c01
fighter/pikachu/c01/camera	0		fighter/pikachu/camera/c01
fighter/richter/result/c07	0		-
fighter/captain/result/c04	0		-
fighter/koopajr/result/c04	0		-
fighter/edge/kirbycopy/c01	18	423762-423779	-
item/fireflowershot/motion	0		-
fighter/inkling/c05/camera	0		fighter/inkling/camera/c05
fighter/toonlink/movie/c02	0		-
fighter/richter/finalsmash	0		-
fighter/element/c05/camera	0		fighter/element/camera/c05
fighter/popo/kirbycopy/c01	33	423780-423812	-
fighter/rosetta/cmn/effect	22	423854-423875	-
fighter/inkling/cmn/effect	3	423876-423878	-
fighter/popo/kirbycopy/c05	33	423879-423911	-
fighter/element/cmn/effect	0		-
fighter/toonlink/movie/c06	0		-
fighter/rosetta/c05/camera	0		fighter/rosetta/camera/c05
fighter/edge/kirbycopy/c05	18	423920-423937	-
fighter/element/c02/camera	0		fighter/element/camera/c02
item/raygun/model/body/c00	13	423938-423950	-
item/blackball/motion/body	0		-
fighter/inkling/c02/camera	0		fighter/inkling/camera/c02
fighter/duckhunt/movie/c05	0		-
item/ripstickflower/camera	0		-
item/linkarrow/motion/body	0		-
fighter/metaknight/c07/cmn	0		fighter/metaknight/cmn
fighter/duckhunt/movie/c01	0		-
item/screw/motion/body/c00	1	423953	-
item/dragoonset/model/body	0		-
fighter/rosetta/c02/camera	0		fighter/rosetta/camera/c02
item/superscopeshot/effect	0		-
item/bomber/script/animcmd	0		-
fighter/edge/kirbycopy/c04	18	423955-423972	-
fighter/koopajr/c07/camera	0		fighter/koopajr/camera/c07
item/revengeshooter/camera	0		-
fighter/captain/c07/camera	0		fighter/captain/camera/c07
item/st_usa_egg/model/body	0		-
fighter/toonlink/movie/c07	0		-
fighter/popo/kirbycopy/c04	33	423973-424005	-
item/beetle/script/animcmd	0		-
fighter/popo/kirbycopy/c00	35	402798-402830,424006-424007	-
item/steeldivershot/effect	0		-
item/drillshot/motion/body	0		-
fighter/toonlink/movie/c03	0		-
fighter/metaknight/c05/cmn	0		fighter/metaknight/cmn
fighter/edge/kirbycopy/c00	31	424010-424040	-
item/smashbombheavy/motion	0		-
item/pellet/model/body/c00	12	424046-424057	-
fighter/pitb/kirbycopy/cmn	2	424059-424060	-
fighter/duckhunt/movie/c00	0		-
fighter/gekkouga/kirbycopy	0		-
fighter/koopajr/c00/camera	0		fighter/koopajr/camera/c00
fighter/captain/c00/camera	0		fighter/captain/camera/c00
fighter/duckhunt/movie/c04	0		-
item/simonholywater/camera	0		-
fighter/pitb/kirbycopy/c03	18	424064-424081	-
fighter/koopajr/camera/c05	4	424082-424085	-
fighter/captain/camera/c05	10	424086-424095	-
item/st_yamabuki_egg/model	0		-
fighter/richter/camera/c06	8	424096-424103	-
item/robotgyro/motion/body	0		-
fighter/richter/camera/c02	8	424104-424111	-
fighter/koopajr/camera/c01	4	424112-424115	-
fighter/captain/camera/c01	10	424116-424125	-
fighter/pitb/kirbycopy/c07	18	424126-424143	-
fighter/richter/c04/camera	0		fighter/richter/camera/c04
item/wariobikec/model/body	0		-
fighter/captain/result/c05	0		-
fighter/koopajr/result/c05	0		-
fighter/richter/result/c06	0		-
item/mechakoopa/model/body	0		-
item/common/script/animcmd	0		-
item/raygun/script/animcmd	0		-
fighter/richter/c03/camera	0		fighter/richter/camera/c03
item/greenshell/model/body	0		-
fighter/richter/result/c02	0		-
fighter/captain/result/c01	0		-
fighter/koopajr/result/c01	0		-
fighter/lucario/camera/c06	4	424147-424150	-
fighter/gaogaen/camera/c02	7	424151-424157	-
item/walkmushflower/effect	0		-
fighter/element/camera/c05	0		-
fighter/rosetta/camera/c01	5	424158-424162	-
fighter/gaogaen/c04/camera	0		fighter/gaogaen/camera/c04
fighter/inkling/camera/c05	5	424164-424168	-
fighter/pikachu/camera/c06	4	424169-424172	-
fighter/pikachu/camera/c02	4	424173-424176	-
fighter/lucario/c04/camera	0		fighter/lucario/camera/c04
fighter/element/camera/c01	0		-
fighter/rosetta/camera/c05	5	424178-424182	-
fighter/rockman/c00/camera	0		fighter/rockman/camera/c00
fighter/inkling/camera/c01	5	424183-424187	-
fighter/pikachu/c04/camera	0		fighter/pikachu/camera/c04
item/revengeshooter/script	0		-
fighter/lucario/camera/c02	4	424188-424191	-
fighter/gaogaen/camera/c06	7	424192-424198	-
fighter/gaogaen/c03/camera	0		fighter/gaogaen/camera/c03
fighter/inkling/result/c05	0		-
fighter/rosetta/result/c01	0		-
fighter/element/result/c05	0		-
item/badge/motion/body/c00	1	424199	-
item/simonholywater/script	0		-
fighter/pikachu/result/c06	0		-
fighter/ness/kirbycopy/c00	17	424203-424219	-
fighter/gaogaen/result/c02	18	424221-424238	-
item/banana/script/animcmd	0		-
fighter/lucario/result/c06	0		-
item/genesisset/model/body	0		-
fighter/pikachu/c03/camera	0		fighter/pikachu/camera/c03
fighter/pfushigisou/cmn/ai	2	424240-424241	-
fighter/gaogaen/result/c06	18	424242-424259	-
item/barrel/model/body/c02	12	424261-424272	-
fighter/lucario/result/c02	0		-
item/hammer/script/animcmd	0		-
fighter/ness/kirbycopy/c04	15	424273-424287	-
item/wiifitball/model/body	0		-
fighter/pikachu/result/c02	0		-
fighter/inkling/result/c01	0		-
item/superleaf/motion/body	0		-
fighter/lucario/c03/camera	0		fighter/lucario/camera/c03
item/rocketbelt/model/body	0		-
fighter/rockman/c07/camera	0		fighter/rockman/camera/c07
fighter/rosetta/result/c05	0		-
fighter/element/result/c01	0		-
fighter/inkling/c07/camera	0		fighter/inkling/camera/c07
fighter/rockman/result/c01	0		-
fighter/element/c07/camera	0		fighter/element/camera/c07
item/fireflowershot/effect	0		-
fighter/link/kirbycopy/c02	15	424289-424303	-
fighter/link/kirbycopy/c06	15	424304-424318	-
fighter/toonlink/kirbycopy	0		-
item/pickelbomb/model/body	0		-
fighter/rosetta/c07/camera	0		fighter/rosetta/camera/c07
fighter/rockman/result/c05	0		-
fighter/palutena/movie/c05	0		-
fighter/gekkouga/movie/c03	0		-
fighter/murabito/movie/c05	0		-
fighter/element/c00/camera	0		fighter/element/camera/c00
fighter/rockman/camera/c01	6	424322-424327	-
item/kroolcrown/model/body	0		-
fighter/ptrainer/movie/c06	0		-
item/drill/motion/body/c00	3	424328-424330	-
fighter/inkling/c00/camera	0		fighter/inkling/camera/c00
fighter/wolf/kirbycopy/c06	14	424332-424345	-
fighter/metaknight/c04/cmn	0		fighter/metaknight/cmn
fighter/jack/kirbycopy/c04	32	424346-424377	-
item/superscopeshot/motion	0		-
fighter/wolf/kirbycopy/c02	14	424378-424391	-
fighter/jack/kirbycopy/c00	54	424392-424445	-
fighter/ptrainer/movie/c02	0		-
fighter/rockman/camera/c05	6	424446-424451	-
fighter/rosetta/c00/camera	0		fighter/rosetta/camera/c00
fighter/murabito/movie/c01	0		-
fighter/gekkouga/movie/c07	0		-
item/smashbomb/motion/body	0		-
item/killertransform/param	1	424452	-
fighter/palutena/movie/c01	0		-
fighter/ness/kirbycopy/c06	15	424454-424468	-
fighter/pikachu/result/c00	0		-
fighter/inkling/result/c03	0		-
item/simonholywater/motion	0		-
fighter/rosetta/result/c07	0		-
fighter/element/result/c03	0		-
fighter/pfushigisou/result	0		-
fighter/gaogaen/result/c04	18	424469-424486	-
item/heart/motion/body/c00	1	424487	-
item/barrel/model/body/c00	10	424489-424498	-
fighter/lucario/result/c00	0		-
fighter/gaogaen/result/c00	18	424501-424518	-
fighter/lucario/result/c04	0		-
fighter/rockman/finalsmash	0		-
fighter/inkling/result/c07	0		-
fighter/rosetta/result/c03	0		-
fighter/element/result/c07	0		-
fighter/koopajr/c01/camera	0		fighter/koopajr/camera/c01
fighter/captain/c01/camera	0		fighter/captain/camera/c01
fighter/pikachu/result/c04	0		-
fighter/ness/kirbycopy/c02	15	424532-424546	-
fighter/lucario/camera/c00	4	424551-424554	-
item/smashbombheavy/camera	0		-
fighter/gaogaen/camera/c04	7	424555-424561	-
fighter/pikachu/camera/c00	4	424562-424565	-
fighter/element/camera/c03	0		-
fighter/rosetta/camera/c07	5	424602-424606	-
fighter/inkling/camera/c03	5	424607-424611	-
fighter/element/camera/c07	0		-
fighter/koopajr/c06/camera	0		fighter/koopajr/camera/c06
fighter/captain/c06/camera	0		fighter/captain/camera/c06
fighter/rosetta/camera/c03	5	424612-424616	-
fighter/inkling/camera/c07	5	424621-424625	-
item/steeldiver/model/body	0		-
fighter/pikachu/camera/c04	4	424626-424629	-
fighter/pfushigisou/append	0		-
fighter/lucario/camera/c04	4	424630-424633	-
fighter/metaknight/c00/cmn	0		fighter/metaknight/cmn
item/smashballheavy/effect	0		-
item/superstar/motion/body	0		-
item/revengeshooter/motion	0		-
fighter/gaogaen/camera/c00	7	424642-424648	-
fighter/murabito/movie/c03	0		-
fighter/gekkouga/movie/c05	0		-
fighter/richter/c02/camera	0		fighter/richter/camera/c02
fighter/palutena/movie/c03	0		-
item/assist/script/animcmd	0		-
fighter/wolf/kirbycopy/c00	14	424651-424664	-
fighter/jack/kirbycopy/c02	32	424665-424696	-
fighter/ptrainer/movie/c00	0		-
fighter/rockman/camera/c07	6	424697-424702	-
fighter/rockman/camera/c03	6	424704-424709	-
fighter/ptrainer/movie/c04	0		-
fighter/wolf/kirbycopy/c04	14	424710-424723	-
item/superscopeshot/script	0		-
fighter/jack/kirbycopy/c06	32	424724-424755	-
fighter/palutena/movie/c07	0		-
item/homerunbat/model/body	0		-
fighter/gekkouga/movie/c01	0		-
fighter/murabito/movie/c07	0		-
item/metalblade/model/body	0		-
fighter/rockman/result/c07	0		-
fighter/inkling/finalsmash	0		-
fighter/nana/kirbycopy/cmn	0		-
fighter/richter/c05/camera	0		fighter/richter/camera/c05
fighter/link/kirbycopy/c04	15	424757-424771	-
fighter/element/finalsmash	0		-
fighter/richter/cmn/effect	3	424774-424776	-
fighter/link/kirbycopy/c00	19	423620-423623,424777-424791	-
fighter/rosetta/finalsmash	0		-
fighter/rockman/result/c03	0		-
item/crossbomb/motion/body	0		-
item/bananagun/motion/body	0		-
item/curry/motion/body/c00	1	424794	-
fighter/pikachu/c02/camera	0		fighter/pikachu/camera/c02
fighter/duckhunt/movie/c06	0		-
fighter/murabito/kirbycopy	0		-
fighter/palutena/kirbycopy	0		-
item/curryshot/motion/body	0		-
item/mushd/motion/body/c00	1	424795	-
fighter/rockman/c06/camera	0		fighter/rockman/camera/c06
fighter/lucario/c02/camera	0		fighter/lucario/camera/c02
fighter/gaogaen/c02/camera	0		fighter/gaogaen/camera/c02
item/soccerball/model/body	0		-
fighter/duckhunt/movie/c02	0		-
fighter/gaogaen/cmn/effect	1	424800	-
fighter/edge/kirbycopy/c02	18	424814-424831	-
fighter/pfushigisou/camera	0		-
fighter/rockman/c01/camera	0		fighter/rockman/camera/c01
fighter/lucario/c05/camera	0		fighter/lucario/camera/c05
fighter/popo/kirbycopy/c02	33	424833-424865	-
fighter/captain/finalsmash	0		-
fighter/koopajr/finalsmash	0		-
fighter/pikachu/c05/camera	0		fighter/pikachu/camera/c05
fighter/toonlink/movie/c01	0		-
item/magicball/motion/body	0		-
fighter/toonlink/movie/c05	0		-
fighter/pikachu/cmn/effect	1	424867	-
fighter/popo/kirbycopy/c06	33	424868-424900	-
item/smashbombheavy/script	0		-
item/beamsword/motion/body	0		-
fighter/edge/kirbycopy/c06	18	424901-424918	-
fighter/gaogaen/c05/camera	0		fighter/gaogaen/camera/c05
fighter/miiswordsman/movie	0		-
fighter/lucario/cmn/effect	16	424919-424934	-
fighter/richter/result/c00	0		-
item/killer/script/animcmd	0		-
fighter/captain/result/c03	0		-
fighter/koopajr/result/c03	0		-
fighter/rosetta/c01/camera	0		fighter/rosetta/camera/c01
item/superscopeshot/camera	0		-
fighter/metaknight/c01/cmn	0		fighter/metaknight/cmn
item/wariobike/motion/body	0		-
fighter/inkling/c01/camera	0		fighter/inkling/camera/c01
item/buddybomb/motion/body	0		-
fighter/element/c01/camera	0		fighter/element/camera/c01
fighter/captain/result/c07	0		-
fighter/koopajr/result/c07	0		-
item/ripstickflower/effect	0		-
fighter/richter/result/c04	0		-
item/unira/motion/body/c00	3	424976-424978	-
item/wariobikee/model/body	0		-
item/pacmankey/motion/body	0		-
fighter/richter/camera/c00	8	424980-424987	-
item/fireflower/model/body	0		-
fighter/koopajr/camera/c03	4	424988-424991	-
fighter/rosetta/c06/camera	0		fighter/rosetta/camera/c06
fighter/captain/camera/c03	10	424992-425001	-
fighter/pitb/kirbycopy/c05	18	425002-425019	-
item/wariobikea/model/body	0		-
item/boomerang/motion/body	0		-
fighter/pitb/kirbycopy/c01	18	425020-425037	-
fighter/koopajr/camera/c07	4	425038-425041	-
fighter/element/c06/camera	0		fighter/element/camera/c06
fighter/captain/camera/c07	10	425042-425051	-
fighter/inkling/c06/camera	0		fighter/inkling/camera/c06
item/machstamp/motion/body	0		-
fighter/richter/camera/c04	8	425052-425059	-
item/bumper/model/body/c00	11	425060-425070	-
fighter/richter/result/c05	0		-
item/bossgalaga/model/body	0		-
fighter/captain/result/c06	0		-
fighter/koopajr/result/c06	0		-
item/simonholywater/effect	0		-
fighter/koopajr/c03/camera	0		fighter/koopajr/camera/c03
fighter/captain/c03/camera	0		fighter/captain/camera/c03
fighter/edge/kirbycopy/cmn	13	424028-424040	-
item/sandbaghr/motion/body	0		-
item/metalblock/model/body	0		-
fighter/captain/result/c02	0		-
fighter/koopajr/result/c02	0		-
fighter/richter/result/c01	0		-
item/snakecbox/motion/body	0		-
fighter/popo/kirbycopy/cmn	2	424006-424007	-
item/pacmanboss/model/body	0		-
item/walkmushflower/script	0		-
fighter/metaknight/c03/cmn	0		fighter/metaknight/cmn
item/steeldivershot/camera	0		-
fighter/richter/camera/c05	8	425075-425082	-
fighter/pitb/kirbycopy/c00	20	424059-424060,425083-425100	-
fighter/koopajr/camera/c06	4	425101-425104	-
fighter/captain/camera/c06	10	425105-425114	-
item/staffshot/motion/body	0		-
fighter/koopajr/camera/c02	4	425115-425118	-
fighter/captain/camera/c02	10	425119-425128	-
item/wariobikeb/model/body	0		-
fighter/pitb/kirbycopy/c04	18	425129-425146	-
fighter/ptrainer_low/movie	0		-
fighter/richter/camera/c01	8	425147-425154	-
item/smashballheavy/motion	0		-
item/revengeshooter/effect	0		-
fighter/koopajr/c04/camera	0		fighter/koopajr/camera/c04
fighter/captain/c04/camera	0		fighter/captain/camera/c04
fighter/duckhunt/movie/c03	0		-
item/killer/model/body/c00	13	425157-425169	-
fighter/richter/c00/camera	0		fighter/richter/camera/c00
fighter/duckhunt/movie/c07	0		-
fighter/richter/c07/camera	0		fighter/richter/camera/c07
fighter/edge/kirbycopy/c07	18	425173-425190	-
item/fireflowershot/script	0		-
fighter/popo/kirbycopy/c07	33	425191-425223	-
fighter/toonlink/movie/c04	0		-
fighter/toonlink/movie/c00	0		-
item/bumper/script/animcmd	0		-
fighter/popo/kirbycopy/c03	33	425225-425257	-
fighter/edge/kirbycopy/c03	18	425259-425276	-
fighter/gekkouga/movie/c00	0		-
fighter/duckhunt/kirbycopy	0		-
fighter/murabito/movie/c06	0		-
item/barrel/script/animcmd	0		-
fighter/lucario/c00/camera	0		fighter/lucario/camera/c00
fighter/palutena/movie/c06	0		-
fighter/rockman/c04/camera	0		fighter/rockman/camera/c04
fighter/pikachu/c00/camera	0		fighter/pikachu/camera/c00
fighter/wolf/kirbycopy/c05	14	425278-425291	-
fighter/jack/kirbycopy/c07	32	425292-425323	-
fighter/rockman/camera/c02	6	425324-425329	-
fighter/ptrainer/movie/c05	0		-
fighter/ptrainer/movie/c01	0		-
fighter/rockman/camera/c06	6	425330-425335	-
fighter/wolf/kirbycopy/c01	14	425337-425350	-
fighter/jack/kirbycopy/c03	32	425351-425382	-
fighter/palutena/movie/c02	0		-
fighter/gaogaen/c00/camera	0		fighter/gaogaen/camera/c00
fighter/murabito/movie/c02	0		-
fighter/gekkouga/movie/c04	0		-
fighter/pikachu/c07/camera	0		fighter/pikachu/camera/c07
item/powderbox/motion/body	0		-
fighter/rockman/result/c02	0		-
fighter/ness/kirbycopy/cmn	2	424218-424219	-
fighter/link/kirbycopy/c01	15	425384-425398	-
fighter/lucario/c07/camera	0		fighter/lucario/camera/c07
fighter/rockman/c03/camera	0		fighter/rockman/camera/c03
fighter/gaogaen/c07/camera	0		fighter/gaogaen/camera/c07
fighter/link/kirbycopy/c05	15	425443-425457	-
item/steeldivershot/script	0		-
fighter/rockman/result/c06	0		-
item/walkmushflower/camera	0		-
fighter/pikachu/result/c05	0		-
fighter/ness/kirbycopy/c03	15	425459-425473	-
fighter/inkling/result/c06	0		-
fighter/rosetta/result/c02	0		-
fighter/element/result/c06	0		-
item/assist/model/body/c00	16	425474-425489	-
fighter/gaogaen/result/c01	18	425490-425507	-
fighter/lucario/result/c05	0		-
fighter/rosetta/c03/camera	0		fighter/rosetta/camera/c03
fighter/gaogaen/result/c05	18	425508-425525	-
fighter/inkling/c03/camera	0		fighter/inkling/camera/c03
item/carrierbox/model/body	0		-
fighter/metaknight/c02/cmn	0		fighter/metaknight/cmn
fighter/element/c03/camera	0		fighter/element/camera/c03
item/smashball/motion/body	0		-
item/ripstickflower/motion	0		-
item/barrel/model/body/c01	15	425527-425541	-
fighter/lucario/result/c01	0		-
item/staff/motion/body/c00	3	425542-425544	-
fighter/inkling/result/c02	0		-
item/superscope/model/body	0		-
fighter/rosetta/result/c06	0		-
fighter/element/result/c02	0		-
item/pacmanbell/model/body	0		-
fighter/ness/kirbycopy/c07	15	425547-425561	-
fighter/pikachu/result/c01	0		-
fighter/lucario/camera/c05	4	425574-425577	-
fighter/rosetta/c04/camera	0		fighter/rosetta/camera/c04
fighter/gaogaen/camera/c01	7	425578-425584	-
item/masterball/model/body	0		-
fighter/pikachu/camera/c05	4	425585-425588	-
fighter/element/camera/c06	0		-
fighter/rosetta/camera/c02	5	425589-425593	-
fighter/inkling/camera/c06	5	425594-425598	-
item/honeycomb/motion/body	0		-
fighter/element/camera/c02	0		-
fighter/rosetta/camera/c06	5	425644-425648	-
fighter/inkling/camera/c02	5	425649-425653	-
fighter/pikachu/camera/c01	4	425654-425657	-
item/fireflowershot/camera	0		-
fighter/lucario/camera/c01	4	425658-425661	-
fighter/element/c04/camera	0		fighter/element/camera/c04
fighter/inkling/c04/camera	0		fighter/inkling/camera/c04
fighter/gaogaen/camera/c05	7	425662-425668	-
fighter/jack/kirbycopy/cmn	22	424424-424445	-
fighter/miienemys/kirbycopy	0		-
fighter/simon/kirbycopy/c06	31	425669-425699	-
fighter/miienemyf/movie/c01	0		-
fighter/sheik/kirbycopy/cmn	4	425707-425710	-
fighter/shulk/kirbycopy/c02	32	425711-425742	-
item/pitfall/model/body/c00	11	425743-425753	-
fighter/shulk/kirbycopy/c06	32	425754-425785	-
item/finalpeach/motion/body	0		-
item/bombhei/script/animcmd	0		-
fighter/miienemyf/movie/c05	0		-
fighter/duckhunt/c06/camera	0		fighter/duckhunt/camera/c06
fighter/simon/kirbycopy/c02	31	425794-425824	-
fighter/snake/kirbycopy/c07	17	425825-425841	-
item/prizehr/model/body/c00	10	425842-425851	-
item/richterholywater/param	0		-
item/starrod/model/body/c00	13	425854-425866	-
fighter/duckhunt/c01/camera	0		fighter/duckhunt/camera/c01
fighter/palutena/finalsmash	0		-
item/superscope/motion/body	0		-
fighter/brave/kirbycopy/cmn	0		-
fighter/pfushigisou/c07/cmn	0		fighter/pfushigisou/cmn
fighter/snake/kirbycopy/c03	17	425887-425903	-
item/daisydaikon/model/body	0		-
item/raygunshot/motion/body	0		-
item/mechakoopa/motion/body	0		-
fighter/luigi/kirbycopy/c00	16	425904-425919	-
fighter/brave/kirbycopy/c07	20	425920-425939	-
item/banana/motion/body/c00	4	425940-425943	-
fighter/palutena/result/c07	0		-
fighter/szerosuit/movie/c03	0		-
fighter/buddy/kirbycopy/c06	43	425945-425987	-
fighter/koopa/kirbycopy/c04	15	425988-426002	-
fighter/purin/kirbycopy/c06	15	426020-426034	-
fighter/snake/kirbycopy/cmn	2	426035-426036	-
fighter/purin/kirbycopy/c02	15	426058-426072	-
fighter/buddy/kirbycopy/c02	43	426073-426115	-
fighter/koopa/kirbycopy/c00	19	426116-426134	-
fighter/szerosuit/movie/c07	0		-
fighter/luigi/kirbycopy/c04	14	426150-426163	-
fighter/palutena/result/c03	0		-
fighter/brave/kirbycopy/c03	20	426165-426184	-
fighter/younglink/movie/c06	0		-
fighter/trail/kirbycopy/c04	26	426185-426210	-
fighter/sheik/kirbycopy/c03	18	426211-426228	-
fighter/palutena/camera/c07	4	426229-426232	-
fighter/kamui/kirbycopy/c01	15	426233-426247	-
fighter/ike/kirbycopy/sound	3	426248-426250	-
fighter/pichu/kirbycopy/c01	14	426251-426264	-
item/sandbag/script/animcmd	0		-
fighter/sonic/kirbycopy/c00	36	426265-426300	-
item/killertransform/motion	0		-
fighter/sonic/kirbycopy/c04	30	426316-426345	-
fighter/pichu/kirbycopy/c05	14	426346-426359	-
fighter/palutena/camera/c03	4	426360-426363	-
fighter/kamui/kirbycopy/c05	15	426364-426378	-
fighter/sheik/kirbycopy/c07	18	426379-426396	-
fighter/miienemyg/kirbycopy	0		-
fighter/trail/kirbycopy/c00	26	426397-426422	-
fighter/younglink/movie/c02	0		-
fighter/duckhunt/finalsmash	0		-
fighter/ganon/kirbycopy/c01	21	426424-426444	-
fighter/palutena/c01/camera	0		fighter/palutena/camera/c01
fighter/plizardon/movie/c01	0		-
fighter/zelda/kirbycopy/cmn	2	426514-426515	-
fighter/dolly/kirbycopy/c02	17	426516-426532	-
fighter/szerosuit/kirbycopy	0		-
fighter/cloud/kirbycopy/c07	30	426533-426562	-
item/st_yamabuki_egg/motion	0		-
fighter/lucas/kirbycopy/c05	18	426563-426580	-
fighter/gekkouga/c00/camera	0		fighter/gekkouga/camera/c00
fighter/samus/kirbycopy/c01	19	426581-426599	-
fighter/murabito/camera/c06	5	426600-426604	-
fighter/ptrainer/c07/camera	0		fighter/ptrainer/camera/c07
fighter/diddy/kirbycopy/c01	14	426605-426618	-
fighter/murabito/camera/c02	5	426625-426629	-
fighter/samus/kirbycopy/c05	19	426630-426648	-
fighter/diddy/kirbycopy/c05	14	426649-426662	-
fighter/lucas/kirbycopy/c01	18	426664-426681	-
fighter/murabito/c04/camera	0		fighter/murabito/camera/c04
fighter/cloud/kirbycopy/c03	30	426682-426711	-
fighter/dolly/kirbycopy/c06	17	426713-426729	-
fighter/ganon/kirbycopy/c05	21	426730-426750	-
fighter/plizardon/movie/c05	0		-
fighter/miigunner/kirbycopy	0		-
fighter/pzenigame/movie/c04	0		-
fighter/ptrainer/c00/camera	0		fighter/ptrainer/camera/c00
fighter/yoshi/kirbycopy/cmn	7	426751-426757	-
fighter/murabito/result/c06	19	426758-426776	-
fighter/gekkouga/c07/camera	0		fighter/gekkouga/camera/c07
fighter/miienemyg/movie/c07	0		-
fighter/palutena/c06/camera	0		fighter/palutena/camera/c06
item/capsule/model/body/c00	10	426777-426786	-
fighter/gamewatch/movie/c06	0		-
fighter/roy/kirbycopy/sound	3	426790-426792	-
fighter/wario/kirbycopy/c04	18	426794-426811	-
item/genesis/model/body/c01	17	426812-426828	-
fighter/krool/kirbycopy/c01	45	426829-426873	-
fighter/wario/kirbycopy/c00	22	426889-426910	-
fighter/krool/kirbycopy/c05	45	426911-426955	-
fighter/murabito/c03/camera	0		fighter/murabito/camera/c03
fighter/gamewatch/movie/c02	0		-
item/pacmanboss/motion/body	0		-
fighter/miienemyg/movie/c03	0		-
fighter/murabito/result/c02	19	426956-426974	-
fighter/pzenigame/movie/c00	0		-
fighter/demon/kirbycopy/cmn	2	426975-426976	-
item/wariobiked/motion/body	0		-
fighter/pfushigisou/c06/cmn	0		fighter/pfushigisou/cmn
item/raygun/motion/body/c00	1	426977	-
fighter/miienemys/movie/c03	0		-
fighter/marth/kirbycopy/c04	36	426978-427013	-
fighter/ptrainer/camera/c05	3	427014-427016	-
fighter/duckhunt/camera/c03	5	427017-427021	-
fighter/gekkouga/result/c05	0		-
fighter/peach/kirbycopy/c01	15	427022-427036	-
fighter/mario/kirbycopy/c05	15	427037-427051	-
fighter/bayonetta/movie/c01	0		-
item/pacmanstrawberry/model	0		-
fighter/demon/kirbycopy/c07	54	427052-427105	-
item/wariobikea/motion/body	0		-
fighter/yoshi/kirbycopy/c03	19	427106-427124	-
fighter/toonlink/result/c06	23	427125-427147	-
fighter/yoshi/kirbycopy/c07	19	427148-427166	-
fighter/toonlink/result/c02	23	427167-427189	-
item/fairybottle/model/body	0		-
fighter/demon/kirbycopy/c03	54	427191-427244	-
fighter/bayonetta/movie/c05	0		-
fighter/mario/kirbycopy/c01	15	427245-427259	-
item/dragoon/model/body/c00	11	427263-427273	-
fighter/ptrainer/camera/c01	3	427274-427276	-
fighter/marth/kirbycopy/c00	40	427277-427316	-
fighter/peach/kirbycopy/c05	15	427330-427344	-
fighter/duckhunt/camera/c07	5	427345-427349	-
fighter/gekkouga/result/c01	0		-
fighter/toonlink/c03/camera	0		fighter/toonlink/camera/c03
fighter/miienemys/movie/c07	0		-
fighter/littlemac/movie/c04	0		-
item/homerunbat/motion/body	0		-
item/metalblade/motion/body	0		-
fighter/toonlink/camera/c06	6	427358-427363	-
fighter/falco/kirbycopy/c05	72	427365-427436	-
fighter/daisy/kirbycopy/c05	14	427437-427450	-
fighter/gekkouga/camera/c05	4	427451-427454	-
fighter/duckhunt/result/c03	0		-
fighter/chrom/kirbycopy/c02	28	427455-427482	-
fighter/ptrainer/result/c05	0		-
fighter/zelda/kirbycopy/c03	18	427483-427500	-
fighter/robot/kirbycopy/c02	19	427501-427519	-
fighter/toonlink/c04/camera	0		fighter/toonlink/camera/c04
fighter/cloud/kirbycopy/cmn	7	427520-427526	-
fighter/chrom/kirbycopy/c06	28	427527-427554	-
fighter/gekkouga/camera/c01	4	427555-427558	-
fighter/duckhunt/result/c07	0		-
fighter/robot/kirbycopy/c06	19	427559-427577	-
fighter/ptrainer/result/c01	0		-
fighter/zelda/kirbycopy/c07	18	427578-427595	-
fighter/falco/kirbycopy/c01	72	427598-427669	-
fighter/daisy/kirbycopy/c01	14	427670-427683	-
fighter/toonlink/camera/c02	6	427684-427689	-
item/genesis/script/animcmd	0		-
item/st_crab/model/body/c00	11	427690-427700	-
fighter/littlemac/movie/c00	0		-
fighter/miienemys/movie/c06	0		-
fighter/ptrainer/camera/c00	3	427701-427703	-
fighter/marth/kirbycopy/c01	36	427704-427739	-
item/pacmanstrawberry/param	0		-
fighter/peach/kirbycopy/c04	15	427740-427754	-
fighter/duckhunt/camera/c06	5	427755-427759	-
fighter/gekkouga/result/c00	0		-
fighter/demon/kirbycopy/c02	54	427760-427813	-
fighter/bayonetta/movie/c04	0		-
fighter/mario/kirbycopy/c00	17	427814-427830	-
fighter/murabito/finalsmash	0		-
item/dragoon/model/body/c01	11	427831-427841	-
fighter/yoshi/kirbycopy/c06	19	427842-427860	-
fighter/pit/kirbycopy/sound	3	427861-427863	-
fighter/toonlink/result/c03	23	427864-427886	-
fighter/yoshi/kirbycopy/c02	19	427892-427910	-
fighter/duckhunt/c04/camera	0		fighter/duckhunt/camera/c04
fighter/miiswordsman/camera	0		-
fighter/toonlink/result/c07	23	427911-427933	-
fighter/mario/kirbycopy/c04	15	427934-427948	-
fighter/bayonetta/movie/c00	0		-
fighter/demon/kirbycopy/c06	54	427949-428002	-
fighter/marth/kirbycopy/c05	36	428004-428039	-
fighter/ptrainer/camera/c04	3	428040-428042	-
fighter/duckhunt/camera/c02	5	428043-428047	-
fighter/gekkouga/result/c04	0		-
fighter/peach/kirbycopy/c00	17	428048-428064	-
fighter/miienemys/movie/c02	0		-
fighter/littlemac/movie/c01	0		-
item/capsule/script/animcmd	0		-
fighter/toonlink/camera/c03	6	428077-428082	-
item/rocketbelt/motion/body	0		-
fighter/falco/kirbycopy/c00	73	428083-428155	-
fighter/daisy/kirbycopy/c00	14	428156-428169	-
fighter/pfushigisou/c04/cmn	0		fighter/pfushigisou/cmn
fighter/chrom/kirbycopy/c07	28	428170-428197	-
fighter/gekkouga/camera/c00	4	428198-428201	-
item/metalblock/motion/body	0		-
fighter/duckhunt/result/c06	0		-
fighter/robot/kirbycopy/c07	19	428202-428220	-
fighter/ptrainer/result/c00	0		-
fighter/zelda/kirbycopy/c06	18	428221-428238	-
fighter/gekkouga/camera/c04	4	428239-428242	-
fighter/duckhunt/result/c02	0		-
fighter/chrom/kirbycopy/c03	28	428243-428270	-
fighter/dolly/kirbycopy/cmn	7	428271-428277	-
fighter/ptrainer/result/c04	0		-
fighter/zelda/kirbycopy/c02	18	428278-428295	-
fighter/robot/kirbycopy/c03	19	428296-428314	-
fighter/falco/kirbycopy/c04	72	428315-428386	-
fighter/daisy/kirbycopy/c04	14	428387-428400	-
fighter/toonlink/camera/c07	6	428401-428406	-
fighter/duckhunt/c03/camera	0		fighter/duckhunt/camera/c03
fighter/littlemac/movie/c05	0		-
fighter/ganon/kirbycopy/c04	21	428407-428427	-
fighter/plizardon/movie/c04	0		-
fighter/cloud/kirbycopy/c02	30	428428-428457	-
fighter/dolly/kirbycopy/c07	17	428458-428474	-
item/wariobikec/motion/body	0		-
fighter/lucas/kirbycopy/c00	20	428475-428494	-
fighter/murabito/camera/c03	5	428495-428499	-
fighter/samus/kirbycopy/c04	19	428500-428518	-
fighter/diddy/kirbycopy/c04	14	428519-428532	-
item/specialflag/model/body	0		-
fighter/samus/kirbycopy/c00	21	428533-428553	-
fighter/murabito/camera/c07	5	428554-428558	-
fighter/diddy/kirbycopy/c00	16	428559-428574	-
fighter/lucas/kirbycopy/c04	18	428578-428595	-
fighter/robot/kirbycopy/cmn	2	428596-428597	-
fighter/dolly/kirbycopy/c03	17	428598-428614	-
fighter/fox/kirbycopy/sound	0		-
fighter/chrom/kirbycopy/cmn	0		-
fighter/cloud/kirbycopy/c06	30	428615-428644	-
item/dragoon/script/animcmd	0		-
fighter/ganon/kirbycopy/c00	23	428645-428667	-
fighter/plizardon/movie/c00	0		-
fighter/younglink/kirbycopy	0		-
fighter/toonlink/finalsmash	0		-
fighter/pzenigame/movie/c01	0		-
fighter/miienemyg/movie/c02	0		-
fighter/murabito/result/c03	19	428668-428686	-
fighter/gamewatch/movie/c03	0		-
fighter/wario/kirbycopy/c01	18	428687-428704	-
fighter/krool/kirbycopy/c04	45	428705-428749	-
fighter/wario/kirbycopy/c05	18	428751-428768	-
item/st_crab/script/animcmd	0		-
item/genesis/model/body/c00	15	428769-428783	-
fighter/krool/kirbycopy/c00	45	428784-428828	-
fighter/gamewatch/movie/c07	0		-
fighter/murabito/result/c07	19	428829-428847	-
fighter/miienemyg/movie/c06	0		-
fighter/pzenigame/movie/c05	0		-
item/killertransform/effect	0		-
fighter/luigi/kirbycopy/c05	14	428848-428861	-
fighter/palutena/result/c02	0		-
fighter/miiswordsman/append	0		-
fighter/brave/kirbycopy/c02	20	428862-428881	-
fighter/gekkouga/c02/camera	0		fighter/gekkouga/camera/c02
fighter/szerosuit/movie/c06	0		-
fighter/ptrainer/c05/camera	0		fighter/ptrainer/camera/c05
item/st_yamabuki_egg/effect	0		-
fighter/buddy/kirbycopy/c03	43	428883-428925	-
fighter/koopa/kirbycopy/c01	15	428926-428940	-
fighter/palutena/c03/camera	0		fighter/palutena/camera/c03
fighter/purin/kirbycopy/c03	15	428956-428970	-
fighter/murabito/c06/camera	0		fighter/murabito/camera/c06
fighter/purin/kirbycopy/c07	15	428971-428985	-
fighter/buddy/kirbycopy/c07	43	428986-429028	-
fighter/koopa/kirbycopy/c05	15	429029-429043	-
item/pellet/motion/body/c00	2	429075-429076	-
item/pitfall/script/animcmd	0		-
fighter/szerosuit/movie/c02	0		-
fighter/luigi/kirbycopy/c01	14	429077-429090	-
item/bombhei/model/body/c00	12	429091-429102	-
fighter/ptrainer/cmn/effect	1	429103	-
fighter/brave/kirbycopy/c06	20	429104-429123	-
fighter/palutena/result/c06	0		-
fighter/palutena/c04/camera	0		fighter/palutena/camera/c04
fighter/younglink/movie/c03	0		-
item/sensorbomb/motion/body	0		-
item/prizehr/script/animcmd	0		-
item/starrod/script/animcmd	0		-
fighter/sheik/kirbycopy/c06	18	429124-429141	-
fighter/trail/kirbycopy/c01	26	429142-429167	-
fighter/palutena/camera/c02	4	429175-429178	-
fighter/simon/kirbycopy/cmn	0		-
fighter/gamewatch/kirbycopy	0		-
fighter/kamui/kirbycopy/c04	15	429180-429194	-
item/beetle/motion/body/c00	4	429210-429213	-
fighter/ptrainer/c02/camera	0		fighter/ptrainer/camera/c02
fighter/sonic/kirbycopy/c05	30	429214-429243	-
fighter/gekkouga/c05/camera	0		fighter/gekkouga/camera/c05
fighter/pichu/kirbycopy/c04	14	429244-429257	-
fighter/pichu/kirbycopy/c00	16	429258-429273	-
fighter/miiswordsman/result	0		-
fighter/sonic/kirbycopy/c01	30	429274-429303	-
fighter/palutena/camera/c06	4	429304-429307	-
fighter/kamui/kirbycopy/c00	17	429308-429324	-
fighter/ptrainer_low/cmn/ai	0		-
fighter/gekkouga/cmn/effect	3	429325-429327	-
fighter/shulk/kirbycopy/cmn	4	429328-429331	-
fighter/trail/kirbycopy/c05	26	429333-429358	-
fighter/sheik/kirbycopy/c02	18	429359-429376	-
fighter/murabito/c01/camera	0		fighter/murabito/camera/c01
fighter/younglink/movie/c07	0		-
fighter/simon/kirbycopy/c03	31	429406-429436	-
item/hammerhead/motion/body	0		-
fighter/miienemyf/movie/c04	0		-
item/hammer/motion/body/c00	3	429437-429439	-
fighter/shulk/kirbycopy/c07	32	429441-429472	-
fighter/shulk/kirbycopy/c03	32	429473-429504	-
fighter/toonlink/c01/camera	0		fighter/toonlink/camera/c01
item/finaldaisy/motion/body	0		-
fighter/miienemyf/movie/c00	0		-
item/bomber/motion/body/c00	11	429505-429515	-
fighter/pfushigisou/c05/cmn	0		fighter/pfushigisou/cmn
fighter/simon/kirbycopy/c07	31	429518-429548	-
fighter/buddy/kirbycopy/cmn	39	429549-429587	-
fighter/purin/kirbycopy/cmn	2	429588-429589	-
item/richterholywater/model	0		-
item/sandbag/model/body/c00	13	429590-429602	-
fighter/snake/kirbycopy/c02	17	429603-429619	-
item/carrierbox/motion/body	0		-
item/barrel/motion/body/c00	1	429634	-
fighter/snake/kirbycopy/c06	17	429662-429678	-
fighter/toonlink/c06/camera	0		fighter/toonlink/camera/c06
item/kroolcrown/motion/body	0		-
item/backshield/motion/body	0		-
fighter/trail/kirbycopy/c07	26	429679-429704	-
fighter/ptrainer_low/result	0		-
fighter/sheik/kirbycopy/c00	22	425707-425710,429705-429722	-
fighter/younglink/movie/c05	0		-
fighter/miiswordsman/cmn/ai	2	429724-429725	-
item/smokescreen/model/body	0		-
fighter/pfushigisou/c01/cmn	0		fighter/pfushigisou/cmn
fighter/pichu/kirbycopy/c02	14	429743-429756	-
fighter/duckhunt/c02/camera	0		fighter/duckhunt/camera/c02
fighter/sonic/kirbycopy/c03	30	429757-429786	-
fighter/palutena/camera/c04	4	429787-429790	-
fighter/kamui/kirbycopy/c02	15	429791-429805	-
item/dragoonset/motion/body	0		-
fighter/palutena/camera/c00	4	429809-429812	-
fighter/kamui/kirbycopy/c06	15	429813-429827	-
fighter/sonic/kirbycopy/c07	30	429828-429857	-
fighter/pichu/kirbycopy/c06	14	429858-429871	-
fighter/younglink/movie/c01	0		-
fighter/pzenigame/kirbycopy	0		-
fighter/sheik/kirbycopy/c04	18	429876-429893	-
fighter/trail/kirbycopy/c03	26	429894-429919	-
fighter/duckhunt/c05/camera	0		fighter/duckhunt/camera/c05
fighter/szerosuit/movie/c00	0		-
fighter/luigi/kirbycopy/c03	14	429920-429933	-
fighter/brave/kirbycopy/c04	20	429934-429953	-
fighter/palutena/result/c04	0		-
item/thunder/script/animcmd	0		-
fighter/purin/kirbycopy/c05	15	429954-429968	-
fighter/buddy/kirbycopy/c05	43	429969-430011	-
fighter/koopa/kirbycopy/c07	15	430012-430026	-
fighter/buddy/kirbycopy/c01	43	430046-430088	-
fighter/koopa/kirbycopy/c03	15	430089-430103	-
fighter/ptrainer_low/append	0		-
fighter/purin/kirbycopy/c01	15	430119-430133	-
fighter/duckhunt/cmn/effect	1	430134	-
fighter/luigi/kirbycopy/c07	14	430136-430149	-
item/pickelbomb/motion/body	0		-
fighter/palutena/result/c00	0		-
fighter/brave/kirbycopy/c00	20	430150-430169	-
fighter/miigunner/movie/c00	0		-
item/wariobikeb/motion/body	0		-
fighter/szerosuit/movie/c04	0		-
fighter/snake/kirbycopy/c04	17	430178-430194	-
fighter/luigi/kirbycopy/cmn	2	425918-425919	-
item/soccerball/motion/body	0		-
fighter/koopa/kirbycopy/cmn	4	426131-426134	-
fighter/littlemac/kirbycopy	0		-
fighter/snake/kirbycopy/c00	19	426035-426036,430210-430226	-
item/chicken/model/body/c00	11	430227-430237	-
fighter/miienemyf/movie/c02	0		-
item/st_usa_egg/motion/body	0		-
fighter/sonic/kirbycopy/cmn	6	426295-426300	-
item/freezer/model/body/c00	12	430239-430250	-
fighter/simon/kirbycopy/c05	31	430251-430281	-
fighter/shulk/kirbycopy/c01	32	430283-430314	-
item/bumper/motion/body/c00	2	430315-430316	-
item/masterball/motion/body	0		-
fighter/trail/kirbycopy/cmn	0		-
fighter/shulk/kirbycopy/c05	32	430368-430399	-
fighter/simon/kirbycopy/c01	31	430400-430430	-
fighter/ryu/kirbycopy/sound	3	430432-430434	-
item/greenshell/motion/body	0		-
fighter/miienemyf/movie/c06	0		-
fighter/toonlink/camera/c05	6	430444-430449	-
fighter/littlemac/movie/c07	0		-
fighter/gekkouga/camera/c06	4	430450-430453	-
fighter/duckhunt/result/c00	0		-
fighter/chrom/kirbycopy/c01	28	430454-430481	-
fighter/murabito/c00/camera	0		fighter/murabito/camera/c00
fighter/palutena/cmn/effect	1	430499	-
fighter/ptrainer/result/c06	0		-
fighter/zelda/kirbycopy/c00	20	426514-426515,430500-430517	-
fighter/robot/kirbycopy/c01	19	430518-430536	-
fighter/falco/kirbycopy/c06	72	430537-430608	-
fighter/daisy/kirbycopy/c06	14	430613-430626	-
item/firebar/script/animcmd	0		-
fighter/falco/kirbycopy/c02	72	430627-430698	-
fighter/palutena/c05/camera	0		fighter/palutena/camera/c05
fighter/daisy/kirbycopy/c02	14	430700-430713	-
fighter/chrom/kirbycopy/c05	28	430715-430742	-
fighter/gekkouga/camera/c02	4	430743-430746	-
fighter/duckhunt/result/c04	0		-
fighter/robot/kirbycopy/c05	19	430747-430765	-
fighter/ptrainer/result/c02	0		-
fighter/zelda/kirbycopy/c04	18	430766-430783	-
item/peachdaikon/model/body	0		-
fighter/littlemac/movie/c03	0		-
fighter/toonlink/camera/c01	6	430784-430789	-
item/pacmanmelon/model/body	0		-
fighter/gekkouga/c04/camera	0		fighter/gekkouga/camera/c04
fighter/ptrainer/c03/camera	0		fighter/ptrainer/camera/c03
fighter/marth/kirbycopy/c07	36	430790-430825	-
fighter/ptrainer/camera/c06	3	430826-430828	-
fighter/duckhunt/camera/c00	5	430829-430833	-
fighter/gekkouga/result/c06	0		-
fighter/murabito/c07/camera	0		fighter/murabito/camera/c07
fighter/ptrainer_low/camera	0		-
fighter/peach/kirbycopy/c02	15	430834-430848	-
fighter/miienemys/movie/c00	0		-
item/dolphinbomb/model/body	0		-
fighter/yoshi/kirbycopy/c00	26	426751-426757,430849-430867	-
fighter/toonlink/result/c05	23	430881-430903	-
fighter/mario/kirbycopy/c06	15	430904-430918	-
fighter/bayonetta/movie/c02	0		-
fighter/demon/kirbycopy/c04	54	430919-430972	-
item/bombchu/script/animcmd	0		-
item/fireflower/motion/body	0		-
fighter/demon/kirbycopy/c00	56	426975-426976,430976-431029	-
fighter/bayonetta/movie/c06	0		-
fighter/mario/kirbycopy/c02	15	431032-431046	-
fighter/ptrainer/c04/camera	0		fighter/ptrainer/camera/c04
fighter/yoshi/kirbycopy/c04	19	431052-431070	-
fighter/toonlink/result/c01	23	431071-431093	-
fighter/gekkouga/c03/camera	0		fighter/gekkouga/camera/c03
fighter/palutena/c02/camera	0		fighter/palutena/camera/c02
fighter/miienemys/movie/c04	0		-
fighter/ptrainer/camera/c02	3	431094-431096	-
fighter/marth/kirbycopy/c03	36	431097-431132	-
fighter/peach/kirbycopy/c06	15	431133-431147	-
fighter/duckhunt/camera/c04	5	431149-431153	-
fighter/wario/kirbycopy/cmn	4	426907-426910	-
fighter/gekkouga/result/c02	0		-
item/bossgalaga/motion/body	0		-
fighter/miienemyg/movie/c04	0		-
fighter/murabito/result/c05	19	431154-431172	-
item/chewing/script/animcmd	0		-
fighter/pzenigame/movie/c07	0		-
fighter/wario/kirbycopy/c07	18	431173-431190	-
item/genesis/model/body/c02	17	431191-431207	-
fighter/toonlink/c07/camera	0		fighter/toonlink/camera/c07
fighter/krool/kirbycopy/c02	45	431208-431252	-
fighter/gamewatch/movie/c05	0		-
fighter/gamewatch/movie/c01	0		-
fighter/wario/kirbycopy/c03	18	431254-431271	-
fighter/krool/kirbycopy/c06	45	431272-431316	-
item/steeldiver/motion/body	0		-
fighter/marth/kirbycopy/cmn	4	427313-427316	-
fighter/pzenigame/movie/c03	0		-
fighter/murabito/result/c01	19	431317-431335	-
fighter/miienemyg/movie/c00	0		-
fighter/toonlink/c00/camera	0		fighter/toonlink/camera/c00
fighter/dolly/kirbycopy/c01	17	431336-431352	-
fighter/cloud/kirbycopy/c04	30	431353-431382	-
item/pasaran/script/animcmd	0		-
fighter/ganon/kirbycopy/c02	21	431384-431404	-
fighter/plizardon/movie/c02	0		-
fighter/samus/kirbycopy/c02	19	431406-431424	-
fighter/murabito/camera/c05	5	431425-431429	-
fighter/diddy/kirbycopy/c02	14	431430-431443	-
fighter/lucas/kirbycopy/c06	18	431445-431462	-
fighter/lucas/kirbycopy/c02	18	431463-431480	-
fighter/murabito/camera/c01	5	431481-431485	-
fighter/samus/kirbycopy/c06	19	431486-431504	-
fighter/diddy/kirbycopy/c06	14	431505-431518	-
fighter/ganon/kirbycopy/c06	21	431519-431539	-
fighter/plizardon/movie/c06	0		-
fighter/pfushigisou/c00/cmn	0		fighter/pfushigisou/cmn
fighter/cloud/kirbycopy/c00	37	427520-427526,431541-431570	-
fighter/dolly/kirbycopy/c05	17	431571-431587	-
fighter/murabito/result/c00	19	431588-431606	-
fighter/miienemyg/movie/c01	0		-
fighter/duckhunt/c00/camera	0		fighter/duckhunt/camera/c00
fighter/mario/kirbycopy/cmn	2	427829-427830	-
fighter/pzenigame/movie/c02	0		-
fighter/wario/kirbycopy/c02	18	431608-431625	-
item/deathscythe/model/body	0		-
fighter/krool/kirbycopy/c07	45	431626-431670	-
fighter/gamewatch/movie/c00	0		-
fighter/ken/kirbycopy/sound	3	431671-431673	-
fighter/gekkouga/finalsmash	0		-
fighter/gamewatch/movie/c04	0		-
fighter/peach/kirbycopy/cmn	2	428063-428064	-
fighter/wario/kirbycopy/c06	18	431686-431703	-
fighter/pfushigisou/c02/cmn	0		fighter/pfushigisou/cmn
fighter/krool/kirbycopy/c03	45	431704-431748	-
fighter/pzenigame/movie/c06	0		-
item/firebar/model/body/c00	11	431749-431759	-
fighter/miienemyg/movie/c05	0		-
fighter/murabito/result/c04	19	431760-431778	-
fighter/cloud/kirbycopy/c01	30	431779-431808	-
fighter/dolly/kirbycopy/c04	17	431816-431832	-
fighter/ganon/kirbycopy/c07	21	431833-431853	-
fighter/daisy/kirbycopy/cmn	0		-
item/bombchu/model/body/c00	11	431854-431864	-
fighter/ptrainer/finalsmash	0		-
fighter/falco/kirbycopy/cmn	2	428154-428155	-
fighter/plizardon/movie/c07	0		-
item/maximtomato/model/body	0		-
fighter/duckhunt/c07/camera	0		fighter/duckhunt/camera/c07
fighter/murabito/camera/c00	5	431865-431869	-
fighter/samus/kirbycopy/c07	19	431871-431889	-
fighter/diddy/kirbycopy/c07	14	431890-431903	-
item/st_yamabuki_egg/script	0		-
fighter/lucas/kirbycopy/c03	18	431905-431922	-
fighter/lucas/kirbycopy/c07	18	431934-431951	-
fighter/samus/kirbycopy/c03	19	431952-431970	-
fighter/murabito/camera/c04	5	431971-431975	-
fighter/diddy/kirbycopy/c03	14	431976-431989	-
fighter/ganon/kirbycopy/c03	21	431990-432010	-
fighter/plizardon/movie/c03	0		-
fighter/dolly/kirbycopy/c00	24	428271-428277,432012-432028	-
fighter/cloud/kirbycopy/c05	30	432029-432058	-
fighter/toonlink/camera/c00	6	432060-432065	-
fighter/lucas/kirbycopy/cmn	2	428493-428494	-
fighter/littlemac/movie/c02	0		-
fighter/chrom/kirbycopy/c04	28	432073-432100	-
fighter/gekkouga/camera/c03	4	432101-432104	-
fighter/duckhunt/result/c05	0		-
fighter/robot/kirbycopy/c04	19	432105-432123	-
item/killertransform/camera	0		-
fighter/ptrainer/result/c03	0		-
fighter/zelda/kirbycopy/c05	18	432124-432141	-
fighter/falco/kirbycopy/c03	72	432157-432228	-
fighter/daisy/kirbycopy/c03	14	432229-432242	-
item/chewing/model/body/c00	24	432243-432266	-
fighter/falco/kirbycopy/c07	72	432267-432338	-
fighter/daisy/kirbycopy/c07	14	432339-432352	-
fighter/ganon/kirbycopy/cmn	2	428666-428667	-
fighter/gekkouga/camera/c07	4	432353-432356	-
fighter/duckhunt/result/c01	0		-
fighter/chrom/kirbycopy/c00	28	432357-432384	-
fighter/ptrainer/result/c07	0		-
fighter/zelda/kirbycopy/c01	18	432386-432403	-
fighter/robot/kirbycopy/c00	21	428596-428597,432404-432422	-
fighter/littlemac/movie/c06	0		-
fighter/diddy/kirbycopy/cmn	2	428573-428574	-
fighter/toonlink/camera/c04	6	432424-432429	-
fighter/samus/kirbycopy/cmn	2	428552-428553	-
fighter/ptrainer/camera/c03	3	432431-432433	-
fighter/marth/kirbycopy/c02	36	432434-432469	-
fighter/peach/kirbycopy/c07	15	432470-432484	-
fighter/duckhunt/camera/c05	5	432485-432489	-
fighter/gekkouga/result/c03	0		-
fighter/miienemys/movie/c05	0		-
fighter/yoshi/kirbycopy/c05	19	432490-432508	-
fighter/toonlink/result/c00	23	432509-432531	-
fighter/demon/kirbycopy/c01	54	432532-432585	-
fighter/bayonetta/movie/c07	0		-
fighter/mario/kirbycopy/c03	15	432625-432639	-
item/pasaran/model/body/c00	9	432640-432648	-
item/dragoon/model/body/c02	12	432649-432660	-
fighter/mario/kirbycopy/c07	15	432661-432675	-
fighter/bayonetta/movie/c03	0		-
fighter/demon/kirbycopy/c05	54	432676-432729	-
fighter/yoshi/kirbycopy/c01	19	432730-432748	-
fighter/toonlink/result/c04	23	432764-432786	-
fighter/miienemys/movie/c01	0		-
fighter/marth/kirbycopy/c06	36	432787-432822	-
fighter/miienemyf/kirbycopy	0		-
fighter/ptrainer/camera/c07	3	432823-432825	-
fighter/krool/kirbycopy/cmn	0		-
fighter/duckhunt/camera/c01	5	432829-432833	-
fighter/gekkouga/result/c07	0		-
item/killer/motion/body/c00	1	432834	-
fighter/peach/kirbycopy/c03	15	432835-432849	-
fighter/murabito/c02/camera	0		fighter/murabito/camera/c02
fighter/snake/kirbycopy/c01	17	432850-432866	-
fighter/gekkouga/c06/camera	0		fighter/gekkouga/camera/c06
fighter/ptrainer/c01/camera	0		fighter/ptrainer/camera/c01
fighter/palutena/c07/camera	0		fighter/palutena/camera/c07
fighter/snake/kirbycopy/c05	17	432880-432896	-
item/assist/motion/body/c00	1	432897	-
fighter/miienemyf/movie/c07	0		-
item/thunder/model/body/c00	12	432898-432909	-
item/pacmanbell/motion/body	0		-
fighter/simon/kirbycopy/c00	31	432910-432940	-
fighter/murabito/c05/camera	0		fighter/murabito/camera/c05
fighter/shulk/kirbycopy/c04	32	433008-433039	-
fighter/bayonetta/kirbycopy	0		-
fighter/palutena/c00/camera	0		fighter/palutena/camera/c00
item/st_yamabuki_egg/camera	0		-
fighter/murabito/cmn/effect	3	433040-433042	-
item/wiifitball/motion/body	0		-
item/genesisset/motion/body	0		-
fighter/shulk/kirbycopy/c00	36	429328-429331,433047-433078	-
fighter/kamui/kirbycopy/cmn	47	174427-174445,174834-174859,429323-429324	-
fighter/simon/kirbycopy/c04	31	433079-433109	-
fighter/miienemyf/movie/c03	0		-
fighter/ptrainer/c06/camera	0		fighter/ptrainer/camera/c06
fighter/pichu/kirbycopy/cmn	2	429272-429273	-
fighter/gekkouga/c01/camera	0		fighter/gekkouga/camera/c01
fighter/toonlink/c05/camera	0		fighter/toonlink/camera/c05
fighter/sheik/kirbycopy/c05	18	433112-433129	-
fighter/trail/kirbycopy/c02	26	433130-433155	-
fighter/younglink/movie/c00	0		-
item/wariobikee/motion/body	0		-
fighter/sonic/kirbycopy/c06	30	433157-433186	-
fighter/pichu/kirbycopy/c07	14	433187-433200	-
fighter/palutena/camera/c01	4	433201-433204	-
fighter/kamui/kirbycopy/c07	15	433206-433220	-
fighter/palutena/camera/c05	4	433221-433224	-
fighter/kamui/kirbycopy/c03	15	433225-433239	-
item/chicken/script/animcmd	0		-
item/killertransform/script	0		-
fighter/pichu/kirbycopy/c03	14	433241-433254	-
fighter/sonic/kirbycopy/c02	30	433255-433284	-
fighter/younglink/movie/c04	0		-
fighter/toonlink/cmn/effect	11	433285-433295	-
fighter/trail/kirbycopy/c06	26	433298-433323	-
fighter/sheik/kirbycopy/c01	18	433324-433341	-
item/pacmanapple/model/body	0		-
fighter/szerosuit/movie/c05	0		-
fighter/pfushigisou/c03/cmn	0		fighter/pfushigisou/cmn
fighter/luigi/kirbycopy/c06	14	433343-433356	-
fighter/palutena/result/c01	0		-
fighter/brave/kirbycopy/c01	20	433357-433376	-
item/freezer/script/animcmd	0		-
fighter/toonlink/c02/camera	0		fighter/toonlink/camera/c02
fighter/purin/kirbycopy/c00	17	429588-429589,433377-433391	-
fighter/buddy/kirbycopy/c00	82	429549-429587,433392-433434	-
fighter/koopa/kirbycopy/c02	15	433435-433449	-
fighter/buddy/kirbycopy/c04	43	433465-433507	-
fighter/koopa/kirbycopy/c06	15	433509-433523	-
fighter/purin/kirbycopy/c04	15	433539-433553	-
fighter/luigi/kirbycopy/c02	14	433556-433569	-
fighter/plizardon/kirbycopy	0		-
fighter/brave/kirbycopy/c05	20	433570-433589	-
item/togezoshell/model/body	0		-
fighter/palutena/result/c05	0		-
fighter/szerosuit/movie/c01	0		-
fighter/elight/kirbycopy/c02	26	433606-433631	-
fighter/tantan/kirbycopy/c04	14	433634-433647	-
fighter/szerosuit/result/c01	0		-
fighter/pzenigame/result/c02	0		-
fighter/ptrainer_low/c01/cmn	0		fighter/ptrainer_low/cmn
fighter/littlemac/result/c04	78	433653-433730	-
item/powblock/script/animcmd	0		-
fighter/shizue/kirbycopy/c01	17	433731-433747	-
fighter/pzenigame/c03/camera	0		fighter/pzenigame/camera/c03
fighter/gamewatch/camera/c07	4	433748-433751	-
fighter/gamewatch/camera/c03	4	433752-433755	-
item/sandbag/motion/body/c00	41	433756-433796	-
fighter/shizue/kirbycopy/c05	17	433812-433828	-
fighter/littlemac/result/c00	78	433829-433906	-
fighter/pzenigame/result/c06	0		-
fighter/elight/kirbycopy/c06	26	433909-433934	-
fighter/tantan/kirbycopy/c00	14	433935-433948	-
item/ripstick/model/body/c00	11	435236-435246	-
fighter/szerosuit/result/c05	0		-
fighter/littlemac/camera/c04	5	435254-435258	-
item/pacmanstrawberry/camera	0		-
fighter/gamewatch/result/c07	0		-
fighter/pzenigame/c04/camera	0		fighter/pzenigame/camera/c04
fighter/szerosuit/camera/c01	4	435259-435262	-
fighter/plizardon/finalsmash	0		-
fighter/reflet/kirbycopy/c05	15	435264-435278	-
fighter/pzenigame/camera/c02	4	435279-435282	-
fighter/koopag/kirbycopy/c02	0		-
fighter/koopag/kirbycopy/c06	0		-
fighter/pzenigame/camera/c06	4	435283-435286	-
fighter/reflet/kirbycopy/c01	15	435287-435301	-
fighter/nana/kirbycopy/sound	3	435306-435308	-
fighter/szerosuit/camera/c05	4	435312-435315	-
fighter/gamewatch/result/c03	0		-
fighter/samusd/kirbycopy/cmn	0		-
item/richterholywater/script	0		-
item/peachdaikon/motion/body	0		-
item/pacmancherry/model/body	0		-
fighter/littlemac/camera/c00	5	435317-435321	-
fighter/younglink/finalsmash	0		-
fighter/master/kirbycopy/c04	18	435322-435339	-
fighter/plizardon/result/c03	0		-
fighter/ridley/kirbycopy/c05	15	435344-435358	-
item/linkbomb/model/body/c00	13	435359-435371	-
fighter/younglink/result/c07	0		-
fighter/samusd/kirbycopy/c07	15	435372-435386	-
item/toonlinkbomb/model/body	0		-
fighter/samusd/kirbycopy/c03	15	435387-435401	-
fighter/younglink/result/c03	0		-
fighter/gamewatch/finalsmash	0		-
fighter/szerosuit/c00/camera	0		fighter/szerosuit/camera/c00
fighter/ridley/kirbycopy/c01	15	435402-435416	-
fighter/plizardon/result/c07	0		-
item/warpstar/model/body/c00	10	435418-435427	-
fighter/popo/kirbycopy/sound	3	435306-435308	-
fighter/master/kirbycopy/c00	18	435428-435445	-
fighter/mariod/kirbycopy/c01	14	435447-435460	-
fighter/younglink/camera/c07	5	435484-435488	-
fighter/pickel/kirbycopy/c04	18	435491-435508	-
fighter/miigunner/cmn/effect	1	435509	-
fighter/plizardon/camera/c03	4	435520-435523	-
fighter/plizardon/camera/c07	4	435539-435542	-
item/pickelobject/model/body	0		-
fighter/younglink/camera/c03	5	435543-435547	-
fighter/pickel/kirbycopy/c00	20	435558-435577	-
fighter/mariod/kirbycopy/c05	14	435578-435591	-
fighter/szerosuit/c07/camera	0		fighter/szerosuit/camera/c07
fighter/eflame/kirbycopy/c01	22	435593-435614	-
fighter/miienemys/c07/camera	0		fighter/miienemys/camera/c07
item/smokescreen/motion/body	0		-
item/usagihat/script/animcmd	0		-
item/st_fruit/model/body/c00	12	435637-435648	-
fighter/pacman/kirbycopy/c02	21	435650-435670	-
fighter/pikmin/kirbycopy/cmn	5	435671-435675	-
fighter/younglink/c01/camera	0		fighter/younglink/camera/c01
item/prizehr/motion/body/c00	1	435676	-
item/st_fruit/model/body/c04	12	435678-435689	-
fighter/pacman/kirbycopy/c06	21	435690-435710	-
fighter/miienemyg/c00/camera	0		fighter/miienemyg/camera/c00
fighter/littlemac/c02/camera	0		fighter/littlemac/camera/c02
fighter/plizardon/c01/camera	0		fighter/plizardon/camera/c01
fighter/bayonetta/c07/camera	0		fighter/bayonetta/camera/c07
fighter/eflame/kirbycopy/c05	22	435712-435733	-
fighter/dedede/kirbycopy/c00	20	435734-435753	-
item/richterholywater/camera	0		-
fighter/littlemac/cmn/effect	1	435766	-
item/pokeball/script/animcmd	0		-
fighter/younglink/c06/camera	0		fighter/younglink/camera/c06
fighter/packun/kirbycopy/c05	14	435767-435780	-
fighter/donkey/kirbycopy/cmn	2	435782-435783	-
fighter/miienemys/c00/camera	0		fighter/miienemys/camera/c00
fighter/mewtwo/kirbycopy/c04	16	435785-435800	-
fighter/mewtwo/kirbycopy/c00	19	435801-435819	-
fighter/bayonetta/c00/camera	0		fighter/bayonetta/camera/c00
item/st_fruit/model/body/c08	12	435820-435831	-
fighter/plizardon/c06/camera	0		fighter/plizardon/camera/c06
item/magicpot/model/body/c00	11	435832-435842	-
item/pacmanstrawberry/script	0		-
fighter/packun/kirbycopy/c01	14	435845-435858	-
fighter/miienemyg/c07/camera	0		fighter/miienemyg/camera/c07
fighter/littlemac/c05/camera	0		fighter/littlemac/camera/c05
fighter/dedede/kirbycopy/c04	18	435859-435876	-
fighter/lucina/kirbycopy/cmn	4	435877-435880	-
item/doseisan/model/body/c00	11	435881-435891	-
fighter/miienemyg/result/c01	0		-
fighter/donkey/kirbycopy/c03	15	435896-435910	-
fighter/miienemyf/c03/camera	0		fighter/miienemyf/camera/c03
fighter/lucina/kirbycopy/c07	30	435912-435941	-
fighter/miienemyf/result/c02	0		-
fighter/miienemys/camera/c05	0		-
fighter/metaknight/movie/c00	0		-
fighter/gamewatch/c06/camera	0		fighter/gamewatch/camera/c06
fighter/bayonetta/camera/c01	5	435942-435946	-
fighter/bayonetta/camera/c05	5	435947-435951	-
fighter/metaknight/movie/c04	0		-
fighter/lucina/kirbycopy/c03	30	435952-435981	-
fighter/miienemys/camera/c01	0		-
fighter/miienemyf/result/c06	0		-
fighter/donkey/kirbycopy/c07	15	435982-435996	-
fighter/miienemyg/result/c05	0		-
fighter/miigunner/result/c00	0		-
fighter/miienemyf/camera/c02	0		-
fighter/pikmin/kirbycopy/c03	19	436010-436028	-
fighter/miienemys/result/c05	0		-
fighter/gamewatch/c01/camera	0		fighter/gamewatch/camera/c01
fighter/bayonetta/result/c01	0		-
fighter/wiifit/kirbycopy/c06	61	436032-436092	-
fighter/miienemyf/c04/camera	0		fighter/miienemyf/camera/c04
fighter/miienemyg/camera/c01	0		-
item/st_fruit/model/body/c10	12	436095-436106	-
item/starring/script/animcmd	0		-
fighter/ptrainer_low/c00/cmn	0		fighter/ptrainer_low/cmn
fighter/wiifit/kirbycopy/c02	61	436108-436168	-
fighter/miifighter/movie/c00	0		-
fighter/miigunner/camera/c00	5	436169-436173	-
fighter/miienemyg/camera/c05	0		-
fighter/bayonetta/result/c05	0		-
fighter/miienemys/result/c01	0		-
fighter/miienemyf/camera/c06	0		-
fighter/pikmin/kirbycopy/c07	19	436174-436192	-
fighter/donkey/kirbycopy/c06	15	436193-436207	-
fighter/miienemyg/result/c04	0		-
item/st_fruit/script/animcmd	0		-
item/st_ice_yasai/model/body	0		-
fighter/pzenigame/c01/camera	0		fighter/pzenigame/camera/c01
item/usagihat/model/body/c00	11	436208-436218	-
fighter/lucina/kirbycopy/c02	30	436219-436248	-
fighter/miienemys/camera/c00	0		-
fighter/miienemyf/result/c07	0		-
fighter/bayonetta/camera/c04	5	436252-436256	-
fighter/metaknight/movie/c05	0		-
fighter/metaknight/movie/c01	0		-
fighter/bayonetta/camera/c00	5	436257-436261	-
fighter/lucina/kirbycopy/c06	30	436262-436291	-
fighter/miienemyf/result/c03	0		-
fighter/miienemys/camera/c04	0		-
fighter/ptrainer_low/c02/cmn	0		fighter/ptrainer_low/cmn
item/bombchu/motion/body/c00	2	436292-436293	-
fighter/miienemyg/result/c00	0		-
fighter/donkey/kirbycopy/c02	15	436295-436309	-
item/box/script/animcmd/body	3	436310-436312	-
fighter/miienemys/result/c00	0		-
fighter/miienemyf/camera/c07	0		-
fighter/pikmin/kirbycopy/c06	19	436313-436331	-
fighter/bayonetta/result/c04	0		-
fighter/wiifit/kirbycopy/c03	61	436333-436393	-
fighter/miienemyg/camera/c04	0		-
fighter/pzenigame/c06/camera	0		fighter/pzenigame/camera/c06
item/pokeball/model/body/c00	11	436394-436404	-
item/st_fruit/model/body/c11	12	436405-436416	-
item/magicpot/script/animcmd	0		-
fighter/wiifit/kirbycopy/c07	61	436421-436481	-
fighter/miienemyg/camera/c00	0		-
fighter/bayonetta/result/c00	0		-
item/dragoonsight/model/body	0		-
fighter/pacman/kirbycopy/cmn	2	436482-436483	-
fighter/miienemyf/camera/c03	0		-
fighter/pikmin/kirbycopy/c02	19	436484-436502	-
fighter/miienemys/result/c04	0		-
item/dragoon/motion/body/c00	1	436503	-
fighter/eflame/kirbycopy/c04	22	436504-436525	-
fighter/wiifit/kirbycopy/cmn	4	436526-436529	-
item/st_fruit/model/body/c05	12	436534-436545	-
fighter/pacman/kirbycopy/c07	21	436546-436566	-
item/daisydaikon/motion/body	0		-
item/doseisan/script/animcmd	0		-
item/st_fruit/model/body/c01	12	436572-436583	-
fighter/miigunner/c00/camera	0		fighter/miigunner/camera/c00
fighter/pacman/kirbycopy/c03	21	436585-436605	-
fighter/eflame/kirbycopy/c00	25	436606-436630	-
fighter/szerosuit/c02/camera	0		fighter/szerosuit/camera/c02
fighter/dedede/kirbycopy/c05	18	436631-436648	-
item/pacmanapple/motion/body	0		-
fighter/packun/kirbycopy/c00	14	436649-436662	-
fighter/szerosuit/cmn/effect	15	436664-436678	-
fighter/mewtwo/kirbycopy/c01	16	436679-436694	-
item/st_fruit/model/body/c09	12	436695-436706	-
fighter/mewtwo/kirbycopy/c05	16	436707-436722	-
fighter/szerosuit/c05/camera	0		fighter/szerosuit/camera/c05
fighter/miienemyf/finalsmash	0		-
fighter/packun/kirbycopy/c04	14	436742-436755	-
item/starring/model/body/c00	11	436756-436766	-
fighter/dedede/kirbycopy/c01	18	436767-436784	-
item/powblock/model/body/c00	11	436785-436795	-
fighter/master/kirbycopy/c01	18	436796-436813	-
fighter/plizardon/result/c06	0		-
item/deathscythe/motion/body	0		-
fighter/younglink/c03/camera	0		fighter/younglink/camera/c03
fighter/miienemys/c05/camera	0		fighter/miienemys/camera/c05
fighter/bayonetta/cmn/effect	22	436817-436838	-
fighter/ridley/kirbycopy/c00	15	436839-436853	-
fighter/samusd/kirbycopy/c02	15	436854-436868	-
fighter/younglink/result/c02	0		-
fighter/plizardon/c03/camera	0		fighter/plizardon/camera/c03
fighter/miienemys/cmn/effect	3	436870-436872	-
fighter/bayonetta/c05/camera	0		fighter/bayonetta/camera/c05
fighter/younglink/result/c06	0		-
fighter/samusd/kirbycopy/c06	15	436884-436898	-
fighter/ridley/kirbycopy/c04	15	436899-436913	-
item/ripstick/script/animcmd	0		-
fighter/plizardon/result/c02	0		-
fighter/koopag/kirbycopy/cmn	0		-
fighter/master/kirbycopy/c05	18	436920-436937	-
fighter/miienemyg/c02/camera	0		fighter/miienemyg/camera/c02
fighter/littlemac/c00/camera	0		fighter/littlemac/camera/c00
fighter/mariod/kirbycopy/c04	14	436939-436952	-
fighter/miienemys/c02/camera	0		fighter/miienemys/camera/c02
fighter/younglink/camera/c02	5	436953-436957	-
fighter/pickel/kirbycopy/c01	18	436958-436975	-
fighter/miienemyg/cmn/effect	1	436977	-
fighter/younglink/c04/camera	0		fighter/younglink/camera/c04
fighter/plizardon/camera/c06	4	436979-436982	-
fighter/plizardon/camera/c02	4	436996-436999	-
fighter/miienemyg/c05/camera	0		fighter/miienemyg/camera/c05
fighter/littlemac/c07/camera	0		fighter/littlemac/camera/c07
fighter/elight/kirbycopy/cmn	3	437000-437002	-
fighter/pzenigame/finalsmash	0		-
fighter/younglink/camera/c06	5	437003-437007	-
item/pitfall/motion/body/c00	1	437008	-
fighter/pickel/kirbycopy/c05	18	437009-437026	-
fighter/bayonetta/c02/camera	0		fighter/bayonetta/camera/c02
fighter/plizardon/c04/camera	0		fighter/plizardon/camera/c04
fighter/mariod/kirbycopy/c00	16	437027-437042	-
fighter/elight/kirbycopy/c07	26	437043-437068	-
fighter/tantan/kirbycopy/c01	14	437069-437082	-
fighter/szerosuit/result/c04	0		-
item/linkbomb/script/animcmd	0		-
fighter/gamewatch/c04/camera	0		fighter/gamewatch/camera/c04
fighter/pzenigame/result/c07	0		-
fighter/littlemac/result/c01	78	438370-438447	-
fighter/miienemyf/c01/camera	0		fighter/miienemyf/camera/c01
fighter/gamewatch/camera/c02	4	438450-438453	-
fighter/shizue/kirbycopy/c04	17	438454-438470	-
item/warpstar/script/animcmd	0		-
fighter/shizue/kirbycopy/c00	19	438471-438489	-
fighter/gamewatch/camera/c06	4	438490-438493	-
fighter/littlemac/result/c05	77	438494-438570	-
fighter/pzenigame/result/c03	0		-
fighter/elight/kirbycopy/c03	26	438571-438596	-
fighter/tantan/kirbycopy/c05	14	438597-438610	-
fighter/szerosuit/result/c00	0		-
fighter/miienemyf/c06/camera	0		fighter/miienemyf/camera/c06
item/maximtomato/motion/body	0		-
fighter/littlemac/camera/c01	5	438611-438615	-
fighter/gamewatch/result/c02	0		-
fighter/szerosuit/camera/c04	4	438616-438619	-
fighter/koopag/kirbycopy/c07	0		-
fighter/ptrainer_low/c03/cmn	0		fighter/ptrainer_low/cmn
fighter/pzenigame/camera/c07	4	438620-438623	-
fighter/gamewatch/c03/camera	0		fighter/gamewatch/camera/c03
fighter/reflet/kirbycopy/c00	18	438624-438641	-
fighter/reflet/kirbycopy/c04	15	438642-438656	-
fighter/pzenigame/camera/c03	4	438657-438660	-
fighter/koopag/kirbycopy/c03	0		-
fighter/szerosuit/camera/c00	4	438661-438664	-
fighter/gamewatch/result/c06	0		-
fighter/littlemac/camera/c05	5	438677-438681	-
fighter/younglink/camera/c04	5	438682-438686	-
fighter/pickel/kirbycopy/c07	18	438688-438705	-
item/diddypeanuts/model/body	0		-
fighter/mariod/kirbycopy/c02	14	438706-438719	-
fighter/plizardon/camera/c00	4	438720-438723	-
fighter/jack/kirbycopy/sound	3	438727-438729	-
item/pacmanstrawberry/effect	0		-
fighter/tantan/kirbycopy/cmn	0		-
fighter/plizardon/camera/c04	4	438734-438737	-
item/healball/script/animcmd	0		-
fighter/mariod/kirbycopy/c06	14	438765-438778	-
fighter/littlemac/finalsmash	0		-
item/walkmush/script/animcmd	0		-
fighter/younglink/camera/c00	5	438784-438788	-
fighter/pzenigame/c07/camera	0		fighter/pzenigame/camera/c07
fighter/pickel/kirbycopy/c03	18	438789-438806	-
fighter/plizardon/result/c00	0		-
fighter/master/kirbycopy/c07	18	438808-438825	-
fighter/younglink/result/c04	0		-
fighter/samusd/kirbycopy/c04	15	438826-438840	-
fighter/ridley/kirbycopy/c06	15	438841-438855	-
fighter/edge/kirbycopy/sound	3	438856-438858	-
item/genesis/motion/body/c00	1	438863	-
fighter/ridley/kirbycopy/c02	15	438864-438878	-
item/st_apple/script/animcmd	0		-
fighter/pzenigame/c00/camera	0		fighter/pzenigame/camera/c00
fighter/samusd/kirbycopy/c00	15	438885-438899	-
fighter/younglink/result/c00	0		-
fighter/ptrainer_low/c07/cmn	0		fighter/ptrainer_low/cmn
fighter/master/kirbycopy/c03	18	438900-438917	-
fighter/plizardon/result/c04	0		-
fighter/gamewatch/result/c04	0		-
fighter/szerosuit/c04/camera	0		fighter/szerosuit/camera/c04
fighter/littlemac/camera/c07	5	438923-438927	-
fighter/reflet/kirbycopy/c06	15	438928-438942	-
fighter/pzenigame/camera/c01	4	438943-438946	-
fighter/koopag/kirbycopy/c01	0		-
fighter/szerosuit/camera/c02	4	438968-438971	-
fighter/pitb/kirbycopy/sound	3	439046-439048	-
fighter/master/kirbycopy/cmn	0		-
fighter/szerosuit/camera/c06	4	439051-439054	-
fighter/miifighter/kirbycopy	0		-
fighter/koopag/kirbycopy/c05	0		-
fighter/pzenigame/camera/c05	4	439055-439058	-
item/snakegrenade/model/body	0		-
fighter/reflet/kirbycopy/c02	15	439059-439073	-
item/poweresa/script/animcmd	0		-
fighter/littlemac/camera/c03	5	439074-439078	-
fighter/gamewatch/result/c00	0		-
item/chicken/motion/body/c00	7	439079-439085	-
item/starrod/motion/body/c00	1	439086	-
fighter/pzenigame/result/c01	0		-
fighter/elight/kirbycopy/c01	26	439087-439112	-
fighter/tantan/kirbycopy/c07	14	439113-439126	-
fighter/szerosuit/result/c02	0		-
fighter/shizue/kirbycopy/c02	17	439127-439143	-
fighter/metaknight/kirbycopy	0		-
fighter/gamewatch/camera/c04	4	439144-439147	-
fighter/littlemac/result/c07	78	439148-439225	-
fighter/szerosuit/c03/camera	0		fighter/szerosuit/camera/c03
fighter/littlemac/result/c03	78	439226-439303	-
item/tabemono/model/body/c00	10	439304-439313	-
fighter/pickel/kirbycopy/cmn	2	435576-435577	-
fighter/gamewatch/camera/c00	4	439315-439318	-
item/bombhei/motion/body/c00	5	439319-439323	-
fighter/shizue/kirbycopy/c06	17	439324-439340	-
fighter/elight/kirbycopy/c05	26	439342-439367	-
fighter/tantan/kirbycopy/c03	14	439368-439381	-
fighter/szerosuit/result/c06	0		-
item/kusudama/model/body/c00	11	439406-439416	-
fighter/pzenigame/result/c05	0		-
fighter/bayonetta/result/c02	0		-
fighter/miienemyf/camera/c01	0		-
fighter/pikmin/kirbycopy/c00	23	435671-435675,439417-439434	-
fighter/miienemys/result/c06	0		-
fighter/miienemyg/c04/camera	0		fighter/miienemyg/camera/c04
fighter/littlemac/c06/camera	0		fighter/littlemac/camera/c06
fighter/younglink/cmn/effect	11	439441-439451	-
fighter/bayonetta/c03/camera	0		fighter/bayonetta/camera/c03
item/st_fruit/model/body/c13	12	439457-439468	-
fighter/plizardon/c05/camera	0		fighter/plizardon/camera/c05
item/mushroom/script/animcmd	0		-
item/staffrouletteshot/param	1	439482	-
fighter/wiifit/kirbycopy/c05	61	439483-439543	-
fighter/miienemyg/camera/c02	0		-
item/st_crab/motion/body/c00	5	439551-439555	-
fighter/wiifit/kirbycopy/c01	61	439556-439616	-
fighter/plizardon/cmn/effect	1	439617	-
fighter/miienemys/c03/camera	0		fighter/miienemys/camera/c03
item/richterholywater/effect	0		-
fighter/miienemyg/camera/c06	0		-
fighter/wolf/kirbycopy/sound	0		-
fighter/miienemys/result/c02	0		-
fighter/miienemyf/camera/c05	0		-
fighter/pikmin/kirbycopy/c04	19	439626-439644	-
fighter/bayonetta/result/c06	0		-
fighter/younglink/c05/camera	0		fighter/younglink/camera/c05
fighter/plizardon/c02/camera	0		fighter/plizardon/camera/c02
fighter/bayonetta/c04/camera	0		fighter/bayonetta/camera/c04
fighter/miienemyg/result/c02	0		-
fighter/donkey/kirbycopy/c00	16	435782-435783,439650-439663	-
item/starrodshot/motion/body	0		-
fighter/metaknight/movie/c03	0		-
fighter/bayonetta/camera/c02	5	439664-439668	-
item/st_shell/script/animcmd	0		-
fighter/lucina/kirbycopy/c04	30	439669-439698	-
fighter/miienemyg/c03/camera	0		fighter/miienemyg/camera/c03
fighter/littlemac/c01/camera	0		fighter/littlemac/camera/c01
fighter/miienemyf/result/c01	0		-
fighter/dedede/kirbycopy/cmn	2	435752-435753	-
fighter/miienemys/camera/c06	0		-
fighter/lucina/kirbycopy/c00	34	435877-435880,439702-439731	-
fighter/miienemys/camera/c02	0		-
fighter/miienemyf/result/c05	0		-
fighter/younglink/c02/camera	0		fighter/younglink/camera/c02
fighter/bayonetta/camera/c06	5	439732-439736	-
item/log/script/animcmd/body	3	439739-439741	-
fighter/metaknight/movie/c07	0		-
fighter/donkey/kirbycopy/c04	15	439742-439756	-
fighter/miienemyg/result/c06	0		-
fighter/miienemys/c04/camera	0		fighter/miienemys/camera/c04
fighter/mewtwo/kirbycopy/cmn	4	435816-435819	-
fighter/packun/kirbycopy/c06	14	439768-439781	-
fighter/dedede/kirbycopy/c03	18	439785-439802	-
fighter/mewtwo/kirbycopy/c07	16	439803-439818	-
fighter/ptrainer_low/c06/cmn	0		fighter/ptrainer_low/cmn
fighter/miienemyf/c07/camera	0		fighter/miienemyf/camera/c07
fighter/miigunner/finalsmash	0		-
fighter/mewtwo/kirbycopy/c03	16	439840-439855	-
fighter/dedede/kirbycopy/c07	18	439861-439878	-
fighter/packun/kirbycopy/c02	14	439916-439929	-
fighter/gamewatch/c02/camera	0		fighter/gamewatch/camera/c02
fighter/eflame/kirbycopy/c02	22	439937-439958	-
fighter/gamewatch/cmn/effect	1	439970	-
item/st_fruit/model/body/c03	12	439971-439982	-
fighter/pacman/kirbycopy/c01	21	439987-440007	-
item/st_fruit/model/body/c07	12	440008-440019	-
fighter/pacman/kirbycopy/c05	21	440022-440042	-
fighter/gamewatch/c05/camera	0		fighter/gamewatch/camera/c05
fighter/miienemyf/c00/camera	0		fighter/miienemyf/camera/c00
fighter/eflame/kirbycopy/c06	22	440056-440077	-
item/mushroom/model/body/c00	11	440078-440088	-
fighter/packun/kirbycopy/c03	14	440089-440102	-
item/goldenhammer/model/body	0		-
fighter/dedede/kirbycopy/c06	18	440103-440120	-
fighter/mewtwo/kirbycopy/c02	16	440122-440137	-
fighter/pzenigame/cmn/effect	1	440138	-
fighter/miienemyg/finalsmash	0		-
fighter/pzenigame/c05/camera	0		fighter/pzenigame/camera/c05
fighter/mewtwo/kirbycopy/c06	16	440143-440158	-
fighter/dedede/kirbycopy/c02	18	440159-440176	-
item/freezer/motion/body/c00	1	440178	-
fighter/packun/kirbycopy/c07	14	440179-440192	-
item/pacmanstrawberry/motion	0		-
item/pasaran/motion/body/c00	1	440193	-
item/st_shell/model/body/c00	11	440194-440204	-
fighter/ptrainer_low/c04/cmn	0		fighter/ptrainer_low/cmn
fighter/eflame/kirbycopy/c07	22	440205-440226	-
fighter/miienemys/finalsmash	0		-
item/pacmanmelon/motion/body	0		-
item/st_fruit/model/body/c06	12	440239-440250	-
fighter/pacman/kirbycopy/c04	21	440255-440275	-
item/st_fruit/model/body/c02	12	440276-440287	-
fighter/bayonetta/finalsmash	0		-
fighter/pacman/kirbycopy/c00	22	436482-436483,440288-440307	-
fighter/eflame/kirbycopy/c03	22	440308-440329	-
fighter/pzenigame/c02/camera	0		fighter/pzenigame/camera/c02
fighter/bayonetta/result/c07	0		-
fighter/miienemys/result/c03	0		-
fighter/miienemyf/camera/c04	0		-
fighter/pikmin/kirbycopy/c05	19	440365-440383	-
item/staffrouletteshot/model	0		-
fighter/szerosuit/c06/camera	0		fighter/szerosuit/camera/c06
fighter/wiifit/kirbycopy/c00	64	436526-436529,440398-440457	-
fighter/miienemyg/camera/c07	0		-
fighter/wiifit/kirbycopy/c04	61	440459-440519	-
fighter/miienemyg/camera/c03	0		-
fighter/eflame/kirbycopy/cmn	3	436628-436630	-
item/st_fruit/model/body/c12	12	440520-440531	-
fighter/miienemyf/camera/c00	0		-
fighter/pikmin/kirbycopy/c01	19	440532-440550	-
fighter/miienemys/result/c07	0		-
fighter/bayonetta/result/c03	0		-
fighter/donkey/kirbycopy/c05	15	440566-440580	-
fighter/miienemyg/result/c07	0		-
fighter/szerosuit/c01/camera	0		fighter/szerosuit/camera/c01
fighter/packun/kirbycopy/cmn	0		-
fighter/bayonetta/camera/c07	5	440613-440617	-
fighter/metaknight/movie/c06	0		-
fighter/lucina/kirbycopy/c01	30	440618-440647	-
fighter/miienemys/camera/c03	0		-
fighter/miienemyf/result/c04	0		-
fighter/lucina/kirbycopy/c05	30	440648-440677	-
fighter/miienemyf/result/c00	0		-
fighter/miienemys/camera/c07	0		-
fighter/metaknight/movie/c02	0		-
item/firebar/motion/body/c00	1	440694	-
fighter/bayonetta/camera/c03	5	440695-440699	-
fighter/miienemyg/result/c03	0		-
fighter/donkey/kirbycopy/c01	15	440700-440714	-
fighter/bayonetta/c01/camera	0		fighter/bayonetta/camera/c01
fighter/gamewatch/result/c01	0		-
fighter/plizardon/c07/camera	0		fighter/plizardon/camera/c07
item/dolphinbomb/motion/body	0		-
fighter/ridley/kirbycopy/cmn	0		-
fighter/littlemac/camera/c02	5	440719-440723	-
fighter/koopag/kirbycopy/c04	0		-
fighter/pzenigame/camera/c04	4	440724-440727	-
fighter/reflet/kirbycopy/c03	15	440730-440744	-
item/capsule/motion/body/c00	1	440745	-
fighter/szerosuit/camera/c07	4	440746-440749	-
fighter/miienemyg/c06/camera	0		fighter/miienemyg/camera/c06
fighter/littlemac/c04/camera	0		fighter/littlemac/camera/c04
fighter/szerosuit/camera/c03	4	440750-440753	-
item/clubshot/script/animcmd	0		-
item/healball/model/body/c00	11	440787-440797	-
fighter/reflet/kirbycopy/c07	15	440798-440812	-
fighter/pzenigame/camera/c00	4	440813-440816	-
fighter/koopag/kirbycopy/c00	0		-
item/walkmush/model/body/c00	12	440817-440828	-
fighter/younglink/c07/camera	0		fighter/younglink/camera/c07
fighter/miienemys/c01/camera	0		fighter/miienemys/camera/c01
item/chewing/motion/body/c00	3	440829-440831	-
fighter/littlemac/camera/c06	5	440832-440836	-
fighter/gamewatch/result/c05	0		-
item/richterholywater/motion	0		-
fighter/pzenigame/result/c04	0		-
fighter/elight/kirbycopy/c04	26	440868-440893	-
fighter/miienemyg/c01/camera	0		fighter/miienemyg/camera/c01
fighter/tantan/kirbycopy/c02	14	440894-440907	-
fighter/littlemac/c03/camera	0		fighter/littlemac/camera/c03
fighter/szerosuit/result/c07	0		-
fighter/plizardon/c00/camera	0		fighter/plizardon/camera/c00
fighter/gamewatch/camera/c01	4	442197-442200	-
fighter/bayonetta/c06/camera	0		fighter/bayonetta/camera/c06
fighter/shizue/kirbycopy/c07	17	442201-442217	-
fighter/littlemac/result/c02	78	442218-442295	-
item/thunder/motion/body/c00	1	442296	-
fighter/littlemac/result/c06	78	442297-442374	-
fighter/miienemys/c06/camera	0		fighter/miienemys/camera/c06
fighter/mariod/kirbycopy/cmn	2	437041-437042	-
fighter/shizue/kirbycopy/c03	17	442377-442393	-
item/togezoshell/motion/body	0		-
fighter/gamewatch/camera/c05	4	442405-442408	-
fighter/elight/kirbycopy/c00	29	437000-437002,442409-442434	-
fighter/tantan/kirbycopy/c06	14	442435-442448	-
fighter/szerosuit/result/c03	0		-
fighter/younglink/c00/camera	0		fighter/younglink/camera/c00
item/pacmanorange/model/body	0		-
item/st_apple/model/body/c00	13	442449-442461	-
fighter/pzenigame/result/c00	0		-
fighter/younglink/camera/c01	5	442462-442466	-
fighter/miienemyf/cmn/effect	1	442467	-
item/specialflag/motion/body	0		-
fighter/pickel/kirbycopy/c02	18	442468-442485	-
fighter/mariod/kirbycopy/c07	14	442486-442499	-
item/fairybottle/motion/body	0		-
fighter/plizardon/camera/c05	4	442500-442503	-
item/thundersword/model/body	0		-
fighter/ptrainer_low/c05/cmn	0		fighter/ptrainer_low/cmn
fighter/miiswordsman/c00/cmn	0		fighter/miiswordsman/cmn
fighter/szerosuit/finalsmash	0		-
fighter/gamewatch/c00/camera	0		fighter/gamewatch/camera/c00
fighter/plizardon/camera/c01	4	442504-442507	-
fighter/mariod/kirbycopy/c03	14	442508-442521	-
fighter/miienemyf/c05/camera	0		fighter/miienemyf/camera/c05
fighter/younglink/camera/c05	5	442522-442526	-
item/poweresa/model/body/c00	12	442527-442538	-
fighter/shizue/kirbycopy/cmn	2	438488-438489	-
fighter/pickel/kirbycopy/c06	18	442539-442556	-
item/st_fruitbomb/model/body	0		-
fighter/plizardon/result/c05	0		-
fighter/reflet/kirbycopy/cmn	3	438639-438641	-
fighter/master/kirbycopy/c02	18	442563-442580	-
fighter/samusd/kirbycopy/c01	15	442581-442595	-
fighter/younglink/result/c01	0		-
fighter/ridley/kirbycopy/c03	15	442596-442610	-
fighter/ness/kirbycopy/sound	3	442611-442613	-
fighter/ridley/kirbycopy/c07	15	442614-442628	-
fighter/miienemyf/c02/camera	0		fighter/miienemyf/camera/c02
item/kusudama/script/animcmd	0		-
fighter/younglink/result/c05	0		-
fighter/samusd/kirbycopy/c05	15	442646-442660	-
fighter/link/kirbycopy/sound	0		-
fighter/master/kirbycopy/c06	18	442671-442688	-
fighter/gamewatch/c07/camera	0		fighter/gamewatch/camera/c07
fighter/plizardon/result/c01	0		-
item/tabemono/script/animcmd	0		-
item/bananagunshot/model/body	0		-
item/killsword/model/body/c00	11	442691-442701	-
fighter/metaknight/result/c06	0		-
item/superleaftail/model/body	0		-
fighter/metaknight/result/c02	0		-
fighter/robot/kirbycopy/sound	3	442743-442745	-
fighter/metaknight/c03/camera	0		fighter/metaknight/camera/c03
fighter/pit/kirbycopy/c03/cmn	0		fighter/pit/kirbycopy/cmn
fighter/gaogaen/kirbycopy/c03	14	442747-442760	-
item/snakecbox/script/animcmd	0		-
fighter/metaknight/camera/c06	7	442767-442773	-
fighter/inkling/kirbycopy/c06	14	442774-442787	-
item/staffrouletteshot/motion	0		-
item/honeycomb/model/body/c00	11	442838-442848	-
fighter/metaknight/c04/camera	0		fighter/metaknight/camera/c04
fighter/ike/kirbycopy/c07/cmn	0		fighter/ike/kirbycopy/cmn
fighter/pikachu/kirbycopy/cmn	4	442869-442872	-
fighter/inkling/kirbycopy/c02	14	442887-442900	-
fighter/metaknight/camera/c02	7	442901-442907	-
fighter/gaogaen/kirbycopy/c07	14	442922-442935	-
fighter/pikachu/kirbycopy/c07	15	442941-442955	-
fighter/koopajr/kirbycopy/c02	30	442956-442985	-
fighter/gaogaen/kirbycopy/cmn	0		-
item/robotgyro/model/body/c06	15	443000-443014	-
item/thundersword/motion/body	0		-
item/magicpotwind/motion/body	0		-
item/linkarrow/script/animcmd	0		-
item/robotgyro/model/body/c02	15	443075-443089	-
fighter/koopajr/kirbycopy/c06	30	443095-443124	-
fighter/fox/kirbycopy/c06/cmn	0		fighter/fox/kirbycopy/cmn
fighter/roy/kirbycopy/c00/cmn	0		fighter/roy/kirbycopy/cmn
fighter/pikachu/kirbycopy/c03	15	443125-443139	-
item/goldenhammer/motion/body	0		-
item/blackball/model/body/c00	11	443140-443150	-
fighter/pfushigisou/movie/c07	0		-
fighter/rockman/kirbycopy/c06	15	443152-443166	-
fighter/shulk/kirbycopy/sound	3	443167-443169	-
fighter/ryu/kirbycopy/c06/cmn	0		fighter/ryu/kirbycopy/cmn
fighter/ganon/kirbycopy/sound	3	443170-443172	-
fighter/rockman/kirbycopy/c02	15	443179-443193	-
fighter/ken/kirbycopy/c04/cmn	0		fighter/ken/kirbycopy/cmn
fighter/pfushigisou/movie/c03	0		-
fighter/ken/kirbycopy/c05/cmn	0		fighter/ken/kirbycopy/cmn
item/poweresa/motion/body/c00	1	443195	-
fighter/ryu/kirbycopy/c07/cmn	0		fighter/ryu/kirbycopy/cmn
fighter/element/kirbycopy/cmn	0		-
item/linkbomb/motion/body/c00	2	443218-443219	-
fighter/daisy/kirbycopy/sound	0		-
item/sandbaghr/model/body/c00	13	443221-443233	-
fighter/captain/kirbycopy/c03	18	443235-443252	-
item/honeycombbee/motion/body	0		-
fighter/roy/kirbycopy/c01/cmn	0		fighter/roy/kirbycopy/cmn
fighter/fox/kirbycopy/c07/cmn	0		fighter/fox/kirbycopy/cmn
item/murabitofruit/model/body	0		-
item/magicball/script/animcmd	0		-
fighter/wario/kirbycopy/sound	3	443273-443275	-
fighter/captain/kirbycopy/c07	18	443276-443293	-
fighter/pfushigisou/kirbycopy	0		-
fighter/rosetta/kirbycopy/c01	28	443300-443327	-
fighter/ike/kirbycopy/c06/cmn	0		fighter/ike/kirbycopy/cmn
item/killereye/script/animcmd	0		-
fighter/captain/kirbycopy/cmn	2	443336-443337	-
item/buddybomb/model/body/c00	11	443338-443348	-
item/crossbomb/model/body/c00	17	443349-443365	-
fighter/rosetta/kirbycopy/c05	28	443368-443395	-
item/superleaf/script/animcmd	0		-
fighter/element/kirbycopy/c07	0		-
fighter/fox/finalsmash/shared	0		-
fighter/richter/kirbycopy/c04	31	443400-443430	-
item/tabemono/motion/body/c00	2	443431-443432	-
item/club/script/animcmd/body	3	443433-443435	-
fighter/pit/kirbycopy/c02/cmn	0		fighter/pit/kirbycopy/cmn
fighter/lucario/kirbycopy/c02	14	443439-443452	-
item/beamsword/model/body/c00	14	443453-443466	-
fighter/lucario/kirbycopy/c06	14	443467-443480	-
fighter/richter/kirbycopy/c00	33	443482-443514	-
fighter/element/kirbycopy/c03	0		-
fighter/rosetta/kirbycopy/c04	28	443515-443542	-
fighter/sonic/kirbycopy/sound	3	443543-443545	-
fighter/pit/kirbycopy/c00/cmn	0		fighter/pit/kirbycopy/cmn
fighter/metaknight/c01/camera	0		fighter/metaknight/camera/c01
item/staffshot/script/animcmd	0		-
item/smashbomb/script/animcmd	0		-
item/explosionbomb/model/body	0		-
fighter/rosetta/kirbycopy/c00	32	443554-443585	-
item/machstamp/script/animcmd	0		-
fighter/element/kirbycopy/c02	0		-
item/book/script/animcmd/body	3	443606-443608	-
item/staffrouletteshot/effect	0		-
fighter/richter/kirbycopy/c01	31	443627-443657	-
item/sandbaghr/script/animcmd	0		-
fighter/ike/kirbycopy/c04/cmn	0		fighter/ike/kirbycopy/cmn
fighter/lucario/kirbycopy/c07	14	443666-443679	-
fighter/lucario/kirbycopy/c03	14	443680-443693	-
fighter/diddy/kirbycopy/sound	0		-
fighter/metaknight/c06/camera	0		fighter/metaknight/camera/c06
item/magicball/model/body/c00	12	443694-443705	-
fighter/richter/kirbycopy/c05	31	443706-443736	-
fighter/element/kirbycopy/c06	0		-
fighter/roy/kirbycopy/c03/cmn	0		fighter/roy/kirbycopy/cmn
fighter/fox/kirbycopy/c05/cmn	0		fighter/fox/kirbycopy/cmn
item/killereye/model/body/c00	12	443743-443754	-
item/crossbomb/script/animcmd	0		-
item/superleaf/model/body/c00	11	443766-443776	-
fighter/lucario/kirbycopy/cmn	3	443788-443790	-
item/buddybomb/script/animcmd	0		-
fighter/chrom/kirbycopy/sound	3	443791-443793	-
fighter/captain/kirbycopy/c06	18	443797-443814	-
fighter/marth/kirbycopy/sound	3	443815-443817	-
fighter/ken/kirbycopy/c07/cmn	0		fighter/ken/kirbycopy/cmn
fighter/ryu/kirbycopy/c05/cmn	0		fighter/ryu/kirbycopy/cmn
fighter/captain/kirbycopy/c02	18	443818-443835	-
item/beamsword/script/animcmd	0		-
fighter/pikachu/kirbycopy/c02	15	443843-443857	-
item/killsword/script/animcmd	0		-
fighter/koopajr/kirbycopy/c07	30	443872-443901	-
item/st_apple/motion/body/c00	1	443902	-
fighter/cloud/kirbycopy/sound	3	443904-443906	-
item/robotgyro/model/body/c03	15	443913-443927	-
fighter/inkling/kirbycopy/cmn	2	443957-443958	-
item/teamhealfield/model/body	0		-
item/robotgyro/model/body/c07	15	443959-443973	-
fighter/koopajr/kirbycopy/c03	30	443974-444003	-
fighter/ryu/kirbycopy/c04/cmn	0		fighter/ryu/kirbycopy/cmn
fighter/pikachu/kirbycopy/c06	15	444004-444018	-
fighter/krool/kirbycopy/sound	0		-
fighter/ken/kirbycopy/c06/cmn	0		fighter/ken/kirbycopy/cmn
fighter/pfushigisou/movie/c02	0		-
fighter/metaknight/finalsmash	0		-
fighter/rockman/kirbycopy/c03	15	444028-444042	-
item/younglinkbomb/model/body	0		-
item/snakecbox/model/body/c00	11	444055-444065	-
fighter/fox/kirbycopy/c04/cmn	0		fighter/fox/kirbycopy/cmn
fighter/falco/kirbycopy/sound	0		-
fighter/rockman/kirbycopy/c07	15	444071-444085	-
fighter/purin/kirbycopy/sound	3	444098-444100	-
item/starring/motion/body/c00	5	444101-444105	-
fighter/roy/kirbycopy/c02/cmn	0		fighter/roy/kirbycopy/cmn
item/magicpot/motion/body/c00	5	444108-444112	-
item/honeycomb/script/animcmd	0		-
fighter/pfushigisou/movie/c06	0		-
fighter/rockman/kirbycopy/cmn	2	444116-444117	-
fighter/metaknight/result/c03	0		-
fighter/metaknight/result/c07	0		-
item/linkarrow/model/body/c00	11	444149-444159	-
fighter/ike/kirbycopy/c05/cmn	0		fighter/ike/kirbycopy/cmn
fighter/gaogaen/kirbycopy/c06	14	444160-444173	-
fighter/yoshi/kirbycopy/sound	3	444179-444181	-
fighter/inkling/kirbycopy/c03	14	444186-444199	-
fighter/metaknight/camera/c03	7	444200-444206	-
item/blackball/script/animcmd	0		-
fighter/simon/kirbycopy/sound	3	444236-444238	-
fighter/koopajr/kirbycopy/cmn	6	444239-444244	-
fighter/miifighter/finalsmash	0		-
fighter/pit/kirbycopy/c01/cmn	0		fighter/pit/kirbycopy/cmn
fighter/metaknight/camera/c07	7	444280-444286	-
fighter/inkling/kirbycopy/c07	14	444287-444300	-
fighter/gaogaen/kirbycopy/c02	14	444316-444329	-
item/pacmankey/model/body/c00	12	444332-444343	-
item/staffroulette/model/body	0		-
fighter/pfushigisou/movie/c04	0		-
item/snakegrenade/motion/body	0		-
fighter/ike/kirbycopy/c01/cmn	0		fighter/ike/kirbycopy/cmn
fighter/metaknight/c07/camera	0		fighter/metaknight/camera/c07
fighter/rockman/kirbycopy/c05	15	444352-444366	-
item/wariobike/script/animcmd	0		-
fighter/rockman/kirbycopy/c01	15	444370-444384	-
fighter/pfushigisou/movie/c00	0		-
item/pickelobject/motion/body	0		-
fighter/peach/kirbycopy/sound	0		-
item/st_fruit/motion/body/c00	2	444405-444406	-
fighter/metaknight/c00/camera	0		fighter/metaknight/camera/c00
fighter/koopajr/kirbycopy/c01	30	444407-444436	-
fighter/pit/kirbycopy/c05/cmn	0		fighter/pit/kirbycopy/cmn
fighter/buddy/kirbycopy/sound	3	444437-444439	-
item/pacmancherry/motion/body	0		-
fighter/pikachu/kirbycopy/c04	15	444440-444454	-
fighter/demon/kirbycopy/sound	0		-
item/smartbomb/model/body/c00	11	444461-444471	-
item/ripstickshot/motion/body	0		-
item/robotgyro/model/body/c05	15	444482-444496	-
item/robotgyro/model/body/c01	15	444497-444511	-
fighter/pikachu/kirbycopy/c00	19	442869-442872,444522-444536	-
fighter/koopajr/kirbycopy/c05	30	444537-444566	-
fighter/metaknight/camera/c05	7	444568-444574	-
fighter/inkling/kirbycopy/c05	14	444579-444592	-
item/boomerang/script/animcmd	0		-
item/st_fruitbomb/motion/body	0		-
fighter/gaogaen/kirbycopy/c00	14	444593-444606	-
fighter/luigi/kirbycopy/sound	0		-
item/wood/script/animcmd/body	2	444607-444608	-
fighter/ken/kirbycopy/c02/cmn	0		fighter/ken/kirbycopy/cmn
item/revengeshootershot/param	1	444628	-
fighter/ryu/kirbycopy/c00/cmn	0		fighter/ryu/kirbycopy/cmn
fighter/kamui/kirbycopy/sound	3	444645-444647	-
item/superstar/script/animcmd	0		-
item/kusudama/motion/body/c00	4	444677-444680	-
fighter/gaogaen/kirbycopy/c04	14	444701-444714	-
fighter/inkling/kirbycopy/c01	14	444715-444728	-
fighter/metaknight/camera/c01	7	444729-444735	-
fighter/roy/kirbycopy/c06/cmn	0		fighter/roy/kirbycopy/cmn
item/robotgyro/script/animcmd	0		-
item/smashball/model/body/c00	6	444737-444742	-
fighter/fox/kirbycopy/c00/cmn	0		fighter/fox/kirbycopy/cmn
item/powderbox/script/animcmd	0		-
fighter/metaknight/result/c05	0		-
fighter/miifighter/c00/camera	0		fighter/miifighter/camera/c00
fighter/metaknight/result/c01	0		-
fighter/richter/kirbycopy/c07	31	444764-444794	-
fighter/element/kirbycopy/c04	0		-
fighter/lucario/kirbycopy/c01	14	444802-444815	-
item/chickenparty/motion/body	0		-
fighter/fox/kirbycopy/c01/cmn	0		fighter/fox/kirbycopy/cmn
fighter/lucario/kirbycopy/c05	14	444830-444843	-
fighter/roy/kirbycopy/c07/cmn	0		fighter/roy/kirbycopy/cmn
item/mushroom/motion/body/c00	1	444872	-
fighter/element/kirbycopy/c00	0		-
fighter/richter/kirbycopy/c03	31	444879-444909	-
fighter/mario/kirbycopy/sound	0		-
item/pacmanorange/motion/body	0		-
fighter/rosetta/kirbycopy/c02	28	444916-444943	-
item/doll/script/animcmd/body	3	444944-444946	-
item/drillshot/model/body/c00	11	444947-444957	-
item/bananagun/script/animcmd	0		-
fighter/ryu/kirbycopy/c01/cmn	0		fighter/ryu/kirbycopy/cmn
fighter/rosetta/kirbycopy/c06	28	444972-444999	-
item/pokeball/motion/body/c00	4	445000-445003	-
fighter/ken/kirbycopy/c03/cmn	0		fighter/ken/kirbycopy/cmn
fighter/captain/kirbycopy/c00	20	443336-443337,445048-445065	-
item/homerunbathr/motion/body	0		-
item/clubshot/motion/body/c00	1	445114	-
fighter/pit/kirbycopy/c04/cmn	0		fighter/pit/kirbycopy/cmn
item/ripstick/motion/body/c00	2	445115-445116	-
fighter/captain/kirbycopy/c04	18	445136-445153	-
item/dragoonsight/motion/body	0		-
item/slow/script/animcmd/body	3	445168-445170	-
fighter/richter/kirbycopy/cmn	2	443513-443514	-
item/warpstar/motion/body/c00	10	445171-445180	-
fighter/ike/kirbycopy/c00/cmn	0		fighter/ike/kirbycopy/cmn
fighter/captain/kirbycopy/c05	18	445183-445200	-
item/st_ice_yasai/motion/body	0		-
fighter/metaknight/c05/camera	0		fighter/metaknight/camera/c05
item/healball/motion/body/c00	1	445203	-
item/staffrouletteshot/camera	0		-
fighter/snake/kirbycopy/sound	0		-
fighter/rosetta/kirbycopy/cmn	4	443582-443585	-
fighter/ike/kirbycopy/c02/cmn	0		fighter/ike/kirbycopy/cmn
fighter/metaknight/cmn/effect	1	445214	-
fighter/captain/kirbycopy/c01	18	445215-445232	-
fighter/lucas/kirbycopy/sound	3	445239-445241	-
item/drillshot/script/animcmd	0		-
fighter/metaknight/c02/camera	0		fighter/metaknight/camera/c02
item/bananagun/model/body/c00	11	445273-445283	-
fighter/pit/kirbycopy/c06/cmn	0		fighter/pit/kirbycopy/cmn
item/powblock/motion/body/c00	9	445303-445311	-
fighter/richter/kirbycopy/c02	31	445313-445343	-
item/deku/script/animcmd/body	3	445344-445346	-
fighter/element/kirbycopy/c01	0		-
fighter/lucario/kirbycopy/c04	14	445347-445360	-
fighter/miifighter/cmn/effect	1	445361	-
fighter/ryu/kirbycopy/c03/cmn	0		fighter/ryu/kirbycopy/cmn
fighter/lucario/kirbycopy/c00	17	443788-443790,445362-445375	-
fighter/ken/kirbycopy/c01/cmn	0		fighter/ken/kirbycopy/cmn
fighter/element/kirbycopy/c05	0		-
item/diddypeanuts/motion/body	0		-
item/walkmushshot/motion/body	0		-
fighter/pichu/kirbycopy/sound	3	445403-445405	-
fighter/dolly/kirbycopy/sound	3	445406-445408	-
fighter/richter/kirbycopy/c06	31	445409-445439	-
fighter/rosetta/kirbycopy/c07	28	445441-445468	-
item/usagihat/motion/body/c00	3	445469-445471	-
item/doseisan/motion/body/c00	4	445472-445475	-
fighter/fox/kirbycopy/c03/cmn	0		fighter/fox/kirbycopy/cmn
fighter/rosetta/kirbycopy/c03	28	445476-445503	-
fighter/samus/kirbycopy/sound	0		-
fighter/roy/kirbycopy/c05/cmn	0		fighter/roy/kirbycopy/cmn
fighter/inkling/kirbycopy/c00	16	443957-443958,445505-445518	-
item/revengeshootershot/model	0		-
fighter/metaknight/camera/c00	7	445519-445525	-
fighter/gaogaen/kirbycopy/c05	14	445534-445547	-
item/wariobike/model/body/c00	12	445548-445559	-
fighter/roy/kirbycopy/c04/cmn	0		fighter/roy/kirbycopy/cmn
item/pacmankey/script/animcmd	0		-
fighter/fox/kirbycopy/c02/cmn	0		fighter/fox/kirbycopy/cmn
item/staffrouletteshot/script	0		-
fighter/gaogaen/kirbycopy/c01	14	445622-445635	-
fighter/metaknight/camera/c04	7	445636-445642	-
fighter/inkling/kirbycopy/c04	14	445643-445656	-
item/toonlinkbomb/motion/body	0		-
fighter/ken/kirbycopy/c00/cmn	0		fighter/ken/kirbycopy/cmn
item/smartbomb/script/animcmd	0		-
item/walkmush/motion/body/c00	8	445658-445665	-
fighter/ryu/kirbycopy/c02/cmn	0		fighter/ryu/kirbycopy/cmn
fighter/metaknight/result/c00	0		-
fighter/sheik/kirbycopy/sound	3	445667-445669	-
fighter/metaknight/result/c04	0		-
fighter/pfushigisou/movie/c01	0		-
item/boomerang/model/body/c00	11	445701-445711	-
fighter/pit/kirbycopy/c07/cmn	0		fighter/pit/kirbycopy/cmn
fighter/rockman/kirbycopy/c00	17	444116-444117,445712-445726	-
fighter/rockman/kirbycopy/c04	15	445728-445742	-
fighter/miifighter/camera/c00	4	445743-445746	-
item/curryshot/script/animcmd	0		-
item/superstar/model/body/c00	11	445756-445766	-
fighter/pfushigisou/movie/c05	0		-
fighter/koopajr/kirbycopy/c04	30	445767-445796	-
fighter/ike/kirbycopy/c03/cmn	0		fighter/ike/kirbycopy/cmn
fighter/pikachu/kirbycopy/c01	15	445797-445811	-
fighter/trail/kirbycopy/sound	3	445815-445817	-
item/powderbox/model/body/c00	11	445819-445829	-
item/smashball/script/animcmd	0		-
item/robotgyro/model/body/c00	15	445831-445845	-
fighter/koopa/kirbycopy/sound	3	445858-445860	-
item/robotgyro/model/body/c04	15	445861-445875	-
fighter/pikachu/kirbycopy/c05	15	445876-445890	-
fighter/brave/kirbycopy/sound	3	445891-445893	-
fighter/zelda/kirbycopy/sound	3	445894-445896	-
fighter/miifighter/result/c00	0		-
fighter/koopajr/kirbycopy/c00	36	444239-444244,445898-445927	-
item/st_shell/motion/body/c00	6	445928-445933	-
item/killsword/motion/body/c00	2	445934-445935	-
fighter/pfushigisou/camera/c04	4	445936-445939	-
item/superstar/motion/body/c00	1	445944	-
fighter/pfushigisou/camera/c00	4	445971-445974	-
fighter/miiswordsman/kirbycopy	0		-
item/sensorbomb/model/body/c00	15	445976-445990	-
item/finaldaisy/script/animcmd	0		-
item/robotgyro/motion/body/c00	2	445991-445992	-
fighter/link/kirbycopy/c01/cmn	0		fighter/link/kirbycopy/cmn
fighter/pfushigisou/result/c04	0		-
fighter/palutena/kirbycopy/c01	32	446024-446055	-
fighter/duckhunt/kirbycopy/c05	14	446079-446092	-
item/finalpeach/script/animcmd	0		-
fighter/reflet/kirbycopy/sound	3	446131-446133	-
fighter/duckhunt/kirbycopy/c01	14	446134-446147	-
item/wariobikeb/model/body/c00	12	446173-446184	-
fighter/palutena/kirbycopy/c05	32	446185-446216	-
fighter/pfushigisou/result/c00	0		-
fighter/popo/kirbycopy/c06/cmn	0		fighter/popo/kirbycopy/cmn
fighter/pitb/kirbycopy/c00/cmn	0		fighter/pitb/kirbycopy/cmn
item/genesisset/script/animcmd	0		-
item/greenshell/script/animcmd	0		-
item/machstamp/motion/body/c00	1	446329	-
fighter/wolf/kirbycopy/c00/cmn	0		fighter/wolf/kirbycopy/cmn
item/bananagun/motion/body/c00	1	446345	-
item/st_usa_egg/script/animcmd	0		-
fighter/edge/kirbycopy/c03/cmn	0		fighter/edge/kirbycopy/cmn
item/mechakoopa/script/animcmd	0		-
fighter/ptrainer_low/movie/c05	0		-
fighter/ness/kirbycopy/c02/cmn	0		fighter/ness/kirbycopy/cmn
item/staffroulette/motion/body	0		-
fighter/jack/kirbycopy/c05/cmn	0		fighter/jack/kirbycopy/cmn
fighter/master/kirbycopy/sound	3	446394-446396	-
fighter/ptrainer_low/movie/c01	0		-
item/carrierbox/model/body/c02	10	446420-446429	-
item/wiifitball/model/body/c00	12	446430-446441	-
item/soccerball/script/animcmd	0		-
fighter/jack/kirbycopy/c04/cmn	0		fighter/jack/kirbycopy/cmn
fighter/pfushigisou/cmn/effect	9	446512-446520	-
fighter/edge/kirbycopy/c02/cmn	0		fighter/edge/kirbycopy/cmn
fighter/pfushigisou/c05/camera	0		fighter/pfushigisou/camera/c05
item/wariobikea/model/body/c00	12	446549-446560	-
item/bananagunshot/motion/body	0		-
item/rocketbelt/script/animcmd	0		-
item/badge/script/animcmd/body	3	446575-446577	-
fighter/ness/kirbycopy/c03/cmn	0		fighter/ness/kirbycopy/cmn
fighter/toonlink/kirbycopy/c04	15	446596-446610	-
fighter/wolf/kirbycopy/c01/cmn	0		fighter/wolf/kirbycopy/cmn
fighter/toonlink/kirbycopy/c00	19	446635-446653	-
fighter/popo/kirbycopy/c07/cmn	0		fighter/popo/kirbycopy/cmn
fighter/pitb/kirbycopy/c01/cmn	0		fighter/pitb/kirbycopy/cmn
fighter/lucina/kirbycopy/sound	3	446664-446666	-
fighter/pfushigisou/c02/camera	0		fighter/pfushigisou/camera/c02
item/fireflower/model/body/c00	11	446667-446677	-
fighter/gekkouga/kirbycopy/c02	18	446678-446695	-
item/simonholywater/model/body	0		-
item/hammerhead/script/animcmd	0		-
fighter/murabito/kirbycopy/c04	15	446749-446763	-
item/staffshot/motion/body/c00	1	446764	-
item/revengeshootershot/effect	0		-
fighter/murabito/kirbycopy/c00	17	446765-446781	-
fighter/link/kirbycopy/c00/cmn	0		fighter/link/kirbycopy/cmn
item/steeldiver/model/body/c00	11	446782-446792	-
item/younglinkbomb/motion/body	0		-
fighter/gekkouga/kirbycopy/c06	18	446827-446844	-
item/pickelbomb/model/body/c00	11	446845-446855	-
item/smartbomb/motion/body/c00	1	446856	-
item/unira/script/animcmd/body	3	446860-446862	-
item/boomerang/motion/body/c00	2	446863-446864	-
item/pacmanboss/script/animcmd	0		-
item/superleaf/motion/body/c00	2	446874-446875	-
item/wariobiked/script/animcmd	0		-
fighter/gekkouga/kirbycopy/c07	18	446894-446911	-
item/magicball/motion/body/c00	1	446912	-
item/soccerball/model/body/c00	11	446959-446969	-
fighter/murabito/kirbycopy/c01	15	446970-446984	-
fighter/murabito/kirbycopy/c05	15	446985-446999	-
item/drillshot/motion/body/c00	3	447000-447002	-
item/wariobikea/script/animcmd	0		-
item/rocketbelt/model/body/c00	11	447021-447031	-
fighter/gekkouga/kirbycopy/c03	18	447066-447083	-
fighter/pikmin/kirbycopy/sound	0		-
item/fireflower/script/animcmd	0		-
fighter/link/kirbycopy/c02/cmn	0		fighter/link/kirbycopy/cmn
fighter/wolf/kirbycopy/c03/cmn	0		fighter/wolf/kirbycopy/cmn
item/hammerhead/model/body/c00	11	447180-447190	-
item/smashbomb/motion/body/c00	1	447192	-
item/ripstickflower/model/body	0		-
fighter/pitb/kirbycopy/c03/cmn	0		fighter/pitb/kirbycopy/cmn
item/steeldiver/script/animcmd	0		-
fighter/popo/kirbycopy/c05/cmn	0		fighter/popo/kirbycopy/cmn
fighter/toonlink/kirbycopy/c01	15	447242-447256	-
item/pickelbomb/script/animcmd	0		-
fighter/packun/kirbycopy/sound	0		-
fighter/jack/kirbycopy/c06/cmn	0		fighter/jack/kirbycopy/cmn
item/wariobiked/model/body/c00	12	447257-447268	-
fighter/toonlink/kirbycopy/c05	15	447269-447283	-
fighter/ness/kirbycopy/c01/cmn	0		fighter/ness/kirbycopy/cmn
fighter/eflame/kirbycopy/sound	3	447284-447286	-
fighter/gekkouga/kirbycopy/cmn	2	447287-447288	-
fighter/elight/kirbycopy/sound	3	447289-447291	-
item/pacmanboss/model/body/c00	12	447292-447303	-
item/heart/script/animcmd/body	3	447304-447306	-
fighter/edge/kirbycopy/c00/cmn	0		fighter/edge/kirbycopy/cmn
fighter/ness/kirbycopy/c00/cmn	0		fighter/ness/kirbycopy/cmn
fighter/edge/kirbycopy/c01/cmn	0		fighter/edge/kirbycopy/cmn
fighter/jack/kirbycopy/c07/cmn	0		fighter/jack/kirbycopy/cmn
item/sensorbomb/script/animcmd	0		-
item/pacmankey/motion/body/c00	1	447434	-
fighter/pfushigisou/c07/camera	0		fighter/pfushigisou/camera/c07
item/curryshot/motion/body/c00	1	447461	-
item/smashball/motion/body/c00	1	447463	-
fighter/ptrainer_low/movie/c00	0		-
fighter/pitb/kirbycopy/c02/cmn	0		fighter/pitb/kirbycopy/cmn
fighter/popo/kirbycopy/c04/cmn	0		fighter/popo/kirbycopy/cmn
fighter/wiifit/kirbycopy/sound	3	447514-447516	-
fighter/ptrainer_low/movie/c04	0		-
fighter/pfushigisou/c00/camera	0		fighter/pfushigisou/camera/c00
item/wariobikeb/script/animcmd	0		-
fighter/wolf/kirbycopy/c02/cmn	0		fighter/wolf/kirbycopy/cmn
item/screw/script/animcmd/body	3	447539-447541	-
fighter/mewtwo/kirbycopy/sound	3	447547-447549	-
item/crossbomb/motion/body/c00	2	447554-447555	-
fighter/pfushigisou/camera/c01	4	447593-447596	-
fighter/link/kirbycopy/c03/cmn	0		fighter/link/kirbycopy/cmn
fighter/jack/finalsmash/shared	0		-
fighter/pfushigisou/camera/c05	4	447667-447670	-
item/genesisset/model/body/c00	22	447672-447693	-
item/greenshell/model/body/c00	11	447695-447705	-
item/revengeshootershot/motion	0		-
fighter/palutena/kirbycopy/c04	32	447706-447737	-
fighter/pfushigisou/result/c01	0		-
item/mechakoopa/model/body/c00	15	447738-447752	-
item/st_usa_egg/model/body/c00	8	447779-447786	-
fighter/duckhunt/kirbycopy/c00	18	447788-447805	-
fighter/duckhunt/kirbycopy/c04	14	447816-447829	-
item/linkarrow/motion/body/c00	3	447878-447880	-
item/wiifitball/script/animcmd	0		-
fighter/pfushigisou/result/c05	0		-
fighter/palutena/kirbycopy/c00	37	447883-447919	-
item/buddybomb/motion/body/c00	1	447920	-
item/wariobike/motion/body/c00	1	447921	-
item/metalblock/script/animcmd	0		-
fighter/ptrainer_low/movie/c06	0		-
fighter/ptrainer_low/movie/c02	0		-
fighter/pickel/kirbycopy/sound	0		-
item/carrierbox/model/body/c01	16	447989-448004	-
item/superscope/script/animcmd	0		-
fighter/link/kirbycopy/c07/cmn	0		fighter/link/kirbycopy/cmn
item/kroolcrown/model/body/c00	11	448034-448044	-
item/dragoonset/model/body/c00	17	448048-448064	-
fighter/pfushigisou/finalsmash	0		-
item/grass/script/animcmd/body	3	448154-448156	-
fighter/koopag/kirbycopy/sound	0		-
item/wariobikee/script/animcmd	0		-
item/killereye/motion/body/c00	5	448202-448206	-
item/carrierbox/script/animcmd	0		-
fighter/pfushigisou/result/c07	0		-
item/masterball/script/animcmd	0		-
fighter/palutena/kirbycopy/c02	32	448217-448248	-
fighter/duckhunt/kirbycopy/c06	14	448250-448263	-
fighter/jack/kirbycopy/c03/cmn	0		fighter/jack/kirbycopy/cmn
fighter/duckhunt/kirbycopy/c02	14	448269-448282	-
fighter/ness/kirbycopy/c04/cmn	0		fighter/ness/kirbycopy/cmn
item/bossgalaga/model/body/c00	10	448283-448292	-
fighter/palutena/kirbycopy/c06	32	448313-448344	-
fighter/pfushigisou/result/c03	0		-
item/pacmanbell/script/animcmd	0		-
fighter/edge/kirbycopy/c05/cmn	0		fighter/edge/kirbycopy/cmn
fighter/wolf/kirbycopy/c06/cmn	0		fighter/wolf/kirbycopy/cmn
item/metalblade/script/animcmd	0		-
fighter/pfushigisou/camera/c07	4	448380-448383	-
fighter/pfushigisou/camera/c03	4	448402-448405	-
item/superleaftail/motion/body	0		-
item/revengeshootershot/script	0		-
fighter/popo/kirbycopy/c00/cmn	0		fighter/popo/kirbycopy/cmn
fighter/pitb/kirbycopy/c06/cmn	0		fighter/pitb/kirbycopy/cmn
fighter/pfushigisou/c01/camera	0		fighter/pfushigisou/camera/c01
item/wariobikec/model/body/c00	12	448440-448451	-
fighter/popo/kirbycopy/c01/cmn	0		fighter/popo/kirbycopy/cmn
fighter/pitb/kirbycopy/c07/cmn	0		fighter/pitb/kirbycopy/cmn
fighter/wolf/kirbycopy/c07/cmn	0		fighter/wolf/kirbycopy/cmn
fighter/ness/kirbycopy/c05/cmn	0		fighter/ness/kirbycopy/cmn
fighter/gekkouga/kirbycopy/c01	18	448530-448547	-
fighter/murabito/kirbycopy/c07	15	448563-448577	-
fighter/edge/kirbycopy/c04/cmn	0		fighter/edge/kirbycopy/cmn
fighter/pfushigisou/c06/camera	0		fighter/pfushigisou/camera/c06
fighter/miiswordsman/movie/c00	0		-
fighter/murabito/kirbycopy/c03	15	448671-448685	-
fighter/gekkouga/kirbycopy/c05	18	448686-448703	-
fighter/toonlink/kirbycopy/cmn	4	446650-446653	-
fighter/jack/kirbycopy/c02/cmn	0		fighter/jack/kirbycopy/cmn
item/killereyeshot/motion/body	0		-
item/homerunbat/script/animcmd	0		-
fighter/toonlink/kirbycopy/c07	15	448811-448825	-
fighter/toonlink/kirbycopy/c03	15	448826-448840	-
fighter/wolf/finalsmash/shared	0		-
fighter/murabito/kirbycopy/cmn	2	446780-446781	-
item/revengeshootershot/camera	0		-
fighter/link/kirbycopy/c06/cmn	0		fighter/link/kirbycopy/cmn
item/staff/script/animcmd/body	3	448909-448911	-
item/backshield/model/body/c00	11	448912-448922	-
fighter/dedede/kirbycopy/sound	0		-
item/beamsword/motion/body/c00	1	448965	-
item/powderbox/motion/body/c00	1	448967	-
fighter/link/kirbycopy/c04/cmn	0		fighter/link/kirbycopy/cmn
fighter/samusd/kirbycopy/sound	0		-
item/snakecbox/motion/body/c00	1	448968	-
item/wariobikec/script/animcmd	0		-
fighter/toonlink/kirbycopy/c02	15	448991-449005	-
fighter/toonlink/kirbycopy/c06	15	449008-449022	-
fighter/tantan/kirbycopy/sound	3	449023-449025	-
item/sandbaghr/motion/body/c00	45	449026-449070	-
item/blackball/motion/body/c00	1	449085	-
item/drill/script/animcmd/body	3	449177-449179	-
fighter/edge/kirbycopy/c06/cmn	0		fighter/edge/kirbycopy/cmn
fighter/ness/kirbycopy/c07/cmn	0		fighter/ness/kirbycopy/cmn
fighter/donkey/kirbycopy/sound	3	449259-449261	-
item/homerunbat/model/body/c00	12	449267-449278	-
item/raygunshot/script/animcmd	0		-
fighter/jack/kirbycopy/c00/cmn	0		fighter/jack/kirbycopy/cmn
item/honeycomb/motion/body/c00	1	449328	-
fighter/pitb/kirbycopy/c05/cmn	0		fighter/pitb/kirbycopy/cmn
fighter/popo/kirbycopy/c03/cmn	0		fighter/popo/kirbycopy/cmn
fighter/gekkouga/kirbycopy/c04	18	449363-449380	-
fighter/murabito/kirbycopy/c02	15	449381-449395	-
item/teamhealfield/motion/body	0		-
fighter/murabito/kirbycopy/c06	15	449396-449410	-
fighter/gekkouga/kirbycopy/c00	20	447287-447288,449432-449449	-
fighter/wolf/kirbycopy/c05/cmn	0		fighter/wolf/kirbycopy/cmn
item/backshield/script/animcmd	0		-
fighter/palutena/kirbycopy/c07	32	449522-449553	-
fighter/pfushigisou/result/c02	0		-
item/explosionbomb/motion/body	0		-
item/metalblock/model/body/c00	11	449554-449564	-
fighter/wolf/kirbycopy/c04/cmn	0		fighter/wolf/kirbycopy/cmn
fighter/ridley/kirbycopy/sound	0		-
fighter/pfushigisou/c03/camera	0		fighter/pfushigisou/camera/c03
fighter/pacman/kirbycopy/sound	0		-
fighter/duckhunt/kirbycopy/c03	14	449580-449593	-
item/superscope/model/body/c00	13	449594-449606	-
fighter/duckhunt/kirbycopy/c07	14	449618-449631	-
fighter/pitb/kirbycopy/c04/cmn	0		fighter/pitb/kirbycopy/cmn
item/kroolcrown/script/animcmd	0		-
fighter/popo/kirbycopy/c02/cmn	0		fighter/popo/kirbycopy/cmn
item/curry/script/animcmd/body	3	449632-449634	-
fighter/pfushigisou/result/c06	0		-
fighter/palutena/kirbycopy/c03	32	449653-449684	-
item/mushd/script/animcmd/body	3	449710-449712	-
fighter/pfushigisou/c04/camera	0		fighter/pfushigisou/camera/c04
fighter/jack/kirbycopy/c01/cmn	0		fighter/jack/kirbycopy/cmn
fighter/pfushigisou/camera/c02	4	449723-449726	-
item/dragoonset/script/animcmd	0		-
fighter/pfushigisou/camera/c06	4	449732-449735	-
fighter/edge/kirbycopy/c07/cmn	0		fighter/edge/kirbycopy/cmn
fighter/ness/kirbycopy/c06/cmn	0		fighter/ness/kirbycopy/cmn
item/wariobikee/model/body/c00	12	449812-449823	-
item/masterball/model/body/c00	10	449842-449851	-
fighter/ptrainer_low/movie/c03	0		-
item/carrierbox/model/body/c00	11	449852-449862	-
fighter/ptrainer_low/movie/c07	0		-
item/walkmushflower/model/body	0		-
item/pacmanbell/model/body/c00	12	449863-449874	-
item/bossgalaga/script/animcmd	0		-
fighter/duckhunt/kirbycopy/cmn	4	447802-447805	-
item/metalblade/model/body/c00	12	449938-449949	-
item/steeldivershot/model/body	0		-
fighter/palutena/kirbycopy/cmn	5	447915-447919	-
fighter/link/kirbycopy/c05/cmn	0		fighter/link/kirbycopy/cmn
item/murabitofruit/motion/body	0		-
item/revengeshooter/model/body	0		-
fighter/shizue/kirbycopy/sound	0		-
fighter/mariod/kirbycopy/sound	0		-
fighter/edge/finalsmash/shared	0		-
fighter/pit/kirbycopy/c02/sound	0		fighter/pit/kirbycopy/sound
fighter/daisy/kirbycopy/c01/cmn	0		fighter/daisy/kirbycopy/cmn
fighter/snake/kirbycopy/c01/cmn	0		fighter/snake/kirbycopy/cmn
fighter/sheik/kirbycopy/c00/cmn	0		fighter/sheik/kirbycopy/cmn
fighter/buddy/kirbycopy/c06/cmn	0		fighter/buddy/kirbycopy/cmn
fighter/miienemyf/kirbycopy/c06	0		-
fighter/ike/kirbycopy/c04/sound	0		fighter/ike/kirbycopy/sound
fighter/miienemys/kirbycopy/c07	0		-
fighter/miienemyf/kirbycopy/c02	0		-
fighter/mario/kirbycopy/c06/cmn	0		fighter/mario/kirbycopy/cmn
fighter/miienemys/kirbycopy/c03	0		-
fighter/simon/kirbycopy/c06/cmn	0		fighter/simon/kirbycopy/cmn
fighter/chrom/kirbycopy/c01/cmn	0		fighter/chrom/kirbycopy/cmn
fighter/roy/kirbycopy/c01/sound	0		fighter/roy/kirbycopy/sound
fighter/robot/kirbycopy/c03/cmn	0		fighter/robot/kirbycopy/cmn
fighter/kamui/kirbycopy/c05/cmn	0		fighter/kamui/kirbycopy/cmn
item/sensorbomb/motion/body/c00	3	450077-450079	-
fighter/gamewatch/kirbycopy/c06	54	450083-450136	-
fighter/koopa/kirbycopy/c05/cmn	0		fighter/koopa/kirbycopy/cmn
item/fireflower/motion/body/c00	5	450221-450225	-
item/deathscythe/script/animcmd	0		-
fighter/pichu/kirbycopy/c02/cmn	0		fighter/pichu/kirbycopy/cmn
fighter/gamewatch/kirbycopy/c02	54	450277-450330	-
fighter/sonic/kirbycopy/c01/cmn	0		fighter/sonic/kirbycopy/cmn
fighter/purin/kirbycopy/c01/cmn	0		fighter/purin/kirbycopy/cmn
fighter/brave/kirbycopy/c07/cmn	0		fighter/brave/kirbycopy/cmn
fighter/ganon/kirbycopy/c03/cmn	0		fighter/ganon/kirbycopy/cmn
fighter/luigi/kirbycopy/c02/cmn	0		fighter/luigi/kirbycopy/cmn
fighter/falco/kirbycopy/c01/cmn	0		fighter/falco/kirbycopy/cmn
fighter/krool/kirbycopy/c01/cmn	0		fighter/krool/kirbycopy/cmn
fighter/fox/kirbycopy/c03/sound	0		fighter/fox/kirbycopy/sound
fighter/miiswordsman/camera/c00	5	450364-450368	-
fighter/diddy/kirbycopy/c01/cmn	0		fighter/diddy/kirbycopy/cmn
item/pacmanapple/script/animcmd	0		-
fighter/younglink/kirbycopy/c01	14	450396-450409	-
fighter/samus/kirbycopy/c07/cmn	0		fighter/samus/kirbycopy/cmn
fighter/trail/kirbycopy/c00/cmn	0		fighter/trail/kirbycopy/cmn
fighter/inkling/kirbycopy/sound	0		-
fighter/dolly/kirbycopy/c04/cmn	0		fighter/dolly/kirbycopy/cmn
fighter/ptrainer_low/c02/camera	0		fighter/ptrainer_low/camera/c02
fighter/younglink/kirbycopy/c05	14	450530-450543	-
fighter/ptrainer_low/cmn/effect	1	450548	-
fighter/ken/kirbycopy/c02/sound	0		fighter/ken/kirbycopy/sound
fighter/demon/kirbycopy/c00/cmn	0		fighter/demon/kirbycopy/cmn
item/pickelbomb/motion/body/c00	2	450554-450555	-
fighter/shulk/kirbycopy/c02/cmn	0		fighter/shulk/kirbycopy/cmn
fighter/lucas/kirbycopy/c03/cmn	0		fighter/lucas/kirbycopy/cmn
fighter/marth/kirbycopy/c06/cmn	0		fighter/marth/kirbycopy/cmn
fighter/zelda/kirbycopy/c00/cmn	0		fighter/zelda/kirbycopy/cmn
fighter/peach/kirbycopy/c02/cmn	0		fighter/peach/kirbycopy/cmn
fighter/cloud/kirbycopy/c04/cmn	0		fighter/cloud/kirbycopy/cmn
item/barrel/script/animcmd/body	3	450682-450684	-
fighter/miiswordsman/result/c00	0		-
fighter/yoshi/kirbycopy/c01/cmn	0		fighter/yoshi/kirbycopy/cmn
fighter/pzenigame/kirbycopy/c04	17	450685-450701	-
fighter/brave/finalsmash/shared	0		-
fighter/pzenigame/kirbycopy/c00	17	450721-450737	-
fighter/wario/kirbycopy/c02/cmn	0		fighter/wario/kirbycopy/cmn
fighter/ptrainer_low/c05/camera	0		fighter/ptrainer_low/camera/c05
fighter/ryu/kirbycopy/c05/sound	0		fighter/ryu/kirbycopy/sound
fighter/miienemys/kirbycopy/cmn	0		-
fighter/wario/kirbycopy/c03/cmn	0		fighter/wario/kirbycopy/cmn
fighter/miigunner/kirbycopy/c03	14	450911-450924	-
item/maximtomato/model/body/c00	10	450925-450934	-
item/common/script/animcmd/body	1	450953	-
item/soccerball/motion/body/c00	2	450954-450955	-
fighter/miienemyg/kirbycopy/c05	0		-
item/wariobikea/motion/body/c00	1	450994	-
fighter/miienemyg/kirbycopy/c01	0		-
fighter/demon/kirbycopy/c01/cmn	0		fighter/demon/kirbycopy/cmn
fighter/lucas/kirbycopy/c02/cmn	0		fighter/lucas/kirbycopy/cmn
fighter/marth/kirbycopy/c07/cmn	0		fighter/marth/kirbycopy/cmn
fighter/shulk/kirbycopy/c03/cmn	0		fighter/shulk/kirbycopy/cmn
fighter/miigunner/kirbycopy/c07	14	450996-451009	-
fighter/cloud/kirbycopy/c05/cmn	0		fighter/cloud/kirbycopy/cmn
fighter/yoshi/kirbycopy/c00/cmn	0		fighter/yoshi/kirbycopy/cmn
fighter/peach/kirbycopy/c03/cmn	0		fighter/peach/kirbycopy/cmn
fighter/zelda/kirbycopy/c01/cmn	0		fighter/zelda/kirbycopy/cmn
item/fairybottle/script/animcmd	0		-
item/hammer/script/animcmd/body	3	451052-451054	-
fighter/koopajr/kirbycopy/sound	0		-
item/walkmushflower/motion/body	0		-
fighter/ken/kirbycopy/c01/sound	0		fighter/ken/kirbycopy/sound
item/rocketbelt/motion/body/c00	1	451067	-
item/specialflag/script/animcmd	0		-
fighter/simon/finalsmash/shared	0		-
fighter/littlemac/kirbycopy/c02	15	451083-451097	-
fighter/diddy/kirbycopy/c00/cmn	0		fighter/diddy/kirbycopy/cmn
fighter/littlemac/kirbycopy/c06	15	451098-451112	-
fighter/buddy/finalsmash/shared	0		-
fighter/dolly/kirbycopy/c05/cmn	0		fighter/dolly/kirbycopy/cmn
fighter/element/kirbycopy/sound	3	451198-451200	-
fighter/szerosuit/kirbycopy/cmn	4	451201-451204	-
fighter/ryu/kirbycopy/c06/sound	0		fighter/ryu/kirbycopy/sound
fighter/trail/kirbycopy/c01/cmn	0		fighter/trail/kirbycopy/cmn
fighter/samus/kirbycopy/c06/cmn	0		fighter/samus/kirbycopy/cmn
fighter/pichu/kirbycopy/c03/cmn	0		fighter/pichu/kirbycopy/cmn
fighter/sonic/kirbycopy/c00/cmn	0		fighter/sonic/kirbycopy/cmn
fighter/plizardon/kirbycopy/c00	20	451228-451247	-
fighter/pit/kirbycopy/c01/sound	0		fighter/pit/kirbycopy/sound
fighter/krool/kirbycopy/c00/cmn	0		fighter/krool/kirbycopy/cmn
fighter/falco/kirbycopy/c00/cmn	0		fighter/falco/kirbycopy/cmn
fighter/szerosuit/kirbycopy/c07	18	451262-451279	-
fighter/ike/kirbycopy/c07/sound	0		fighter/ike/kirbycopy/sound
fighter/bayonetta/kirbycopy/c02	53	451280-451332	-
fighter/brave/kirbycopy/c06/cmn	0		fighter/brave/kirbycopy/cmn
fighter/ptrainer_low/result/c04	0		-
fighter/purin/kirbycopy/c00/cmn	0		fighter/purin/kirbycopy/cmn
fighter/luigi/kirbycopy/c03/cmn	0		fighter/luigi/kirbycopy/cmn
fighter/ganon/kirbycopy/c02/cmn	0		fighter/ganon/kirbycopy/cmn
fighter/bayonetta/kirbycopy/c06	53	451333-451385	-
fighter/ptrainer_low/result/c00	0		-
item/ripstickflower/motion/body	0		-
item/fireflowershot/motion/body	0		-
fighter/szerosuit/kirbycopy/c03	18	451387-451404	-
fighter/plizardon/kirbycopy/c04	18	451453-451470	-
fighter/miiswordsman/cmn/effect	77	451471-451547	-
fighter/roy/kirbycopy/c02/sound	0		fighter/roy/kirbycopy/sound
fighter/koopa/kirbycopy/c04/cmn	0		fighter/koopa/kirbycopy/cmn
fighter/simon/kirbycopy/c07/cmn	0		fighter/simon/kirbycopy/cmn
fighter/chrom/kirbycopy/c00/cmn	0		fighter/chrom/kirbycopy/cmn
fighter/mario/kirbycopy/c07/cmn	0		fighter/mario/kirbycopy/cmn
fighter/ptrainer_low/camera/c04	0		-
fighter/kamui/kirbycopy/c04/cmn	0		fighter/kamui/kirbycopy/cmn
fighter/robot/kirbycopy/c02/cmn	0		fighter/robot/kirbycopy/cmn
fighter/miigunner/kirbycopy/cmn	0		-
fighter/snake/kirbycopy/c00/cmn	0		fighter/snake/kirbycopy/cmn
fighter/daisy/kirbycopy/c00/cmn	0		fighter/daisy/kirbycopy/cmn
fighter/ptrainer_low/camera/c00	0		-
fighter/fox/kirbycopy/c00/sound	0		fighter/fox/kirbycopy/sound
fighter/sheik/kirbycopy/c01/cmn	0		fighter/sheik/kirbycopy/cmn
fighter/buddy/kirbycopy/c07/cmn	0		fighter/buddy/kirbycopy/cmn
fighter/kamui/kirbycopy/c06/cmn	0		fighter/kamui/kirbycopy/cmn
fighter/plizardon/kirbycopy/c05	18	451824-451841	-
fighter/robot/kirbycopy/c00/cmn	0		fighter/robot/kirbycopy/cmn
item/metalblock/motion/body/c00	1	451872	-
fighter/chrom/kirbycopy/c02/cmn	0		fighter/chrom/kirbycopy/cmn
fighter/simon/kirbycopy/c05/cmn	0		fighter/simon/kirbycopy/cmn
fighter/szerosuit/kirbycopy/c02	18	451879-451896	-
item/maximtomato/script/animcmd	0		-
fighter/bayonetta/kirbycopy/c07	53	451898-451950	-
fighter/ptrainer_low/result/c01	0		-
fighter/mario/kirbycopy/c05/cmn	0		fighter/mario/kirbycopy/cmn
fighter/bayonetta/kirbycopy/c03	53	451951-452003	-
fighter/ptrainer_low/result/c05	0		-
item/kroolcrown/motion/body/c00	1	452004	-
item/backshield/motion/body/c00	2	452032-452033	-
fighter/szerosuit/kirbycopy/c06	18	452034-452051	-
fighter/sheik/kirbycopy/c03/cmn	0		fighter/sheik/kirbycopy/cmn
fighter/buddy/kirbycopy/c05/cmn	0		fighter/buddy/kirbycopy/cmn
item/fairybottle/model/body/c00	13	452052-452064	-
fighter/snake/kirbycopy/c02/cmn	0		fighter/snake/kirbycopy/cmn
fighter/dolly/finalsmash/shared	0		-
fighter/littlemac/kirbycopy/cmn	2	452068-452069	-
fighter/daisy/kirbycopy/c02/cmn	0		fighter/daisy/kirbycopy/cmn
fighter/plizardon/kirbycopy/c01	18	452111-452128	-
fighter/falco/kirbycopy/c02/cmn	0		fighter/falco/kirbycopy/cmn
item/specialflag/model/body/c00	10	452129-452138	-
fighter/krool/kirbycopy/c02/cmn	0		fighter/krool/kirbycopy/cmn
fighter/ganon/kirbycopy/c00/cmn	0		fighter/ganon/kirbycopy/cmn
fighter/luigi/kirbycopy/c01/cmn	0		fighter/luigi/kirbycopy/cmn
fighter/ptrainer_low/camera/c01	0		-
fighter/brave/kirbycopy/c04/cmn	0		fighter/brave/kirbycopy/cmn
fighter/purin/kirbycopy/c02/cmn	0		fighter/purin/kirbycopy/cmn
fighter/sonic/kirbycopy/c02/cmn	0		fighter/sonic/kirbycopy/cmn
fighter/ken/kirbycopy/c07/sound	0		fighter/ken/kirbycopy/sound
fighter/pichu/kirbycopy/c01/cmn	0		fighter/pichu/kirbycopy/cmn
item/smashballheavy/motion/body	0		-
fighter/ryu/kirbycopy/c00/sound	0		fighter/ryu/kirbycopy/sound
fighter/koopa/kirbycopy/c06/cmn	0		fighter/koopa/kirbycopy/cmn
item/hammerhead/motion/body/c00	1	452271	-
fighter/ptrainer_low/camera/c05	0		-
fighter/richter/kirbycopy/sound	3	452418-452420	-
fighter/miigunner/kirbycopy/c06	14	452421-452434	-
fighter/ike/kirbycopy/c01/sound	0		fighter/ike/kirbycopy/sound
item/bumper/script/animcmd/body	3	452443-452445	-
fighter/pit/kirbycopy/c07/sound	0		fighter/pit/kirbycopy/sound
fighter/miienemyg/kirbycopy/c00	0		-
fighter/roy/kirbycopy/c04/sound	0		fighter/roy/kirbycopy/sound
fighter/dolly/kirbycopy/c07/cmn	0		fighter/dolly/kirbycopy/cmn
fighter/miienemyg/kirbycopy/c04	0		-
fighter/trail/kirbycopy/c03/cmn	0		fighter/trail/kirbycopy/cmn
fighter/samus/kirbycopy/c04/cmn	0		fighter/samus/kirbycopy/cmn
item/st_yamabuki_egg/model/body	0		-
fighter/diddy/kirbycopy/c02/cmn	0		fighter/diddy/kirbycopy/cmn
fighter/miigunner/kirbycopy/c02	14	452513-452526	-
fighter/ptrainer_low/c00/camera	0		fighter/ptrainer_low/camera/c00
item/wariobikee/motion/body/c00	1	452567	-
item/beetle/script/animcmd/body	3	452568-452570	-
item/bomber/script/animcmd/body	3	452641-452643	-
fighter/wario/kirbycopy/c01/cmn	0		fighter/wario/kirbycopy/cmn
fighter/rosetta/kirbycopy/sound	0		-
fighter/littlemac/kirbycopy/c07	15	452682-452696	-
fighter/ptrainer_low/c07/camera	0		fighter/ptrainer_low/camera/c07
fighter/yoshi/kirbycopy/c02/cmn	0		fighter/yoshi/kirbycopy/cmn
fighter/cloud/kirbycopy/c07/cmn	0		fighter/cloud/kirbycopy/cmn
fighter/littlemac/kirbycopy/c03	15	452707-452721	-
fighter/fox/kirbycopy/c06/sound	0		fighter/fox/kirbycopy/sound
fighter/peach/kirbycopy/c01/cmn	0		fighter/peach/kirbycopy/cmn
fighter/zelda/kirbycopy/c03/cmn	0		fighter/zelda/kirbycopy/cmn
fighter/bayonetta/kirbycopy/cmn	10	452737-452746	-
fighter/shulk/kirbycopy/c01/cmn	0		fighter/shulk/kirbycopy/cmn
fighter/lucas/kirbycopy/c00/cmn	0		fighter/lucas/kirbycopy/cmn
fighter/marth/kirbycopy/c05/cmn	0		fighter/marth/kirbycopy/cmn
fighter/demon/kirbycopy/c03/cmn	0		fighter/demon/kirbycopy/cmn
fighter/ike/kirbycopy/c02/sound	0		fighter/ike/kirbycopy/sound
fighter/zelda/kirbycopy/c02/cmn	0		fighter/zelda/kirbycopy/cmn
fighter/peach/kirbycopy/c00/cmn	0		fighter/peach/kirbycopy/cmn
fighter/gamewatch/kirbycopy/cmn	69	359009-359040,359136-359167,359503,452750-452753	-
fighter/yoshi/kirbycopy/c03/cmn	0		fighter/yoshi/kirbycopy/cmn
fighter/cloud/kirbycopy/c06/cmn	0		fighter/cloud/kirbycopy/cmn
fighter/lucas/kirbycopy/c01/cmn	0		fighter/lucas/kirbycopy/cmn
fighter/marth/kirbycopy/c04/cmn	0		fighter/marth/kirbycopy/cmn
fighter/shulk/kirbycopy/c00/cmn	0		fighter/shulk/kirbycopy/cmn
item/raygunshot/motion/body/c00	1	452776	-
item/assist/script/animcmd/body	3	452797-452799	-
fighter/demon/kirbycopy/c02/cmn	0		fighter/demon/kirbycopy/cmn
fighter/younglink/kirbycopy/c04	14	452826-452839	-
fighter/pit/kirbycopy/c04/sound	0		fighter/pit/kirbycopy/sound
fighter/younglink/kirbycopy/c00	16	452865-452880	-
fighter/roy/kirbycopy/c07/sound	0		fighter/roy/kirbycopy/sound
fighter/wario/kirbycopy/c00/cmn	0		fighter/wario/kirbycopy/cmn
fighter/samus/kirbycopy/c05/cmn	0		fighter/samus/kirbycopy/cmn
fighter/trail/kirbycopy/c02/cmn	0		fighter/trail/kirbycopy/cmn
item/deathscythe/model/body/c00	11	452926-452936	-
fighter/dolly/kirbycopy/c06/cmn	0		fighter/dolly/kirbycopy/cmn
fighter/miienemyf/kirbycopy/cmn	0		-
fighter/diddy/kirbycopy/c03/cmn	0		fighter/diddy/kirbycopy/cmn
fighter/pzenigame/kirbycopy/c01	17	452958-452974	-
item/dragoonset/motion/body/c00	4	452993-452996	-
fighter/pzenigame/kirbycopy/c05	17	453067-453083	-
fighter/fox/kirbycopy/c05/sound	0		fighter/fox/kirbycopy/sound
fighter/kamui/finalsmash/shared	0		-
fighter/koopa/kirbycopy/c07/cmn	0		fighter/koopa/kirbycopy/cmn
item/pacmanapple/model/body/c00	12	453087-453098	-
fighter/miienemyf/kirbycopy/c03	0		-
fighter/miienemys/kirbycopy/c02	0		-
fighter/miienemyf/kirbycopy/c07	0		-
fighter/luigi/kirbycopy/c00/cmn	0		fighter/luigi/kirbycopy/cmn
fighter/ganon/kirbycopy/c01/cmn	0		fighter/ganon/kirbycopy/cmn
fighter/purin/kirbycopy/c03/cmn	0		fighter/purin/kirbycopy/cmn
fighter/miienemys/kirbycopy/c06	0		-
fighter/brave/kirbycopy/c05/cmn	0		fighter/brave/kirbycopy/cmn
item/greenshell/motion/body/c00	1	453219	-
fighter/krool/kirbycopy/c03/cmn	0		fighter/krool/kirbycopy/cmn
fighter/falco/kirbycopy/c03/cmn	0		fighter/falco/kirbycopy/cmn
item/homerunbat/motion/body/c00	1	453220	-
item/metalblade/motion/body/c00	1	453221	-
item/finaldaisy/motion/body/c00	1	453223	-
fighter/sonic/kirbycopy/c03/cmn	0		fighter/sonic/kirbycopy/cmn
item/wariobikeb/motion/body/c00	1	453239	-
fighter/pichu/kirbycopy/c00/cmn	0		fighter/pichu/kirbycopy/cmn
fighter/sheik/kirbycopy/c02/cmn	0		fighter/sheik/kirbycopy/cmn
fighter/buddy/kirbycopy/c04/cmn	0		fighter/buddy/kirbycopy/cmn
fighter/miiswordsman/c00/camera	0		fighter/miiswordsman/camera/c00
fighter/gamewatch/kirbycopy/c03	54	453308-453361	-
fighter/daisy/kirbycopy/c03/cmn	0		fighter/daisy/kirbycopy/cmn
fighter/snake/kirbycopy/c03/cmn	0		fighter/snake/kirbycopy/cmn
fighter/ken/kirbycopy/c04/sound	0		fighter/ken/kirbycopy/sound
fighter/robot/kirbycopy/c01/cmn	0		fighter/robot/kirbycopy/cmn
fighter/kamui/kirbycopy/c07/cmn	0		fighter/kamui/kirbycopy/cmn
fighter/gamewatch/kirbycopy/c07	54	453474-453527	-
fighter/ryu/kirbycopy/c03/sound	0		fighter/ryu/kirbycopy/sound
fighter/mario/kirbycopy/c04/cmn	0		fighter/mario/kirbycopy/cmn
fighter/chrom/kirbycopy/c03/cmn	0		fighter/chrom/kirbycopy/cmn
fighter/simon/kirbycopy/c04/cmn	0		fighter/simon/kirbycopy/cmn
fighter/krool/kirbycopy/c07/cmn	0		fighter/krool/kirbycopy/cmn
fighter/falco/kirbycopy/c07/cmn	0		fighter/falco/kirbycopy/cmn
item/banana/script/animcmd/body	3	453585-453587	-
fighter/purin/kirbycopy/c07/cmn	0		fighter/purin/kirbycopy/cmn
fighter/brave/kirbycopy/c01/cmn	0		fighter/brave/kirbycopy/cmn
fighter/luigi/kirbycopy/c04/cmn	0		fighter/luigi/kirbycopy/cmn
fighter/ganon/kirbycopy/c05/cmn	0		fighter/ganon/kirbycopy/cmn
fighter/pichu/kirbycopy/c04/cmn	0		fighter/pichu/kirbycopy/cmn
fighter/sonic/kirbycopy/c07/cmn	0		fighter/sonic/kirbycopy/cmn
fighter/pzenigame/kirbycopy/c07	17	453613-453629	-
fighter/pzenigame/kirbycopy/c03	17	453638-453654	-
fighter/koopa/kirbycopy/c03/cmn	0		fighter/koopa/kirbycopy/cmn
item/mechakoopa/motion/body/c00	15	453694-453708	-
fighter/yoshi/finalsmash/shared	0		-
item/togezoshell/script/animcmd	0		-
fighter/kamui/kirbycopy/c03/cmn	0		fighter/kamui/kirbycopy/cmn
fighter/robot/kirbycopy/c05/cmn	0		fighter/robot/kirbycopy/cmn
fighter/ryu/kirbycopy/c07/sound	0		fighter/ryu/kirbycopy/sound
fighter/simon/kirbycopy/c00/cmn	0		fighter/simon/kirbycopy/cmn
fighter/chrom/kirbycopy/c07/cmn	0		fighter/chrom/kirbycopy/cmn
fighter/mario/kirbycopy/c00/cmn	0		fighter/mario/kirbycopy/cmn
fighter/younglink/kirbycopy/c02	14	453793-453806	-
fighter/younglink/kirbycopy/c06	14	453963-453976	-
fighter/lucario/kirbycopy/sound	3	453977-453979	-
fighter/sheik/kirbycopy/c06/cmn	0		fighter/sheik/kirbycopy/cmn
fighter/buddy/kirbycopy/c00/cmn	0		fighter/buddy/kirbycopy/cmn
fighter/daisy/kirbycopy/c07/cmn	0		fighter/daisy/kirbycopy/cmn
fighter/snake/kirbycopy/c07/cmn	0		fighter/snake/kirbycopy/cmn
fighter/ken/kirbycopy/c00/sound	0		fighter/ken/kirbycopy/sound
fighter/ptrainer_low/c06/camera	0		fighter/ptrainer_low/camera/c06
item/smokescreen/script/animcmd	0		-
fighter/roy/kirbycopy/c03/sound	0		fighter/roy/kirbycopy/sound
fighter/krool/finalsmash/shared	0		-
fighter/falco/finalsmash/shared	0		-
fighter/wario/kirbycopy/c04/cmn	0		fighter/wario/kirbycopy/cmn
fighter/gamewatch/kirbycopy/c05	54	454077-454130	-
fighter/gamewatch/kirbycopy/c01	54	454148-454201	-
fighter/cloud/kirbycopy/c02/cmn	0		fighter/cloud/kirbycopy/cmn
fighter/ike/kirbycopy/c06/sound	0		fighter/ike/kirbycopy/sound
fighter/yoshi/kirbycopy/c07/cmn	0		fighter/yoshi/kirbycopy/cmn
fighter/zelda/kirbycopy/c06/cmn	0		fighter/zelda/kirbycopy/cmn
fighter/peach/kirbycopy/c04/cmn	0		fighter/peach/kirbycopy/cmn
item/revengeshooter/motion/body	0		-
fighter/demon/kirbycopy/c06/cmn	0		fighter/demon/kirbycopy/cmn
fighter/gaogaen/kirbycopy/sound	3	454256-454258	-
fighter/lucas/kirbycopy/c05/cmn	0		fighter/lucas/kirbycopy/cmn
fighter/marth/kirbycopy/c00/cmn	0		fighter/marth/kirbycopy/cmn
fighter/pit/kirbycopy/c00/sound	0		fighter/pit/kirbycopy/sound
fighter/shulk/kirbycopy/c04/cmn	0		fighter/shulk/kirbycopy/cmn
fighter/fox/kirbycopy/c01/sound	0		fighter/fox/kirbycopy/sound
fighter/miiswordsman/finalsmash	0		-
fighter/miienemyf/kirbycopy/c05	0		-
fighter/ptrainer_low/c01/camera	0		fighter/ptrainer_low/camera/c01
fighter/miienemys/kirbycopy/c04	0		-
item/smashbombheavy/motion/body	0		-
fighter/dolly/kirbycopy/c02/cmn	0		fighter/dolly/kirbycopy/cmn
fighter/miienemyf/kirbycopy/c01	0		-
fighter/miienemys/kirbycopy/c00	0		-
fighter/samus/kirbycopy/c01/cmn	0		fighter/samus/kirbycopy/cmn
fighter/trail/kirbycopy/c06/cmn	0		fighter/trail/kirbycopy/cmn
fighter/diddy/kirbycopy/c07/cmn	0		fighter/diddy/kirbycopy/cmn
fighter/pzenigame/kirbycopy/cmn	0		-
fighter/roy/kirbycopy/c00/sound	0		fighter/roy/kirbycopy/sound
fighter/trail/kirbycopy/c07/cmn	0		fighter/trail/kirbycopy/cmn
fighter/samus/kirbycopy/c00/cmn	0		fighter/samus/kirbycopy/cmn
fighter/ptrainer_low/camera/c07	0		-
item/carrierbox/motion/body/c00	1	454406	-
fighter/dolly/kirbycopy/c03/cmn	0		fighter/dolly/kirbycopy/cmn
fighter/diddy/kirbycopy/c06/cmn	0		fighter/diddy/kirbycopy/cmn
fighter/ike/kirbycopy/c05/sound	0		fighter/ike/kirbycopy/sound
item/peachdaikon/script/animcmd	0		-
fighter/pit/kirbycopy/c03/sound	0		fighter/pit/kirbycopy/sound
fighter/ptrainer_low/camera/c03	0		-
fighter/peach/kirbycopy/c05/cmn	0		fighter/peach/kirbycopy/cmn
item/killertransform/model/body	0		-
fighter/zelda/kirbycopy/c07/cmn	0		fighter/zelda/kirbycopy/cmn
fighter/fox/kirbycopy/c02/sound	0		fighter/fox/kirbycopy/sound
fighter/cloud/kirbycopy/c03/cmn	0		fighter/cloud/kirbycopy/cmn
fighter/yoshi/kirbycopy/c06/cmn	0		fighter/yoshi/kirbycopy/cmn
fighter/plizardon/kirbycopy/c03	18	454546-454563	-
fighter/demon/kirbycopy/c07/cmn	0		fighter/demon/kirbycopy/cmn
fighter/bayonetta/kirbycopy/c01	53	454605-454657	-
fighter/ptrainer_low/result/c07	0		-
fighter/shulk/kirbycopy/c05/cmn	0		fighter/shulk/kirbycopy/cmn
fighter/lucas/kirbycopy/c04/cmn	0		fighter/lucas/kirbycopy/cmn
fighter/marth/kirbycopy/c01/cmn	0		fighter/marth/kirbycopy/cmn
fighter/szerosuit/kirbycopy/c04	18	454682-454699	-
item/masterball/motion/body/c00	1	454701	-
fighter/szerosuit/kirbycopy/c00	22	451201-451204,454702-454719	-
fighter/bayonetta/kirbycopy/c05	53	454721-454773	-
fighter/ptrainer_low/result/c03	0		-
fighter/plizardon/kirbycopy/c07	18	454804-454821	-
fighter/wario/kirbycopy/c05/cmn	0		fighter/wario/kirbycopy/cmn
fighter/sheik/kirbycopy/c07/cmn	0		fighter/sheik/kirbycopy/cmn
fighter/buddy/kirbycopy/c01/cmn	0		fighter/buddy/kirbycopy/cmn
item/dolphinbomb/model/body/c00	10	454833-454842	-
item/pacmanbell/motion/body/c00	1	454844	-
fighter/trail/finalsmash/shared	0		-
fighter/littlemac/kirbycopy/c01	15	454845-454859	-
item/st_usa_egg/motion/body/c00	1	454860	-
item/daisydaikon/script/animcmd	0		-
fighter/plizardon/kirbycopy/cmn	2	451246-451247	-
fighter/snake/kirbycopy/c06/cmn	0		fighter/snake/kirbycopy/cmn
fighter/daisy/kirbycopy/c06/cmn	0		fighter/daisy/kirbycopy/cmn
fighter/robot/kirbycopy/c04/cmn	0		fighter/robot/kirbycopy/cmn
item/pacmanmelon/model/body/c00	12	454888-454899	-
fighter/littlemac/kirbycopy/c05	15	454900-454914	-
fighter/kamui/kirbycopy/c02/cmn	0		fighter/kamui/kirbycopy/cmn
fighter/ptrainer_low/finalsmash	0		-
fighter/mario/kirbycopy/c01/cmn	0		fighter/mario/kirbycopy/cmn
fighter/simon/kirbycopy/c01/cmn	0		fighter/simon/kirbycopy/cmn
fighter/chrom/kirbycopy/c06/cmn	0		fighter/chrom/kirbycopy/cmn
fighter/ryu/kirbycopy/c04/sound	0		fighter/ryu/kirbycopy/sound
fighter/demon/finalsmash/shared	0		-
fighter/miigunner/kirbycopy/c00	14	454926-454939	-
fighter/koopa/kirbycopy/c02/cmn	0		fighter/koopa/kirbycopy/cmn
fighter/miienemyg/kirbycopy/c06	0		-
fighter/brave/kirbycopy/c00/cmn	0		fighter/brave/kirbycopy/cmn
fighter/purin/kirbycopy/c06/cmn	0		fighter/purin/kirbycopy/cmn
fighter/ganon/kirbycopy/c04/cmn	0		fighter/ganon/kirbycopy/cmn
fighter/luigi/kirbycopy/c05/cmn	0		fighter/luigi/kirbycopy/cmn
fighter/falco/kirbycopy/c06/cmn	0		fighter/falco/kirbycopy/cmn
fighter/krool/kirbycopy/c06/cmn	0		fighter/krool/kirbycopy/cmn
fighter/miienemyg/kirbycopy/c02	0		-
fighter/ken/kirbycopy/c03/sound	0		fighter/ken/kirbycopy/sound
fighter/miigunner/kirbycopy/c04	14	455076-455089	-
fighter/pichu/kirbycopy/c05/cmn	0		fighter/pichu/kirbycopy/cmn
fighter/sonic/kirbycopy/c06/cmn	0		fighter/sonic/kirbycopy/cmn
item/pellet/script/animcmd/body	3	455095-455097	-
item/superscopeshot/motion/body	0		-
fighter/shulk/finalsmash/shared	0		-
fighter/koopa/kirbycopy/c00/cmn	0		fighter/koopa/kirbycopy/cmn
fighter/littlemac/kirbycopy/c04	15	455106-455120	-
fighter/captain/kirbycopy/sound	3	455123-455125	-
fighter/roy/kirbycopy/c06/sound	0		fighter/roy/kirbycopy/sound
fighter/sonic/kirbycopy/c04/cmn	0		fighter/sonic/kirbycopy/cmn
fighter/littlemac/kirbycopy/c00	17	452068-452069,455126-455140	-
fighter/pichu/kirbycopy/c07/cmn	0		fighter/pichu/kirbycopy/cmn
fighter/pit/kirbycopy/c05/sound	0		fighter/pit/kirbycopy/sound
fighter/luigi/kirbycopy/c07/cmn	0		fighter/luigi/kirbycopy/cmn
item/pacmanboss/motion/body/c00	1	455141	-
fighter/ganon/kirbycopy/c06/cmn	0		fighter/ganon/kirbycopy/cmn
fighter/brave/kirbycopy/c02/cmn	0		fighter/brave/kirbycopy/cmn
fighter/purin/kirbycopy/c04/cmn	0		fighter/purin/kirbycopy/cmn
fighter/ike/kirbycopy/c03/sound	0		fighter/ike/kirbycopy/sound
item/peachdaikon/model/body/c00	15	455147-455161	-
fighter/wario/finalsmash/shared	0		-
fighter/krool/kirbycopy/c04/cmn	0		fighter/krool/kirbycopy/cmn
fighter/falco/kirbycopy/c04/cmn	0		fighter/falco/kirbycopy/cmn
fighter/miigunner/kirbycopy/c05	14	455165-455178	-
fighter/snake/kirbycopy/c04/cmn	0		fighter/snake/kirbycopy/cmn
fighter/rockman/kirbycopy/sound	0		-
fighter/daisy/kirbycopy/c04/cmn	0		fighter/daisy/kirbycopy/cmn
fighter/miienemyg/kirbycopy/c03	0		-
fighter/fox/kirbycopy/c04/sound	0		fighter/fox/kirbycopy/sound
fighter/sheik/kirbycopy/c05/cmn	0		fighter/sheik/kirbycopy/cmn
fighter/buddy/kirbycopy/c03/cmn	0		fighter/buddy/kirbycopy/cmn
fighter/mario/kirbycopy/c03/cmn	0		fighter/mario/kirbycopy/cmn
fighter/chrom/kirbycopy/c04/cmn	0		fighter/chrom/kirbycopy/cmn
fighter/miienemyg/kirbycopy/c07	0		-
fighter/simon/kirbycopy/c03/cmn	0		fighter/simon/kirbycopy/cmn
fighter/robot/kirbycopy/c06/cmn	0		fighter/robot/kirbycopy/cmn
fighter/kamui/kirbycopy/c00/cmn	0		fighter/kamui/kirbycopy/cmn
fighter/miigunner/kirbycopy/c01	14	455332-455345	-
item/wariobiked/motion/body/c00	1	455346	-
fighter/lucas/kirbycopy/c06/cmn	0		fighter/lucas/kirbycopy/cmn
fighter/marth/kirbycopy/c03/cmn	0		fighter/marth/kirbycopy/cmn
fighter/miienemyg/kirbycopy/cmn	0		-
fighter/shulk/kirbycopy/c07/cmn	0		fighter/shulk/kirbycopy/cmn
fighter/ptrainer_low/camera/c02	0		-
fighter/demon/kirbycopy/c05/cmn	0		fighter/demon/kirbycopy/cmn
item/daisydaikon/model/body/c00	14	455389-455402	-
fighter/peach/kirbycopy/c07/cmn	0		fighter/peach/kirbycopy/cmn
fighter/ptrainer_low/c04/camera	0		fighter/ptrainer_low/camera/c04
fighter/zelda/kirbycopy/c05/cmn	0		fighter/zelda/kirbycopy/cmn
item/dolphinbomb/script/animcmd	0		-
fighter/yoshi/kirbycopy/c04/cmn	0		fighter/yoshi/kirbycopy/cmn
fighter/cloud/kirbycopy/c01/cmn	0		fighter/cloud/kirbycopy/cmn
fighter/wario/kirbycopy/c07/cmn	0		fighter/wario/kirbycopy/cmn
item/finalpeach/motion/body/c00	1	455480	-
item/steeldivershot/motion/body	0		-
item/pacmanmelon/script/animcmd	0		-
fighter/ptrainer_low/camera/c06	0		-
fighter/ptrainer_low/c03/camera	0		fighter/ptrainer_low/camera/c03
fighter/diddy/kirbycopy/c04/cmn	0		fighter/diddy/kirbycopy/cmn
fighter/plizardon/kirbycopy/c06	18	455540-455557	-
fighter/bayonetta/kirbycopy/c04	53	455572-455624	-
fighter/ptrainer_low/result/c02	0		-
fighter/trail/kirbycopy/c05/cmn	0		fighter/trail/kirbycopy/cmn
fighter/samus/kirbycopy/c02/cmn	0		fighter/samus/kirbycopy/cmn
fighter/dolly/kirbycopy/c01/cmn	0		fighter/dolly/kirbycopy/cmn
fighter/ryu/kirbycopy/c02/sound	0		fighter/ryu/kirbycopy/sound
fighter/szerosuit/kirbycopy/c01	18	455663-455680	-
fighter/szerosuit/kirbycopy/c05	18	455702-455719	-
fighter/bayonetta/kirbycopy/c00	63	452737-452746,455721-455773	-
fighter/ptrainer_low/result/c06	0		-
fighter/ken/kirbycopy/c05/sound	0		fighter/ken/kirbycopy/sound
fighter/plizardon/kirbycopy/c02	18	455817-455834	-
item/wiifitball/motion/body/c00	1	455836	-
fighter/gamewatch/kirbycopy/c00	58	452750-452753,455924-455977	-
fighter/gamewatch/kirbycopy/c04	54	455978-456031	-
fighter/diddy/kirbycopy/c05/cmn	0		fighter/diddy/kirbycopy/cmn
item/simonholywater/motion/body	0		-
item/togezoshell/model/body/c00	11	456054-456064	-
fighter/younglink/kirbycopy/cmn	2	452879-452880	-
fighter/dolly/kirbycopy/c00/cmn	0		fighter/dolly/kirbycopy/cmn
fighter/samus/kirbycopy/c03/cmn	0		fighter/samus/kirbycopy/cmn
fighter/trail/kirbycopy/c04/cmn	0		fighter/trail/kirbycopy/cmn
fighter/wario/kirbycopy/c06/cmn	0		fighter/wario/kirbycopy/cmn
item/steeldiver/motion/body/c00	1	456187	-
fighter/ryu/kirbycopy/c01/sound	0		fighter/ryu/kirbycopy/sound
fighter/pikachu/kirbycopy/sound	3	456199-456201	-
fighter/miienemyf/kirbycopy/c00	0		-
fighter/miienemys/kirbycopy/c01	0		-
fighter/ken/kirbycopy/c06/sound	0		fighter/ken/kirbycopy/sound
item/raygun/script/animcmd/body	3	456256-456258	-
item/killer/script/animcmd/body	3	456259-456261	-
fighter/shulk/kirbycopy/c06/cmn	0		fighter/shulk/kirbycopy/cmn
fighter/miienemyf/kirbycopy/c04	0		-
fighter/lucas/kirbycopy/c07/cmn	0		fighter/lucas/kirbycopy/cmn
fighter/marth/kirbycopy/c02/cmn	0		fighter/marth/kirbycopy/cmn
item/genesisset/motion/body/c00	4	456269-456272	-
fighter/miienemys/kirbycopy/c05	0		-
item/starrodshot/script/animcmd	0		-
fighter/demon/kirbycopy/c04/cmn	0		fighter/demon/kirbycopy/cmn
fighter/yoshi/kirbycopy/c05/cmn	0		fighter/yoshi/kirbycopy/cmn
fighter/cloud/kirbycopy/c00/cmn	0		fighter/cloud/kirbycopy/cmn
fighter/zelda/kirbycopy/c04/cmn	0		fighter/zelda/kirbycopy/cmn
fighter/peach/kirbycopy/c06/cmn	0		fighter/peach/kirbycopy/cmn
fighter/chrom/kirbycopy/c05/cmn	0		fighter/chrom/kirbycopy/cmn
fighter/simon/kirbycopy/c02/cmn	0		fighter/simon/kirbycopy/cmn
item/wariobikec/motion/body/c00	1	456301	-
fighter/mario/kirbycopy/c02/cmn	0		fighter/mario/kirbycopy/cmn
fighter/kamui/kirbycopy/c01/cmn	0		fighter/kamui/kirbycopy/cmn
fighter/roy/kirbycopy/c05/sound	0		fighter/roy/kirbycopy/sound
fighter/pzenigame/kirbycopy/c02	17	456321-456337	-
item/smokescreen/model/body/c00	10	456356-456365	-
fighter/robot/kirbycopy/c07/cmn	0		fighter/robot/kirbycopy/cmn
fighter/pit/kirbycopy/c06/sound	0		fighter/pit/kirbycopy/sound
fighter/daisy/kirbycopy/c05/cmn	0		fighter/daisy/kirbycopy/cmn
fighter/snake/kirbycopy/c05/cmn	0		fighter/snake/kirbycopy/cmn
fighter/pzenigame/kirbycopy/c06	17	456386-456402	-
fighter/ike/kirbycopy/c00/sound	0		fighter/ike/kirbycopy/sound
fighter/sheik/kirbycopy/c04/cmn	0		fighter/sheik/kirbycopy/cmn
fighter/buddy/kirbycopy/c02/cmn	0		fighter/buddy/kirbycopy/cmn
fighter/sonic/kirbycopy/c05/cmn	0		fighter/sonic/kirbycopy/cmn
fighter/pichu/kirbycopy/c06/cmn	0		fighter/pichu/kirbycopy/cmn
item/bossgalaga/motion/body/c00	2	456413-456414	-
fighter/falco/kirbycopy/c05/cmn	0		fighter/falco/kirbycopy/cmn
fighter/krool/kirbycopy/c05/cmn	0		fighter/krool/kirbycopy/cmn
fighter/ganon/kirbycopy/c07/cmn	0		fighter/ganon/kirbycopy/cmn
fighter/fox/kirbycopy/c07/sound	0		fighter/fox/kirbycopy/sound
fighter/luigi/kirbycopy/c06/cmn	0		fighter/luigi/kirbycopy/cmn
fighter/purin/kirbycopy/c05/cmn	0		fighter/purin/kirbycopy/cmn
fighter/brave/kirbycopy/c03/cmn	0		fighter/brave/kirbycopy/cmn
fighter/younglink/kirbycopy/c07	14	456522-456535	-
item/superscope/motion/body/c00	1	456571	-
fighter/younglink/kirbycopy/c03	14	456572-456585	-
fighter/koopa/kirbycopy/c01/cmn	0		fighter/koopa/kirbycopy/cmn
fighter/master/kirbycopy/c04/cmn	0		fighter/master/kirbycopy/cmn
fighter/tantan/kirbycopy/c01/cmn	0		fighter/tantan/kirbycopy/cmn
fighter/reflet/kirbycopy/c02/cmn	0		fighter/reflet/kirbycopy/cmn
item/st_crab/script/animcmd/body	3	456707-456709	-
fighter/pitb/kirbycopy/c05/sound	0		fighter/pitb/kirbycopy/sound
fighter/edge/kirbycopy/c01/sound	0		fighter/edge/kirbycopy/sound
fighter/jack/kirbycopy/c05/sound	0		fighter/jack/kirbycopy/sound
item/pacmanorange/script/animcmd	0		-
fighter/samusd/kirbycopy/c04/cmn	0		fighter/samusd/kirbycopy/cmn
fighter/pikmin/kirbycopy/c02/cmn	0		fighter/pikmin/kirbycopy/cmn
fighter/dedede/kirbycopy/c06/cmn	0		fighter/dedede/kirbycopy/cmn
fighter/packun/kirbycopy/c00/cmn	0		fighter/packun/kirbycopy/cmn
fighter/ness/kirbycopy/c04/sound	0		fighter/ness/kirbycopy/sound
item/thundersword/script/animcmd	0		-
fighter/donkey/kirbycopy/c07/cmn	0		fighter/donkey/kirbycopy/cmn
fighter/lucina/kirbycopy/c07/cmn	0		fighter/lucina/kirbycopy/cmn
fighter/mariod/kirbycopy/c05/cmn	0		fighter/mariod/kirbycopy/cmn
item/dragoon/script/animcmd/body	3	457160-457162	-
fighter/metaknight/kirbycopy/c02	39	457163-457201	-
fighter/pacman/kirbycopy/c03/cmn	0		fighter/pacman/kirbycopy/cmn
fighter/mewtwo/kirbycopy/c07/cmn	0		fighter/mewtwo/kirbycopy/cmn
fighter/link/kirbycopy/c00/sound	0		fighter/link/kirbycopy/sound
fighter/elight/kirbycopy/c06/cmn	0		fighter/elight/kirbycopy/cmn
fighter/pickel/kirbycopy/c06/cmn	0		fighter/pickel/kirbycopy/cmn
fighter/metaknight/kirbycopy/c06	39	457290-457328	-
fighter/wiifit/kirbycopy/c03/cmn	0		fighter/wiifit/kirbycopy/cmn
item/toonlinkbomb/model/body/c00	12	457380-457391	-
fighter/shizue/kirbycopy/c01/cmn	0		fighter/shizue/kirbycopy/cmn
item/pacmanapple/motion/body/c00	1	457418	-
fighter/koopag/kirbycopy/c06/cmn	0		fighter/koopag/kirbycopy/cmn
fighter/ridley/kirbycopy/c02/cmn	0		fighter/ridley/kirbycopy/cmn
fighter/eflame/kirbycopy/c01/cmn	0		fighter/eflame/kirbycopy/cmn
fighter/popo/kirbycopy/c05/sound	0		fighter/popo/kirbycopy/sound
item/diddypeanuts/model/body/c00	12	457487-457498	-
fighter/wolf/kirbycopy/c02/sound	0		fighter/wolf/kirbycopy/sound
fighter/ken/kirbycopy/bodymotion	2	457505-457506	-
item/st_ice_yasai/model/body/c03	10	457511-457520	-
fighter/palutena/kirbycopy/sound	3	457549-457551	-
fighter/dedede/finalsmash/shared	0		-
item/pickelobject/model/body/c00	11	457605-457615	-
fighter/wiifit/kirbycopy/c02/cmn	0		fighter/wiifit/kirbycopy/cmn
fighter/ryu/kirbycopy/bodymotion	2	457634-457635	-
fighter/toonlink/kirbycopy/sound	0		-
item/st_ice_yasai/model/body/c07	10	457687-457696	-
fighter/ridley/kirbycopy/c03/cmn	0		fighter/ridley/kirbycopy/cmn
fighter/eflame/kirbycopy/c00/cmn	0		fighter/eflame/kirbycopy/cmn
fighter/shizue/kirbycopy/c00/cmn	0		fighter/shizue/kirbycopy/cmn
fighter/koopag/kirbycopy/c07/cmn	0		fighter/koopag/kirbycopy/cmn
fighter/link/kirbycopy/c03/sound	0		fighter/link/kirbycopy/sound
item/bombhei/script/animcmd/body	3	457712-457714	-
fighter/mewtwo/kirbycopy/c06/cmn	0		fighter/mewtwo/kirbycopy/cmn
fighter/miifighter/kirbycopy/c05	14	455165-455178	-
item/specialflag/motion/body/c00	3	457784-457786	-
fighter/elight/kirbycopy/c07/cmn	0		fighter/elight/kirbycopy/cmn
fighter/pickel/kirbycopy/c07/cmn	0		fighter/pickel/kirbycopy/cmn
fighter/fox/kirbycopy/bodymotion	6	457854-457859	-
fighter/popo/kirbycopy/c06/sound	0		fighter/popo/kirbycopy/sound
fighter/mariod/kirbycopy/c04/cmn	0		fighter/mariod/kirbycopy/cmn
fighter/roy/kirbycopy/bodymotion	8	457938-457945	-
fighter/miifighter/kirbycopy/c01	14	455332-455345	-
fighter/wolf/kirbycopy/c01/sound	0		fighter/wolf/kirbycopy/sound
fighter/pacman/kirbycopy/c02/cmn	0		fighter/pacman/kirbycopy/cmn
fighter/packun/kirbycopy/c01/cmn	0		fighter/packun/kirbycopy/cmn
fighter/dedede/kirbycopy/c07/cmn	0		fighter/dedede/kirbycopy/cmn
item/peachdaikon/motion/body/c00	4	458039-458042	-
fighter/donkey/kirbycopy/c06/cmn	0		fighter/donkey/kirbycopy/cmn
fighter/lucina/kirbycopy/c06/cmn	0		fighter/lucina/kirbycopy/cmn
fighter/edge/kirbycopy/c02/sound	0		fighter/edge/kirbycopy/sound
fighter/pitb/kirbycopy/c06/sound	0		fighter/pitb/kirbycopy/sound
fighter/pikmin/kirbycopy/c03/cmn	0		fighter/pikmin/kirbycopy/cmn
fighter/samusd/kirbycopy/c05/cmn	0		fighter/samusd/kirbycopy/cmn
fighter/jack/kirbycopy/c06/sound	0		fighter/jack/kirbycopy/sound
fighter/pickel/finalsmash/shared	0		-
fighter/master/kirbycopy/c05/cmn	0		fighter/master/kirbycopy/cmn
fighter/reflet/kirbycopy/c03/cmn	0		fighter/reflet/kirbycopy/cmn
fighter/ness/kirbycopy/c07/sound	0		fighter/ness/kirbycopy/sound
fighter/tantan/kirbycopy/c00/cmn	0		fighter/tantan/kirbycopy/cmn
item/pacmanstrawberry/model/body	0		-
item/pickelobject/script/animcmd	0		-
fighter/link/kirbycopy/c05/sound	0		fighter/link/kirbycopy/sound
fighter/reflet/kirbycopy/c01/cmn	0		fighter/reflet/kirbycopy/cmn
fighter/tantan/kirbycopy/c02/cmn	0		fighter/tantan/kirbycopy/cmn
fighter/master/kirbycopy/c07/cmn	0		fighter/master/kirbycopy/cmn
fighter/lucina/kirbycopy/c04/cmn	0		fighter/lucina/kirbycopy/cmn
fighter/donkey/kirbycopy/c04/cmn	0		fighter/donkey/kirbycopy/cmn
item/fairybottle/motion/body/c00	2	458861-458862	-
item/pacmanmelon/motion/body/c00	1	458863	-
fighter/packun/kirbycopy/c03/cmn	0		fighter/packun/kirbycopy/cmn
fighter/dedede/kirbycopy/c05/cmn	0		fighter/dedede/kirbycopy/cmn
fighter/pikmin/kirbycopy/c01/cmn	0		fighter/pikmin/kirbycopy/cmn
fighter/samusd/kirbycopy/c07/cmn	0		fighter/samusd/kirbycopy/cmn
fighter/wolf/kirbycopy/c07/sound	0		fighter/wolf/kirbycopy/sound
fighter/popo/kirbycopy/c00/sound	0		fighter/popo/kirbycopy/sound
fighter/pickel/kirbycopy/c05/cmn	0		fighter/pickel/kirbycopy/cmn
item/st_ice_yasai/model/body/c06	10	459023-459032	-
fighter/elight/kirbycopy/c05/cmn	0		fighter/elight/kirbycopy/cmn
fighter/mewtwo/kirbycopy/c04/cmn	0		fighter/mewtwo/kirbycopy/cmn
fighter/jack/kirbycopy/c00/sound	0		fighter/jack/kirbycopy/sound
item/honeycombbee/script/animcmd	0		-
fighter/master/finalsmash/shared	0		-
fighter/pacman/kirbycopy/c00/cmn	0		fighter/pacman/kirbycopy/cmn
item/st_ice_yasai/model/body/c02	10	459138-459147	-
fighter/pitb/kirbycopy/c00/sound	0		fighter/pitb/kirbycopy/sound
fighter/edge/kirbycopy/c04/sound	0		fighter/edge/kirbycopy/sound
fighter/mariod/kirbycopy/c06/cmn	0		fighter/mariod/kirbycopy/cmn
fighter/miifighter/kirbycopy/c00	14	454926-454939	-
item/firebar/script/animcmd/body	3	459176-459178	-
fighter/ridley/kirbycopy/c01/cmn	0		fighter/ridley/kirbycopy/cmn
fighter/eflame/kirbycopy/c02/cmn	0		fighter/eflame/kirbycopy/cmn
fighter/ness/kirbycopy/c01/sound	0		fighter/ness/kirbycopy/sound
fighter/koopag/kirbycopy/c05/cmn	0		fighter/koopag/kirbycopy/cmn
fighter/shizue/kirbycopy/c02/cmn	0		fighter/shizue/kirbycopy/cmn
fighter/miifighter/kirbycopy/c04	14	455076-455089	-
fighter/wiifit/kirbycopy/c00/cmn	0		fighter/wiifit/kirbycopy/cmn
item/pasaran/script/animcmd/body	3	459329-459331	-
fighter/koopag/kirbycopy/c04/cmn	0		fighter/koopag/kirbycopy/cmn
fighter/shizue/kirbycopy/c03/cmn	0		fighter/shizue/kirbycopy/cmn
fighter/ridley/kirbycopy/c00/cmn	0		fighter/ridley/kirbycopy/cmn
fighter/eflame/kirbycopy/c03/cmn	0		fighter/eflame/kirbycopy/cmn
fighter/metaknight/kirbycopy/c07	39	459412-459450	-
fighter/wiifit/kirbycopy/c01/cmn	0		fighter/wiifit/kirbycopy/cmn
item/pacmanorange/model/body/c00	12	459497-459508	-
fighter/jack/kirbycopy/c03/sound	0		fighter/jack/kirbycopy/sound
fighter/metaknight/kirbycopy/c03	39	459552-459590	-
fighter/edge/kirbycopy/c07/sound	0		fighter/edge/kirbycopy/sound
fighter/pitb/kirbycopy/c03/sound	0		fighter/pitb/kirbycopy/sound
fighter/pacman/kirbycopy/c01/cmn	0		fighter/pacman/kirbycopy/cmn
fighter/mariod/kirbycopy/c07/cmn	0		fighter/mariod/kirbycopy/cmn
fighter/pickel/kirbycopy/c04/cmn	0		fighter/pickel/kirbycopy/cmn
fighter/elight/kirbycopy/c04/cmn	0		fighter/elight/kirbycopy/cmn
fighter/ness/kirbycopy/c02/sound	0		fighter/ness/kirbycopy/sound
item/thundersword/model/body/c00	12	459728-459739	-
item/starrod/script/animcmd/body	3	459740-459742	-
fighter/mewtwo/kirbycopy/c05/cmn	0		fighter/mewtwo/kirbycopy/cmn
fighter/samusd/kirbycopy/c06/cmn	0		fighter/samusd/kirbycopy/cmn
fighter/pikmin/kirbycopy/c00/cmn	0		fighter/pikmin/kirbycopy/cmn
fighter/lucina/kirbycopy/c05/cmn	0		fighter/lucina/kirbycopy/cmn
fighter/link/kirbycopy/c06/sound	0		fighter/link/kirbycopy/sound
fighter/donkey/kirbycopy/c05/cmn	0		fighter/donkey/kirbycopy/cmn
fighter/dedede/kirbycopy/c04/cmn	0		fighter/dedede/kirbycopy/cmn
fighter/packun/kirbycopy/c02/cmn	0		fighter/packun/kirbycopy/cmn
fighter/tantan/kirbycopy/c03/cmn	0		fighter/tantan/kirbycopy/cmn
fighter/reflet/kirbycopy/c00/cmn	0		fighter/reflet/kirbycopy/cmn
item/toonlinkbomb/script/animcmd	0		-
fighter/master/kirbycopy/c06/cmn	0		fighter/master/kirbycopy/cmn
item/genesis/script/animcmd/body	3	460039-460041	-
fighter/wolf/kirbycopy/c04/sound	0		fighter/wolf/kirbycopy/sound
fighter/metaknight/kirbycopy/cmn	4	460097-460100	-
item/diddypeanuts/script/animcmd	0		-
fighter/popo/kirbycopy/c03/sound	0		fighter/popo/kirbycopy/sound
fighter/donkey/kirbycopy/c01/cmn	0		fighter/donkey/kirbycopy/cmn
fighter/lucina/kirbycopy/c01/cmn	0		fighter/lucina/kirbycopy/cmn
fighter/link/kirbycopy/c02/sound	0		fighter/link/kirbycopy/sound
fighter/dedede/kirbycopy/c00/cmn	0		fighter/dedede/kirbycopy/cmn
fighter/packun/kirbycopy/c06/cmn	0		fighter/packun/kirbycopy/cmn
fighter/pikmin/kirbycopy/c04/cmn	0		fighter/pikmin/kirbycopy/cmn
item/dragoonsight/script/animcmd	0		-
fighter/samusd/kirbycopy/c02/cmn	0		fighter/samusd/kirbycopy/cmn
fighter/wolf/kirbycopy/c00/sound	0		fighter/wolf/kirbycopy/sound
fighter/metaknight/kirbycopy/c01	39	460393-460431	-
item/chickenparty/script/animcmd	0		-
fighter/popo/kirbycopy/c07/sound	0		fighter/popo/kirbycopy/sound
fighter/tantan/kirbycopy/c07/cmn	0		fighter/tantan/kirbycopy/cmn
fighter/reflet/kirbycopy/c04/cmn	0		fighter/reflet/kirbycopy/cmn
item/deathscythe/motion/body/c00	1	460513	-
fighter/master/kirbycopy/c02/cmn	0		fighter/master/kirbycopy/cmn
fighter/metaknight/kirbycopy/c05	39	460618-460656	-
fighter/jack/kirbycopy/c07/sound	0		fighter/jack/kirbycopy/sound
fighter/edge/kirbycopy/c03/sound	0		fighter/edge/kirbycopy/sound
fighter/pitb/kirbycopy/c07/sound	0		fighter/pitb/kirbycopy/sound
fighter/ike/kirbycopy/bodymotion	6	460816-460821	-
fighter/ridley/kirbycopy/c04/cmn	0		fighter/ridley/kirbycopy/cmn
item/pitfall/script/animcmd/body	3	460841-460843	-
fighter/eflame/kirbycopy/c07/cmn	0		fighter/eflame/kirbycopy/cmn
fighter/shizue/kirbycopy/c07/cmn	0		fighter/shizue/kirbycopy/cmn
item/sandbag/script/animcmd/body	3	460865-460867	-
fighter/koopag/kirbycopy/c00/cmn	0		fighter/koopag/kirbycopy/cmn
fighter/wiifit/kirbycopy/c05/cmn	0		fighter/wiifit/kirbycopy/cmn
fighter/elight/kirbycopy/c00/cmn	0		fighter/elight/kirbycopy/cmn
fighter/ness/kirbycopy/c06/sound	0		fighter/ness/kirbycopy/sound
fighter/pickel/kirbycopy/c00/cmn	0		fighter/pickel/kirbycopy/cmn
fighter/mewtwo/kirbycopy/c01/cmn	0		fighter/mewtwo/kirbycopy/cmn
item/pacmancherry/model/body/c00	12	461067-461078	-
fighter/pacman/kirbycopy/c05/cmn	0		fighter/pacman/kirbycopy/cmn
fighter/mariod/kirbycopy/c03/cmn	0		fighter/mariod/kirbycopy/cmn
fighter/tantan/finalsmash/shared	0		-
item/freezer/script/animcmd/body	3	461104-461106	-
fighter/jack/kirbycopy/c04/sound	0		fighter/jack/kirbycopy/sound
fighter/pacman/kirbycopy/c04/cmn	0		fighter/pacman/kirbycopy/cmn
fighter/mariod/kirbycopy/c02/cmn	0		fighter/mariod/kirbycopy/cmn
fighter/pitb/kirbycopy/c04/sound	0		fighter/pitb/kirbycopy/sound
fighter/edge/kirbycopy/c00/sound	0		fighter/edge/kirbycopy/sound
item/walkmushshot/script/animcmd	0		-
item/smokescreen/motion/body/c00	1	461138	-
fighter/elight/kirbycopy/c01/cmn	0		fighter/elight/kirbycopy/cmn
fighter/murabito/kirbycopy/sound	0		-
fighter/pickel/kirbycopy/c01/cmn	0		fighter/pickel/kirbycopy/cmn
item/homerunbathr/script/animcmd	0		-
fighter/mewtwo/kirbycopy/c00/cmn	0		fighter/mewtwo/kirbycopy/cmn
fighter/gekkouga/kirbycopy/sound	0		-
fighter/shizue/kirbycopy/c06/cmn	0		fighter/shizue/kirbycopy/cmn
fighter/ness/kirbycopy/c05/sound	0		fighter/ness/kirbycopy/sound
fighter/koopag/kirbycopy/c01/cmn	0		fighter/koopag/kirbycopy/cmn
fighter/ridley/kirbycopy/c05/cmn	0		fighter/ridley/kirbycopy/cmn
fighter/eflame/kirbycopy/c06/cmn	0		fighter/eflame/kirbycopy/cmn
item/st_fruitbomb/model/body/c00	11	461250-461260	-
fighter/wiifit/kirbycopy/c04/cmn	0		fighter/wiifit/kirbycopy/cmn
item/magicpotwind/script/animcmd	0		-
fighter/link/kirbycopy/c01/sound	0		fighter/link/kirbycopy/sound
fighter/reflet/kirbycopy/c05/cmn	0		fighter/reflet/kirbycopy/cmn
fighter/miifighter/kirbycopy/c06	14	452421-452434	-
fighter/tantan/kirbycopy/c06/cmn	0		fighter/tantan/kirbycopy/cmn
item/snakegrenade/script/animcmd	0		-
fighter/master/kirbycopy/c03/cmn	0		fighter/master/kirbycopy/cmn
item/goldenhammer/script/animcmd	0		-
fighter/duckhunt/kirbycopy/sound	0		-
item/prizehr/script/animcmd/body	3	461522-461524	-
item/st_ice_yasai/model/body/c08	10	461527-461536	-
fighter/miifighter/kirbycopy/c02	14	452513-452526	-
item/st_ice_yasai/model/body/c00	10	461545-461554	-
fighter/samusd/kirbycopy/c03/cmn	0		fighter/samusd/kirbycopy/cmn
fighter/wolf/kirbycopy/c03/sound	0		fighter/wolf/kirbycopy/sound
fighter/pikmin/kirbycopy/c05/cmn	0		fighter/pikmin/kirbycopy/cmn
fighter/popo/kirbycopy/c04/sound	0		fighter/popo/kirbycopy/sound
fighter/donkey/kirbycopy/c00/cmn	0		fighter/donkey/kirbycopy/cmn
fighter/lucina/kirbycopy/c00/cmn	0		fighter/lucina/kirbycopy/cmn
fighter/packun/kirbycopy/c07/cmn	0		fighter/packun/kirbycopy/cmn
fighter/dedede/kirbycopy/c01/cmn	0		fighter/dedede/kirbycopy/cmn
item/st_ice_yasai/model/body/c04	10	461666-461675	-
fighter/miifighter/kirbycopy/c03	14	450911-450924	-
fighter/edge/kirbycopy/c06/sound	0		fighter/edge/kirbycopy/sound
fighter/ridley/finalsmash/shared	0		-
fighter/pitb/kirbycopy/c02/sound	0		fighter/pitb/kirbycopy/sound
item/st_ice_yasai/model/body/c09	10	461685-461694	-
fighter/samusd/kirbycopy/c01/cmn	0		fighter/samusd/kirbycopy/cmn
fighter/pikmin/kirbycopy/c07/cmn	0		fighter/pikmin/kirbycopy/cmn
fighter/jack/kirbycopy/c02/sound	0		fighter/jack/kirbycopy/sound
fighter/packun/kirbycopy/c05/cmn	0		fighter/packun/kirbycopy/cmn
fighter/dedede/kirbycopy/c03/cmn	0		fighter/dedede/kirbycopy/cmn
item/togezoshell/motion/body/c00	3	461735-461737	-
fighter/lucina/kirbycopy/c02/cmn	0		fighter/lucina/kirbycopy/cmn
fighter/miifighter/kirbycopy/c07	14	450996-451009	-
fighter/donkey/kirbycopy/c02/cmn	0		fighter/donkey/kirbycopy/cmn
item/thunder/script/animcmd/body	3	461742-461744	-
fighter/master/kirbycopy/c01/cmn	0		fighter/master/kirbycopy/cmn
item/st_ice_yasai/model/body/c05	10	461745-461754	-
item/st_fruitbomb/script/animcmd	0		-
fighter/reflet/kirbycopy/c07/cmn	0		fighter/reflet/kirbycopy/cmn
fighter/tantan/kirbycopy/c04/cmn	0		fighter/tantan/kirbycopy/cmn
fighter/ness/kirbycopy/c03/sound	0		fighter/ness/kirbycopy/sound
item/st_ice_yasai/model/body/c01	10	461901-461910	-
item/goldenhammer/model/body/c00	11	461911-461921	-
item/bombchu/script/animcmd/body	3	461940-461942	-
item/snakegrenade/model/body/c00	12	461943-461954	-
fighter/wiifit/kirbycopy/c06/cmn	0		fighter/wiifit/kirbycopy/cmn
fighter/koopag/kirbycopy/c03/cmn	0		fighter/koopag/kirbycopy/cmn
fighter/shizue/kirbycopy/c04/cmn	0		fighter/shizue/kirbycopy/cmn
fighter/ridley/kirbycopy/c07/cmn	0		fighter/ridley/kirbycopy/cmn
fighter/eflame/kirbycopy/c04/cmn	0		fighter/eflame/kirbycopy/cmn
fighter/link/kirbycopy/c07/sound	0		fighter/link/kirbycopy/sound
item/maximtomato/motion/body/c00	1	461983	-
fighter/mariod/kirbycopy/c00/cmn	0		fighter/mariod/kirbycopy/cmn
fighter/popo/kirbycopy/c02/sound	0		fighter/popo/kirbycopy/sound
fighter/wolf/kirbycopy/c05/sound	0		fighter/wolf/kirbycopy/sound
fighter/pacman/kirbycopy/c06/cmn	0		fighter/pacman/kirbycopy/cmn
item/st_ice_yasai/script/animcmd	0		-
fighter/miifighter/kirbycopy/cmn	0		-
item/st_fruitbomb/model/body/c01	11	462201-462211	-
fighter/mewtwo/kirbycopy/c02/cmn	0		fighter/mewtwo/kirbycopy/cmn
fighter/pickel/kirbycopy/c03/cmn	0		fighter/pickel/kirbycopy/cmn
fighter/elight/kirbycopy/c03/cmn	0		fighter/elight/kirbycopy/cmn
fighter/mewtwo/kirbycopy/c03/cmn	0		fighter/mewtwo/kirbycopy/cmn
item/starrodshot/motion/body/c00	1	462327	-
fighter/link/kirbycopy/c04/sound	0		fighter/link/kirbycopy/sound
fighter/pickel/kirbycopy/c02/cmn	0		fighter/pickel/kirbycopy/cmn
fighter/elight/kirbycopy/c02/cmn	0		fighter/elight/kirbycopy/cmn
fighter/mariod/kirbycopy/c01/cmn	0		fighter/mariod/kirbycopy/cmn
fighter/pacman/kirbycopy/c07/cmn	0		fighter/pacman/kirbycopy/cmn
item/dragoonsight/model/body/c00	11	462513-462523	-
fighter/popo/kirbycopy/c01/sound	0		fighter/popo/kirbycopy/sound
item/ripstickshot/script/animcmd	0		-
item/killertransform/motion/body	0		-
fighter/pit/kirbycopy/bodymotion	16	462583-462598	-
fighter/wolf/kirbycopy/c06/sound	0		fighter/wolf/kirbycopy/sound
item/daisydaikon/motion/body/c00	5	462631-462635	-
fighter/wiifit/kirbycopy/c07/cmn	0		fighter/wiifit/kirbycopy/cmn
item/chewing/script/animcmd/body	3	462696-462698	-
fighter/ridley/kirbycopy/c06/cmn	0		fighter/ridley/kirbycopy/cmn
fighter/eflame/kirbycopy/c05/cmn	0		fighter/eflame/kirbycopy/cmn
fighter/koopag/kirbycopy/c02/cmn	0		fighter/koopag/kirbycopy/cmn
item/dolphinbomb/motion/body/c00	3	462780-462782	-
fighter/shizue/kirbycopy/c05/cmn	0		fighter/shizue/kirbycopy/cmn
fighter/pitb/kirbycopy/c01/sound	0		fighter/pitb/kirbycopy/sound
fighter/edge/kirbycopy/c05/sound	0		fighter/edge/kirbycopy/sound
fighter/jack/kirbycopy/c01/sound	0		fighter/jack/kirbycopy/sound
fighter/master/kirbycopy/c00/cmn	0		fighter/master/kirbycopy/cmn
item/st_yamabuki_egg/motion/body	0		-
fighter/tantan/kirbycopy/c05/cmn	0		fighter/tantan/kirbycopy/cmn
fighter/reflet/kirbycopy/c06/cmn	0		fighter/reflet/kirbycopy/cmn
fighter/dedede/kirbycopy/c02/cmn	0		fighter/dedede/kirbycopy/cmn
fighter/packun/kirbycopy/c04/cmn	0		fighter/packun/kirbycopy/cmn
fighter/metaknight/kirbycopy/c04	39	462919-462957	-
fighter/lucina/kirbycopy/c03/cmn	0		fighter/lucina/kirbycopy/cmn
fighter/ness/kirbycopy/c00/sound	0		fighter/ness/kirbycopy/sound
fighter/donkey/kirbycopy/c03/cmn	0		fighter/donkey/kirbycopy/cmn
item/capsule/script/animcmd/body	3	463039-463041	-
item/chicken/script/animcmd/body	3	463042-463044	-
fighter/pikmin/kirbycopy/c06/cmn	0		fighter/pikmin/kirbycopy/cmn
fighter/metaknight/kirbycopy/c00	43	460097-460100,463108-463146	-
fighter/samusd/kirbycopy/c00/cmn	0		fighter/samusd/kirbycopy/cmn
item/pacmancherry/script/animcmd	0		-
fighter/snake/kirbycopy/c02/sound	0		fighter/snake/kirbycopy/sound
fighter/gaogaen/kirbycopy/c00/cmn	0		fighter/gaogaen/kirbycopy/cmn
fighter/richter/kirbycopy/c01/cmn	0		fighter/richter/kirbycopy/cmn
fighter/brave/kirbycopy/c04/sound	0		fighter/brave/kirbycopy/sound
fighter/dolly/kirbycopy/c00/sound	0		fighter/dolly/kirbycopy/sound
fighter/simon/kirbycopy/c01/sound	0		fighter/simon/kirbycopy/sound
fighter/buddy/kirbycopy/c01/sound	0		fighter/buddy/kirbycopy/sound
fighter/purin/kirbycopy/c05/sound	0		fighter/purin/kirbycopy/sound
item/pacmanstrawberry/motion/body	0		-
fighter/koopajr/kirbycopy/c04/cmn	0		fighter/koopajr/kirbycopy/cmn
fighter/zelda/kirbycopy/c07/sound	0		fighter/zelda/kirbycopy/sound
fighter/marth/kirbycopy/c07/sound	0		fighter/marth/kirbycopy/sound
fighter/ganon/kirbycopy/c01/sound	0		fighter/ganon/kirbycopy/sound
fighter/cloud/kirbycopy/c00/sound	0		fighter/cloud/kirbycopy/sound
fighter/falco/kirbycopy/c02/sound	0		fighter/falco/kirbycopy/sound
fighter/captain/kirbycopy/c05/cmn	0		fighter/captain/kirbycopy/cmn
fighter/shulk/kirbycopy/c02/sound	0		fighter/shulk/kirbycopy/sound
fighter/kamui/kirbycopy/c05/sound	0		fighter/kamui/kirbycopy/sound
fighter/mario/kirbycopy/c04/sound	0		fighter/mario/kirbycopy/sound
fighter/peach/kirbycopy/c03/sound	0		fighter/peach/kirbycopy/sound
fighter/miienemyf/kirbycopy/sound	0		-
item/homerunbathr/motion/body/c00	1	463206	-
fighter/trail/kirbycopy/c00/sound	0		fighter/trail/kirbycopy/sound
item/st_fruitbomb/motion/body/c00	2	463210-463211	-
fighter/luigi/kirbycopy/c00/sound	0		fighter/luigi/kirbycopy/sound
fighter/diddy/kirbycopy/c00/sound	0		fighter/diddy/kirbycopy/sound
fighter/pichu/kirbycopy/c00/sound	0		fighter/pichu/kirbycopy/sound
fighter/rosetta/kirbycopy/c03/cmn	0		fighter/rosetta/kirbycopy/cmn
item/chickenparty/motion/body/c00	1	463239	-
fighter/rockman/kirbycopy/c04/cmn	0		fighter/rockman/kirbycopy/cmn
fighter/samus/kirbycopy/c01/sound	0		fighter/samus/kirbycopy/sound
fighter/lucario/kirbycopy/c03/cmn	0		fighter/lucario/kirbycopy/cmn
fighter/element/kirbycopy/c06/cmn	0		fighter/element/kirbycopy/cmn
fighter/koopa/kirbycopy/c01/sound	0		fighter/koopa/kirbycopy/sound
fighter/chrom/kirbycopy/c06/sound	0		fighter/chrom/kirbycopy/sound
item/usagihat/script/animcmd/body	3	463400-463402	-
fighter/pikachu/kirbycopy/c05/cmn	0		fighter/pikachu/kirbycopy/cmn
fighter/wario/kirbycopy/c00/sound	0		fighter/wario/kirbycopy/sound
fighter/inkling/kirbycopy/c04/cmn	0		fighter/inkling/kirbycopy/cmn
item/st_ice_yasai/motion/body/c00	1	463430	-
fighter/daisy/kirbycopy/c02/sound	0		fighter/daisy/kirbycopy/sound
fighter/pfushigisou/kirbycopy/c05	20	463435-463454	-
fighter/yoshi/kirbycopy/c05/sound	0		fighter/yoshi/kirbycopy/sound
item/superleaftail/model/body/c00	11	463473-463483	-
item/explosionbomb/model/body/c00	12	463484-463495	-
fighter/pfushigisou/kirbycopy/c01	20	463506-463525	-
fighter/krool/kirbycopy/c03/sound	0		fighter/krool/kirbycopy/sound
item/pacmancherry/motion/body/c00	1	463549	-
fighter/demon/kirbycopy/c02/sound	0		fighter/demon/kirbycopy/sound
fighter/sonic/kirbycopy/c01/sound	0		fighter/sonic/kirbycopy/sound
fighter/robot/kirbycopy/c05/sound	0		fighter/robot/kirbycopy/sound
fighter/sheik/kirbycopy/c07/sound	0		fighter/sheik/kirbycopy/sound
fighter/lucas/kirbycopy/c00/sound	0		fighter/lucas/kirbycopy/sound
fighter/ness/kirbycopy/bodymotion	8	463550-463557	-
item/murabitofruit/script/animcmd	0		-
item/doseisan/script/animcmd/body	3	463585-463587	-
fighter/chrom/kirbycopy/c05/sound	0		fighter/chrom/kirbycopy/sound
fighter/koopa/kirbycopy/c02/sound	0		fighter/koopa/kirbycopy/sound
item/tabemono/script/animcmd/body	3	463622-463624	-
item/honeycombbee/motion/body/c00	1	463625	-
item/clubshot/script/animcmd/body	3	463672-463674	-
fighter/inkling/kirbycopy/c05/cmn	0		fighter/inkling/kirbycopy/cmn
fighter/wario/kirbycopy/c03/sound	0		fighter/wario/kirbycopy/sound
fighter/daisy/kirbycopy/c01/sound	0		fighter/daisy/kirbycopy/sound
fighter/pikachu/kirbycopy/c04/cmn	0		fighter/pikachu/kirbycopy/cmn
item/thundersword/motion/body/c00	1	463781	-
fighter/yoshi/kirbycopy/c06/sound	0		fighter/yoshi/kirbycopy/sound
fighter/element/kirbycopy/c07/cmn	0		fighter/element/kirbycopy/cmn
fighter/krool/kirbycopy/c00/sound	0		fighter/krool/kirbycopy/sound
item/killereyeshot/script/animcmd	0		-
fighter/lucas/kirbycopy/c03/sound	0		fighter/lucas/kirbycopy/sound
fighter/sheik/kirbycopy/c04/sound	0		fighter/sheik/kirbycopy/sound
fighter/robot/kirbycopy/c06/sound	0		fighter/robot/kirbycopy/sound
fighter/sonic/kirbycopy/c02/sound	0		fighter/sonic/kirbycopy/sound
fighter/demon/kirbycopy/c01/sound	0		fighter/demon/kirbycopy/sound
item/bananagunshot/model/body/c00	11	463921-463931	-
fighter/rockman/kirbycopy/c05/cmn	0		fighter/rockman/kirbycopy/cmn
fighter/brave/kirbycopy/c07/sound	0		fighter/brave/kirbycopy/sound
fighter/rosetta/kirbycopy/c02/cmn	0		fighter/rosetta/kirbycopy/cmn
fighter/snake/kirbycopy/c01/sound	0		fighter/snake/kirbycopy/sound
fighter/popo/kirbycopy/bodymotion	2	463932-463933	-
fighter/purin/kirbycopy/c06/sound	0		fighter/purin/kirbycopy/sound
fighter/lucario/kirbycopy/c02/cmn	0		fighter/lucario/kirbycopy/cmn
fighter/buddy/kirbycopy/c02/sound	0		fighter/buddy/kirbycopy/sound
fighter/dolly/kirbycopy/c03/sound	0		fighter/dolly/kirbycopy/sound
fighter/simon/kirbycopy/c02/sound	0		fighter/simon/kirbycopy/sound
fighter/ganon/kirbycopy/c02/sound	0		fighter/ganon/kirbycopy/sound
fighter/marth/kirbycopy/c04/sound	0		fighter/marth/kirbycopy/sound
item/murabitofruit/model/body/c01	11	463976-463986	-
fighter/zelda/kirbycopy/c04/sound	0		fighter/zelda/kirbycopy/sound
fighter/mario/kirbycopy/c07/sound	0		fighter/mario/kirbycopy/sound
fighter/kamui/kirbycopy/c06/sound	0		fighter/kamui/kirbycopy/sound
fighter/shulk/kirbycopy/c01/sound	0		fighter/shulk/kirbycopy/sound
fighter/falco/kirbycopy/c01/sound	0		fighter/falco/kirbycopy/sound
fighter/cloud/kirbycopy/c03/sound	0		fighter/cloud/kirbycopy/sound
fighter/trail/kirbycopy/c03/sound	0		fighter/trail/kirbycopy/sound
fighter/peach/kirbycopy/c00/sound	0		fighter/peach/kirbycopy/sound
item/magicpot/script/animcmd/body	3	464065-464067	-
fighter/diddy/kirbycopy/c03/sound	0		fighter/diddy/kirbycopy/sound
fighter/captain/kirbycopy/c04/cmn	0		fighter/captain/kirbycopy/cmn
fighter/luigi/kirbycopy/c03/sound	0		fighter/luigi/kirbycopy/sound
fighter/samus/kirbycopy/c02/sound	0		fighter/samus/kirbycopy/sound
fighter/richter/kirbycopy/c00/cmn	0		fighter/richter/kirbycopy/cmn
fighter/pichu/kirbycopy/c03/sound	0		fighter/pichu/kirbycopy/sound
fighter/gaogaen/kirbycopy/c01/cmn	0		fighter/gaogaen/kirbycopy/cmn
fighter/element/finalsmash/shared	0		-
fighter/koopajr/kirbycopy/c05/cmn	0		fighter/koopajr/kirbycopy/cmn
fighter/captain/kirbycopy/c06/cmn	0		fighter/captain/kirbycopy/cmn
fighter/chrom/kirbycopy/c03/sound	0		fighter/chrom/kirbycopy/sound
fighter/koopa/kirbycopy/c04/sound	0		fighter/koopa/kirbycopy/sound
item/murabitofruit/model/body/c00	11	464225-464235	-
fighter/koopajr/kirbycopy/c07/cmn	0		fighter/koopajr/kirbycopy/cmn
fighter/wario/kirbycopy/c05/sound	0		fighter/wario/kirbycopy/sound
item/murabitofruit/model/body/c04	11	464308-464318	-
item/starring/script/animcmd/body	3	464319-464321	-
fighter/gaogaen/kirbycopy/c03/cmn	0		fighter/gaogaen/kirbycopy/cmn
fighter/richter/kirbycopy/c02/cmn	0		fighter/richter/kirbycopy/cmn
fighter/yoshi/kirbycopy/c00/sound	0		fighter/yoshi/kirbycopy/sound
fighter/lucario/kirbycopy/c00/cmn	0		fighter/lucario/kirbycopy/cmn
item/ripstick/script/animcmd/body	3	464327-464329	-
fighter/rockman/kirbycopy/c07/cmn	0		fighter/rockman/kirbycopy/cmn
fighter/rosetta/kirbycopy/c00/cmn	0		fighter/rosetta/kirbycopy/cmn
fighter/daisy/kirbycopy/c07/sound	0		fighter/daisy/kirbycopy/sound
fighter/demon/kirbycopy/c07/sound	0		fighter/demon/kirbycopy/sound
fighter/sonic/kirbycopy/c04/sound	0		fighter/sonic/kirbycopy/sound
fighter/robot/kirbycopy/c00/sound	0		fighter/robot/kirbycopy/sound
fighter/lucas/kirbycopy/c05/sound	0		fighter/lucas/kirbycopy/sound
fighter/sheik/kirbycopy/c02/sound	0		fighter/sheik/kirbycopy/sound
fighter/krool/kirbycopy/c06/sound	0		fighter/krool/kirbycopy/sound
item/kusudama/script/animcmd/body	3	464414-464416	-
fighter/wolf/kirbycopy/bodymotion	2	464420-464421	-
fighter/buddy/kirbycopy/c04/sound	0		fighter/buddy/kirbycopy/sound
fighter/dolly/kirbycopy/c05/sound	0		fighter/dolly/kirbycopy/sound
fighter/simon/kirbycopy/c04/sound	0		fighter/simon/kirbycopy/sound
fighter/purin/kirbycopy/c00/sound	0		fighter/purin/kirbycopy/sound
fighter/fox/finalsmash/shared/lut	1	464425	-
fighter/pikachu/kirbycopy/c06/cmn	0		fighter/pikachu/kirbycopy/cmn
fighter/snake/kirbycopy/c07/sound	0		fighter/snake/kirbycopy/sound
item/bananagunshot/script/animcmd	0		-
fighter/brave/kirbycopy/c01/sound	0		fighter/brave/kirbycopy/sound
fighter/cloud/kirbycopy/c05/sound	0		fighter/cloud/kirbycopy/sound
fighter/falco/kirbycopy/c07/sound	0		fighter/falco/kirbycopy/sound
fighter/shulk/kirbycopy/c07/sound	0		fighter/shulk/kirbycopy/sound
fighter/kamui/kirbycopy/c00/sound	0		fighter/kamui/kirbycopy/sound
fighter/mario/kirbycopy/c01/sound	0		fighter/mario/kirbycopy/sound
fighter/zelda/kirbycopy/c02/sound	0		fighter/zelda/kirbycopy/sound
item/toonlinkbomb/motion/body/c00	2	464475-464476	-
fighter/marth/kirbycopy/c02/sound	0		fighter/marth/kirbycopy/sound
fighter/element/kirbycopy/c05/cmn	0		fighter/element/kirbycopy/cmn
fighter/ganon/kirbycopy/c04/sound	0		fighter/ganon/kirbycopy/sound
fighter/rockman/finalsmash/shared	0		-
fighter/luigi/kirbycopy/c05/sound	0		fighter/luigi/kirbycopy/sound
fighter/diddy/kirbycopy/c05/sound	0		fighter/diddy/kirbycopy/sound
fighter/peach/kirbycopy/c06/sound	0		fighter/peach/kirbycopy/sound
item/mushroom/script/animcmd/body	3	464618-464620	-
fighter/trail/kirbycopy/c05/sound	0		fighter/trail/kirbycopy/sound
item/walkmushshot/motion/body/c00	1	464622	-
fighter/edge/kirbycopy/bodymotion	8	464670-464677	-
item/diddypeanuts/motion/body/c00	1	464696	-
fighter/pichu/kirbycopy/c05/sound	0		fighter/pichu/kirbycopy/sound
fighter/inkling/kirbycopy/c07/cmn	0		fighter/inkling/kirbycopy/cmn
fighter/samus/kirbycopy/c04/sound	0		fighter/samus/kirbycopy/sound
fighter/purin/kirbycopy/c03/sound	0		fighter/purin/kirbycopy/sound
fighter/dolly/kirbycopy/c06/sound	0		fighter/dolly/kirbycopy/sound
fighter/simon/kirbycopy/c07/sound	0		fighter/simon/kirbycopy/sound
fighter/buddy/kirbycopy/c07/sound	0		fighter/buddy/kirbycopy/sound
fighter/brave/kirbycopy/c02/sound	0		fighter/brave/kirbycopy/sound
fighter/inkling/kirbycopy/c06/cmn	0		fighter/inkling/kirbycopy/cmn
fighter/snake/kirbycopy/c04/sound	0		fighter/snake/kirbycopy/sound
fighter/mario/kirbycopy/c02/sound	0		fighter/mario/kirbycopy/sound
fighter/kamui/kirbycopy/c03/sound	0		fighter/kamui/kirbycopy/sound
fighter/shulk/kirbycopy/c04/sound	0		fighter/shulk/kirbycopy/sound
fighter/falco/kirbycopy/c04/sound	0		fighter/falco/kirbycopy/sound
fighter/cloud/kirbycopy/c06/sound	0		fighter/cloud/kirbycopy/sound
fighter/ganon/kirbycopy/c07/sound	0		fighter/ganon/kirbycopy/sound
fighter/marth/kirbycopy/c01/sound	0		fighter/marth/kirbycopy/sound
fighter/zelda/kirbycopy/c01/sound	0		fighter/zelda/kirbycopy/sound
fighter/diddy/kirbycopy/c06/sound	0		fighter/diddy/kirbycopy/sound
fighter/gamewatch/kirbycopy/sound	0		-
fighter/luigi/kirbycopy/c06/sound	0		fighter/luigi/kirbycopy/sound
fighter/trail/kirbycopy/c06/sound	0		fighter/trail/kirbycopy/sound
fighter/pfushigisou/kirbycopy/c00	30	464824-464853	-
fighter/peach/kirbycopy/c05/sound	0		fighter/peach/kirbycopy/sound
fighter/element/kirbycopy/c04/cmn	0		fighter/element/kirbycopy/cmn
fighter/nana/kirbycopy/bodymotion	0		-
fighter/pfushigisou/kirbycopy/c04	20	464888-464907	-
fighter/samus/kirbycopy/c07/sound	0		fighter/samus/kirbycopy/sound
fighter/pikachu/kirbycopy/c07/cmn	0		fighter/pikachu/kirbycopy/cmn
fighter/captain/finalsmash/shared	0		-
fighter/pichu/kirbycopy/c06/sound	0		fighter/pichu/kirbycopy/sound
fighter/koopa/kirbycopy/c07/sound	0		fighter/koopa/kirbycopy/sound
fighter/chrom/kirbycopy/c00/sound	0		fighter/chrom/kirbycopy/sound
item/healball/script/animcmd/body	3	464930-464932	-
fighter/pitb/kirbycopy/bodymotion	16	464934-464949	-
fighter/wario/kirbycopy/c06/sound	0		fighter/wario/kirbycopy/sound
fighter/lucario/kirbycopy/c01/cmn	0		fighter/lucario/kirbycopy/cmn
fighter/rosetta/kirbycopy/c01/cmn	0		fighter/rosetta/kirbycopy/cmn
fighter/rockman/kirbycopy/c06/cmn	0		fighter/rockman/kirbycopy/cmn
item/superleaftail/script/animcmd	0		-
fighter/koopajr/kirbycopy/c06/cmn	0		fighter/koopajr/kirbycopy/cmn
fighter/yoshi/kirbycopy/c03/sound	0		fighter/yoshi/kirbycopy/sound
fighter/richter/kirbycopy/c03/cmn	0		fighter/richter/kirbycopy/cmn
fighter/daisy/kirbycopy/c04/sound	0		fighter/daisy/kirbycopy/sound
fighter/gaogaen/kirbycopy/c02/cmn	0		fighter/gaogaen/kirbycopy/cmn
fighter/sheik/kirbycopy/c01/sound	0		fighter/sheik/kirbycopy/sound
fighter/lucas/kirbycopy/c06/sound	0		fighter/lucas/kirbycopy/sound
fighter/robot/kirbycopy/c03/sound	0		fighter/robot/kirbycopy/sound
fighter/sonic/kirbycopy/c07/sound	0		fighter/sonic/kirbycopy/sound
fighter/demon/kirbycopy/c04/sound	0		fighter/demon/kirbycopy/sound
fighter/captain/kirbycopy/c07/cmn	0		fighter/captain/kirbycopy/cmn
fighter/krool/kirbycopy/c05/sound	0		fighter/krool/kirbycopy/sound
item/explosionbomb/script/animcmd	0		-
fighter/wario/kirbycopy/c02/sound	0		fighter/wario/kirbycopy/sound
fighter/lucario/kirbycopy/c05/cmn	0		fighter/lucario/kirbycopy/cmn
fighter/rockman/kirbycopy/c02/cmn	0		fighter/rockman/kirbycopy/cmn
fighter/pfushigisou/kirbycopy/c06	20	465075-465094	-
fighter/rosetta/kirbycopy/c05/cmn	0		fighter/rosetta/kirbycopy/cmn
fighter/pfushigisou/kirbycopy/c02	20	465113-465132	-
item/pacmanorange/motion/body/c00	1	465154	-
fighter/koopa/kirbycopy/c03/sound	0		fighter/koopa/kirbycopy/sound
fighter/chrom/kirbycopy/c04/sound	0		fighter/chrom/kirbycopy/sound
fighter/sheik/kirbycopy/c05/sound	0		fighter/sheik/kirbycopy/sound
fighter/lucas/kirbycopy/c02/sound	0		fighter/lucas/kirbycopy/sound
fighter/captain/kirbycopy/c03/cmn	0		fighter/captain/kirbycopy/cmn
fighter/robot/kirbycopy/c07/sound	0		fighter/robot/kirbycopy/sound
fighter/demon/kirbycopy/c00/sound	0		fighter/demon/kirbycopy/sound
item/dragoonsight/motion/body/c00	2	465185-465186	-
fighter/sonic/kirbycopy/c03/sound	0		fighter/sonic/kirbycopy/sound
fighter/krool/kirbycopy/c01/sound	0		fighter/krool/kirbycopy/sound
fighter/koopajr/kirbycopy/c02/cmn	0		fighter/koopajr/kirbycopy/cmn
fighter/yoshi/kirbycopy/c07/sound	0		fighter/yoshi/kirbycopy/sound
fighter/daisy/kirbycopy/c00/sound	0		fighter/daisy/kirbycopy/sound
fighter/miienemyg/kirbycopy/sound	0		-
fighter/richter/kirbycopy/c07/cmn	0		fighter/richter/kirbycopy/cmn
fighter/gaogaen/kirbycopy/c06/cmn	0		fighter/gaogaen/kirbycopy/cmn
fighter/mario/kirbycopy/c06/sound	0		fighter/mario/kirbycopy/sound
fighter/kamui/kirbycopy/c07/sound	0		fighter/kamui/kirbycopy/sound
fighter/shulk/kirbycopy/c00/sound	0		fighter/shulk/kirbycopy/sound
fighter/falco/kirbycopy/c00/sound	0		fighter/falco/kirbycopy/sound
fighter/cloud/kirbycopy/c02/sound	0		fighter/cloud/kirbycopy/sound
fighter/ganon/kirbycopy/c03/sound	0		fighter/ganon/kirbycopy/sound
fighter/marth/kirbycopy/c05/sound	0		fighter/marth/kirbycopy/sound
item/powblock/script/animcmd/body	3	465244-465246	-
item/teamhealfield/model/body/c00	12	465247-465258	-
fighter/zelda/kirbycopy/c05/sound	0		fighter/zelda/kirbycopy/sound
fighter/buddy/kirbycopy/c03/sound	0		fighter/buddy/kirbycopy/sound
fighter/simon/kirbycopy/c03/sound	0		fighter/simon/kirbycopy/sound
fighter/dolly/kirbycopy/c02/sound	0		fighter/dolly/kirbycopy/sound
fighter/purin/kirbycopy/c07/sound	0		fighter/purin/kirbycopy/sound
fighter/brave/kirbycopy/c06/sound	0		fighter/brave/kirbycopy/sound
fighter/inkling/kirbycopy/c02/cmn	0		fighter/inkling/kirbycopy/cmn
fighter/snake/kirbycopy/c00/sound	0		fighter/snake/kirbycopy/sound
fighter/samus/kirbycopy/c03/sound	0		fighter/samus/kirbycopy/sound
fighter/pikachu/kirbycopy/c03/cmn	0		fighter/pikachu/kirbycopy/cmn
fighter/pichu/kirbycopy/c02/sound	0		fighter/pichu/kirbycopy/sound
fighter/diddy/kirbycopy/c02/sound	0		fighter/diddy/kirbycopy/sound
fighter/jack/kirbycopy/bodymotion	21	465338-465358	-
fighter/luigi/kirbycopy/c02/sound	0		fighter/luigi/kirbycopy/sound
fighter/richter/finalsmash/shared	0		-
fighter/trail/kirbycopy/c02/sound	0		fighter/trail/kirbycopy/sound
fighter/element/kirbycopy/c00/cmn	0		fighter/element/kirbycopy/cmn
item/richterholywater/motion/body	0		-
item/goldenhammer/motion/body/c00	5	465389-465393	-
fighter/peach/kirbycopy/c01/sound	0		fighter/peach/kirbycopy/sound
fighter/cloud/kirbycopy/c01/sound	0		fighter/cloud/kirbycopy/sound
fighter/gaogaen/finalsmash/shared	0		-
fighter/falco/kirbycopy/c03/sound	0		fighter/falco/kirbycopy/sound
fighter/shulk/kirbycopy/c03/sound	0		fighter/shulk/kirbycopy/sound
fighter/kamui/kirbycopy/c04/sound	0		fighter/kamui/kirbycopy/sound
fighter/littlemac/kirbycopy/sound	3	465419-465421	-
fighter/mario/kirbycopy/c05/sound	0		fighter/mario/kirbycopy/sound
fighter/zelda/kirbycopy/c06/sound	0		fighter/zelda/kirbycopy/sound
fighter/marth/kirbycopy/c06/sound	0		fighter/marth/kirbycopy/sound
fighter/ganon/kirbycopy/c00/sound	0		fighter/ganon/kirbycopy/sound
fighter/element/kirbycopy/c01/cmn	0		fighter/element/kirbycopy/cmn
fighter/purin/kirbycopy/c04/sound	0		fighter/purin/kirbycopy/sound
fighter/simon/kirbycopy/c00/sound	0		fighter/simon/kirbycopy/sound
fighter/dolly/kirbycopy/c01/sound	0		fighter/dolly/kirbycopy/sound
fighter/buddy/kirbycopy/c00/sound	0		fighter/buddy/kirbycopy/sound
fighter/snake/kirbycopy/c03/sound	0		fighter/snake/kirbycopy/sound
fighter/brave/kirbycopy/c05/sound	0		fighter/brave/kirbycopy/sound
fighter/pikachu/kirbycopy/c02/cmn	0		fighter/pikachu/kirbycopy/cmn
item/st_shell/script/animcmd/body	3	465536-465538	-
fighter/pichu/kirbycopy/c01/sound	0		fighter/pichu/kirbycopy/sound
fighter/inkling/kirbycopy/c03/cmn	0		fighter/inkling/kirbycopy/cmn
fighter/samus/kirbycopy/c00/sound	0		fighter/samus/kirbycopy/sound
fighter/luigi/kirbycopy/c01/sound	0		fighter/luigi/kirbycopy/sound
item/murabitofruit/model/body/c02	11	465554-465564	-
fighter/diddy/kirbycopy/c01/sound	0		fighter/diddy/kirbycopy/sound
fighter/peach/kirbycopy/c02/sound	0		fighter/peach/kirbycopy/sound
item/younglinkbomb/script/animcmd	0		-
fighter/trail/kirbycopy/c01/sound	0		fighter/trail/kirbycopy/sound
fighter/bayonetta/kirbycopy/sound	0		-
fighter/pzenigame/kirbycopy/sound	3	465618-465620	-
fighter/koopajr/kirbycopy/c03/cmn	0		fighter/koopajr/kirbycopy/cmn
fighter/wario/kirbycopy/c01/sound	0		fighter/wario/kirbycopy/sound
fighter/gaogaen/kirbycopy/c07/cmn	0		fighter/gaogaen/kirbycopy/cmn
item/pokeball/script/animcmd/body	3	465638-465640	-
fighter/richter/kirbycopy/c06/cmn	0		fighter/richter/kirbycopy/cmn
fighter/chrom/kirbycopy/c07/sound	0		fighter/chrom/kirbycopy/sound
fighter/koopa/kirbycopy/c00/sound	0		fighter/koopa/kirbycopy/sound
fighter/captain/kirbycopy/c02/cmn	0		fighter/captain/kirbycopy/cmn
item/snakegrenade/motion/body/c00	1	465727	-
fighter/sonic/kirbycopy/c00/sound	0		fighter/sonic/kirbycopy/sound
fighter/demon/kirbycopy/c03/sound	0		fighter/demon/kirbycopy/sound
item/staffroulette/model/body/c00	12	465808-465819	-
fighter/robot/kirbycopy/c04/sound	0		fighter/robot/kirbycopy/sound
fighter/lucas/kirbycopy/c01/sound	0		fighter/lucas/kirbycopy/sound
fighter/sheik/kirbycopy/c06/sound	0		fighter/sheik/kirbycopy/sound
fighter/krool/kirbycopy/c02/sound	0		fighter/krool/kirbycopy/sound
fighter/yoshi/kirbycopy/c04/sound	0		fighter/yoshi/kirbycopy/sound
fighter/lucario/kirbycopy/c04/cmn	0		fighter/lucario/kirbycopy/cmn
item/linkbomb/script/animcmd/body	3	465848-465850	-
fighter/rosetta/kirbycopy/c04/cmn	0		fighter/rosetta/kirbycopy/cmn
fighter/link/kirbycopy/bodymotion	6	465852-465857	-
fighter/daisy/kirbycopy/c03/sound	0		fighter/daisy/kirbycopy/sound
fighter/rockman/kirbycopy/c03/cmn	0		fighter/rockman/kirbycopy/cmn
fighter/ganon/kirbycopy/c06/sound	0		fighter/ganon/kirbycopy/sound
fighter/marth/kirbycopy/c00/sound	0		fighter/marth/kirbycopy/sound
fighter/zelda/kirbycopy/c00/sound	0		fighter/zelda/kirbycopy/sound
fighter/mario/kirbycopy/c03/sound	0		fighter/mario/kirbycopy/sound
fighter/kamui/kirbycopy/c02/sound	0		fighter/kamui/kirbycopy/sound
fighter/shulk/kirbycopy/c05/sound	0		fighter/shulk/kirbycopy/sound
fighter/falco/kirbycopy/c05/sound	0		fighter/falco/kirbycopy/sound
fighter/cloud/kirbycopy/c07/sound	0		fighter/cloud/kirbycopy/sound
fighter/rosetta/kirbycopy/c06/cmn	0		fighter/rosetta/kirbycopy/cmn
fighter/brave/kirbycopy/c03/sound	0		fighter/brave/kirbycopy/sound
fighter/rockman/kirbycopy/c01/cmn	0		fighter/rockman/kirbycopy/cmn
item/poweresa/script/animcmd/body	3	466066-466068	-
fighter/snake/kirbycopy/c05/sound	0		fighter/snake/kirbycopy/sound
fighter/lucario/kirbycopy/c06/cmn	0		fighter/lucario/kirbycopy/cmn
item/ripstickshot/motion/body/c00	1	466125	-
fighter/simon/kirbycopy/c06/sound	0		fighter/simon/kirbycopy/sound
fighter/dolly/kirbycopy/c07/sound	0		fighter/dolly/kirbycopy/sound
fighter/buddy/kirbycopy/c06/sound	0		fighter/buddy/kirbycopy/sound
fighter/purin/kirbycopy/c02/sound	0		fighter/purin/kirbycopy/sound
fighter/richter/kirbycopy/c04/cmn	0		fighter/richter/kirbycopy/cmn
fighter/gaogaen/kirbycopy/c05/cmn	0		fighter/gaogaen/kirbycopy/cmn
fighter/samus/kirbycopy/c06/sound	0		fighter/samus/kirbycopy/sound
fighter/pichu/kirbycopy/c07/sound	0		fighter/pichu/kirbycopy/sound
fighter/koopajr/kirbycopy/c01/cmn	0		fighter/koopajr/kirbycopy/cmn
fighter/trail/kirbycopy/c07/sound	0		fighter/trail/kirbycopy/sound
item/younglinkbomb/model/body/c00	11	466193-466203	-
fighter/peach/kirbycopy/c04/sound	0		fighter/peach/kirbycopy/sound
fighter/diddy/kirbycopy/c07/sound	0		fighter/diddy/kirbycopy/sound
fighter/luigi/kirbycopy/c07/sound	0		fighter/luigi/kirbycopy/sound
fighter/captain/kirbycopy/c00/cmn	0		fighter/captain/kirbycopy/cmn
fighter/inkling/kirbycopy/c01/cmn	0		fighter/inkling/kirbycopy/cmn
fighter/wario/kirbycopy/c07/sound	0		fighter/wario/kirbycopy/sound
item/walkmush/script/animcmd/body	3	466309-466311	-
item/magicpotwind/motion/body/c00	1	466334	-
fighter/chrom/kirbycopy/c01/sound	0		fighter/chrom/kirbycopy/sound
fighter/koopa/kirbycopy/c06/sound	0		fighter/koopa/kirbycopy/sound
fighter/krool/kirbycopy/c04/sound	0		fighter/krool/kirbycopy/sound
item/warpstar/script/animcmd/body	3	466385-466387	-
fighter/element/kirbycopy/c03/cmn	0		fighter/element/kirbycopy/cmn
item/staffroulette/script/animcmd	0		-
fighter/lucas/kirbycopy/c07/sound	0		fighter/lucas/kirbycopy/sound
fighter/sheik/kirbycopy/c00/sound	0		fighter/sheik/kirbycopy/sound
fighter/robot/kirbycopy/c02/sound	0		fighter/robot/kirbycopy/sound
fighter/demon/kirbycopy/c05/sound	0		fighter/demon/kirbycopy/sound
fighter/sonic/kirbycopy/c06/sound	0		fighter/sonic/kirbycopy/sound
item/murabitofruit/model/body/c03	11	466392-466402	-
fighter/daisy/kirbycopy/c05/sound	0		fighter/daisy/kirbycopy/sound
fighter/pikachu/kirbycopy/c00/cmn	0		fighter/pikachu/kirbycopy/cmn
fighter/yoshi/kirbycopy/c02/sound	0		fighter/yoshi/kirbycopy/sound
fighter/pikachu/kirbycopy/c01/cmn	0		fighter/pikachu/kirbycopy/cmn
item/pickelobject/motion/body/c00	3	466458-466460	-
fighter/wario/kirbycopy/c04/sound	0		fighter/wario/kirbycopy/sound
fighter/element/kirbycopy/c02/cmn	0		fighter/element/kirbycopy/cmn
fighter/koopa/kirbycopy/c05/sound	0		fighter/koopa/kirbycopy/sound
fighter/chrom/kirbycopy/c02/sound	0		fighter/chrom/kirbycopy/sound
fighter/pfushigisou/kirbycopy/cmn	10	464844-464853	-
fighter/krool/kirbycopy/c07/sound	0		fighter/krool/kirbycopy/sound
fighter/miienemys/kirbycopy/sound	0		-
fighter/sonic/kirbycopy/c05/sound	0		fighter/sonic/kirbycopy/sound
fighter/demon/kirbycopy/c06/sound	0		fighter/demon/kirbycopy/sound
fighter/plizardon/kirbycopy/sound	0		-
fighter/robot/kirbycopy/c01/sound	0		fighter/robot/kirbycopy/sound
fighter/sheik/kirbycopy/c03/sound	0		fighter/sheik/kirbycopy/sound
fighter/lucas/kirbycopy/c04/sound	0		fighter/lucas/kirbycopy/sound
fighter/younglink/kirbycopy/sound	0		-
item/st_apple/script/animcmd/body	3	466560-466562	-
fighter/daisy/kirbycopy/c06/sound	0		fighter/daisy/kirbycopy/sound
fighter/inkling/kirbycopy/c00/cmn	0		fighter/inkling/kirbycopy/cmn
fighter/yoshi/kirbycopy/c01/sound	0		fighter/yoshi/kirbycopy/sound
fighter/zelda/kirbycopy/c03/sound	0		fighter/zelda/kirbycopy/sound
fighter/marth/kirbycopy/c03/sound	0		fighter/marth/kirbycopy/sound
fighter/szerosuit/kirbycopy/sound	0		-
fighter/ganon/kirbycopy/c05/sound	0		fighter/ganon/kirbycopy/sound
item/teamhealfield/script/animcmd	0		-
fighter/cloud/kirbycopy/c04/sound	0		fighter/cloud/kirbycopy/sound
fighter/captain/kirbycopy/c01/cmn	0		fighter/captain/kirbycopy/cmn
fighter/falco/kirbycopy/c06/sound	0		fighter/falco/kirbycopy/sound
fighter/shulk/kirbycopy/c06/sound	0		fighter/shulk/kirbycopy/sound
fighter/kamui/kirbycopy/c01/sound	0		fighter/kamui/kirbycopy/sound
fighter/pfushigisou/kirbycopy/c03	20	466576-466595	-
fighter/mario/kirbycopy/c00/sound	0		fighter/mario/kirbycopy/sound
fighter/snake/kirbycopy/c06/sound	0		fighter/snake/kirbycopy/sound
fighter/pfushigisou/kirbycopy/c07	20	466616-466635	-
fighter/miigunner/kirbycopy/sound	3	466654-466656	-
fighter/brave/kirbycopy/c00/sound	0		fighter/brave/kirbycopy/sound
fighter/gaogaen/kirbycopy/c04/cmn	0		fighter/gaogaen/kirbycopy/cmn
fighter/richter/kirbycopy/c05/cmn	0		fighter/richter/kirbycopy/cmn
fighter/koopajr/kirbycopy/c00/cmn	0		fighter/koopajr/kirbycopy/cmn
fighter/purin/kirbycopy/c01/sound	0		fighter/purin/kirbycopy/sound
fighter/buddy/kirbycopy/c05/sound	0		fighter/buddy/kirbycopy/sound
fighter/simon/kirbycopy/c05/sound	0		fighter/simon/kirbycopy/sound
fighter/dolly/kirbycopy/c04/sound	0		fighter/dolly/kirbycopy/sound
fighter/rockman/kirbycopy/c00/cmn	0		fighter/rockman/kirbycopy/cmn
fighter/pichu/kirbycopy/c04/sound	0		fighter/pichu/kirbycopy/sound
fighter/samus/kirbycopy/c05/sound	0		fighter/samus/kirbycopy/sound
fighter/rosetta/kirbycopy/c07/cmn	0		fighter/rosetta/kirbycopy/cmn
fighter/lucario/kirbycopy/c07/cmn	0		fighter/lucario/kirbycopy/cmn
fighter/peach/kirbycopy/c07/sound	0		fighter/peach/kirbycopy/sound
fighter/trail/kirbycopy/c04/sound	0		fighter/trail/kirbycopy/sound
item/st_fruit/script/animcmd/body	3	466767-466769	-
fighter/luigi/kirbycopy/c04/sound	0		fighter/luigi/kirbycopy/sound
fighter/diddy/kirbycopy/c04/sound	0		fighter/diddy/kirbycopy/sound
fighter/reflet/kirbycopy/c05/sound	0		fighter/reflet/kirbycopy/sound
fighter/ridley/kirbycopy/c04/sound	0		fighter/ridley/kirbycopy/sound
fighter/wolf/finalsmash/shared/lut	1	466793	-
item/staffrouletteshot/motion/body	0		-
fighter/packun/kirbycopy/c00/sound	0		fighter/packun/kirbycopy/sound
fighter/pickel/kirbycopy/c06/sound	0		fighter/pickel/kirbycopy/sound
fighter/tantan/kirbycopy/c02/sound	0		fighter/tantan/kirbycopy/sound
fighter/wiifit/kirbycopy/c01/sound	0		fighter/wiifit/kirbycopy/sound
fighter/duckhunt/kirbycopy/c04/cmn	0		fighter/duckhunt/kirbycopy/cmn
fighter/gekkouga/kirbycopy/c01/cmn	0		fighter/gekkouga/kirbycopy/cmn
fighter/murabito/kirbycopy/c07/cmn	0		fighter/murabito/kirbycopy/cmn
fighter/samusd/kirbycopy/c07/sound	0		fighter/samusd/kirbycopy/sound
fighter/elight/kirbycopy/c07/sound	0		fighter/elight/kirbycopy/sound
fighter/lucina/kirbycopy/c04/sound	0		fighter/lucina/kirbycopy/sound
fighter/jack/finalsmash/shared/lut	1	467032	-
fighter/pikmin/kirbycopy/c05/sound	0		fighter/pikmin/kirbycopy/sound
fighter/koopag/kirbycopy/c07/sound	0		fighter/koopag/kirbycopy/sound
fighter/palutena/kirbycopy/c04/cmn	0		fighter/palutena/kirbycopy/cmn
fighter/purin/kirbycopy/bodymotion	11	467224-467234	-
fighter/shizue/kirbycopy/c01/sound	0		fighter/shizue/kirbycopy/sound
fighter/donkey/kirbycopy/c06/sound	0		fighter/donkey/kirbycopy/sound
fighter/dedede/kirbycopy/c05/sound	0		fighter/dedede/kirbycopy/sound
fighter/toonlink/kirbycopy/c04/cmn	0		fighter/toonlink/kirbycopy/cmn
fighter/mewtwo/kirbycopy/c00/sound	0		fighter/mewtwo/kirbycopy/sound
item/fireflowershot/script/animcmd	0		-
item/smashbombheavy/script/animcmd	0		-
fighter/pacman/kirbycopy/c00/sound	0		fighter/pacman/kirbycopy/sound
fighter/mariod/kirbycopy/c07/sound	0		fighter/mariod/kirbycopy/sound
fighter/master/kirbycopy/c04/sound	0		fighter/master/kirbycopy/sound
fighter/eflame/kirbycopy/c04/sound	0		fighter/eflame/kirbycopy/sound
fighter/simon/kirbycopy/bodymotion	2	467736-467737	-
fighter/shizue/kirbycopy/c02/sound	0		fighter/shizue/kirbycopy/sound
item/ripstickflower/script/animcmd	0		-
fighter/donkey/kirbycopy/c05/sound	0		fighter/donkey/kirbycopy/sound
fighter/miiswordsman/kirbycopy/cmn	2	467930-467931	-
fighter/dedede/kirbycopy/c06/sound	0		fighter/dedede/kirbycopy/sound
fighter/pacman/kirbycopy/c03/sound	0		fighter/pacman/kirbycopy/sound
fighter/mewtwo/kirbycopy/c03/sound	0		fighter/mewtwo/kirbycopy/sound
fighter/master/kirbycopy/c07/sound	0		fighter/master/kirbycopy/sound
fighter/mariod/kirbycopy/c04/sound	0		fighter/mariod/kirbycopy/sound
fighter/toonlink/kirbycopy/c05/cmn	0		fighter/toonlink/kirbycopy/cmn
fighter/shulk/kirbycopy/bodymotion	16	468193-468208	-
fighter/eflame/kirbycopy/c07/sound	0		fighter/eflame/kirbycopy/sound
item/smashballheavy/script/animcmd	0		-
fighter/packun/kirbycopy/c03/sound	0		fighter/packun/kirbycopy/sound
fighter/ridley/kirbycopy/c07/sound	0		fighter/ridley/kirbycopy/sound
fighter/reflet/kirbycopy/c06/sound	0		fighter/reflet/kirbycopy/sound
fighter/pickel/kirbycopy/c05/sound	0		fighter/pickel/kirbycopy/sound
item/walkmushflower/script/animcmd	0		-
fighter/sonic/kirbycopy/bodymotion	7	468392-468398	-
fighter/palutena/kirbycopy/c05/cmn	0		fighter/palutena/kirbycopy/cmn
fighter/wiifit/kirbycopy/c02/sound	0		fighter/wiifit/kirbycopy/sound
fighter/duckhunt/kirbycopy/c05/cmn	0		fighter/duckhunt/kirbycopy/cmn
fighter/gekkouga/kirbycopy/c00/cmn	0		fighter/gekkouga/kirbycopy/cmn
item/bananagunshot/motion/body/c00	1	468420	-
fighter/buddy/kirbycopy/bodymotion	18	468421-468438	-
fighter/tantan/kirbycopy/c01/sound	0		fighter/tantan/kirbycopy/sound
fighter/murabito/kirbycopy/c06/cmn	0		fighter/murabito/kirbycopy/cmn
fighter/miiswordsman/kirbycopy/c07	27	450996-451009,468493-468505	-
item/magicball/script/animcmd/body	3	468556-468558	-
fighter/lucina/kirbycopy/c07/sound	0		fighter/lucina/kirbycopy/sound
fighter/elight/kirbycopy/c04/sound	0		fighter/elight/kirbycopy/sound
fighter/samusd/kirbycopy/c04/sound	0		fighter/samusd/kirbycopy/sound
fighter/yoshi/kirbycopy/bodymotion	4	468578-468581	-
fighter/dolly/kirbycopy/bodymotion	2	468585-468586	-
fighter/koopag/kirbycopy/c04/sound	0		fighter/koopag/kirbycopy/sound
fighter/pikmin/kirbycopy/c06/sound	0		fighter/pikmin/kirbycopy/sound
item/staffroulette/motion/body/c00	1	468693	-
fighter/miiswordsman/kirbycopy/c03	27	450911-450924,468694-468706	-
item/machstamp/script/animcmd/body	3	468719-468721	-
fighter/shizue/kirbycopy/c04/sound	0		fighter/shizue/kirbycopy/sound
fighter/kamui/kirbycopy/bodymotion	10	468775-468784	-
item/crossbomb/script/animcmd/body	3	468803-468805	-
fighter/donkey/kirbycopy/c03/sound	0		fighter/donkey/kirbycopy/sound
fighter/dedede/kirbycopy/c00/sound	0		fighter/dedede/kirbycopy/sound
item/ripstickflower/model/body/c00	11	468822-468832	-
fighter/miiswordsman/kirbycopy/c02	27	452513-452526,468877-468889	-
fighter/cloud/kirbycopy/bodymotion	2	468890-468891	-
fighter/mariod/kirbycopy/c02/sound	0		fighter/mariod/kirbycopy/sound
fighter/master/kirbycopy/c01/sound	0		fighter/master/kirbycopy/sound
fighter/palutena/kirbycopy/c07/cmn	0		fighter/palutena/kirbycopy/cmn
fighter/mewtwo/kirbycopy/c05/sound	0		fighter/mewtwo/kirbycopy/sound
fighter/pacman/kirbycopy/c05/sound	0		fighter/pacman/kirbycopy/sound
fighter/murabito/kirbycopy/c04/cmn	0		fighter/murabito/kirbycopy/cmn
fighter/eflame/kirbycopy/c01/sound	0		fighter/eflame/kirbycopy/sound
fighter/robot/kirbycopy/bodymotion	2	469082-469083	-
fighter/miiswordsman/kirbycopy/c06	27	452421-452434,469084-469096	-
fighter/gekkouga/kirbycopy/c02/cmn	0		fighter/gekkouga/kirbycopy/cmn
fighter/duckhunt/kirbycopy/c07/cmn	0		fighter/duckhunt/kirbycopy/cmn
fighter/zelda/kirbycopy/bodymotion	2	469133-469134	-
item/walkmushflower/model/body/c00	11	469135-469145	-
fighter/toonlink/kirbycopy/c07/cmn	0		fighter/toonlink/kirbycopy/cmn
fighter/pickel/kirbycopy/c03/sound	0		fighter/pickel/kirbycopy/sound
fighter/ridley/kirbycopy/c01/sound	0		fighter/ridley/kirbycopy/sound
fighter/reflet/kirbycopy/c00/sound	0		fighter/reflet/kirbycopy/sound
fighter/packun/kirbycopy/c05/sound	0		fighter/packun/kirbycopy/sound
fighter/tantan/kirbycopy/c07/sound	0		fighter/tantan/kirbycopy/sound
item/killereye/script/animcmd/body	3	469240-469242	-
fighter/wiifit/kirbycopy/c04/sound	0		fighter/wiifit/kirbycopy/sound
fighter/krool/kirbycopy/bodymotion	16	469324-469339	-
fighter/samusd/kirbycopy/c02/sound	0		fighter/samusd/kirbycopy/sound
fighter/lucina/kirbycopy/c01/sound	0		fighter/lucina/kirbycopy/sound
fighter/elight/kirbycopy/c02/sound	0		fighter/elight/kirbycopy/sound
item/linkarrow/script/animcmd/body	3	469379-469381	-
fighter/edge/finalsmash/shared/lut	1	469415	-
fighter/duckhunt/finalsmash/shared	0		-
fighter/pikmin/kirbycopy/c00/sound	0		fighter/pikmin/kirbycopy/sound
fighter/koopag/kirbycopy/c02/sound	0		fighter/koopag/kirbycopy/sound
fighter/pickel/kirbycopy/c00/sound	0		fighter/pickel/kirbycopy/sound
fighter/lucas/kirbycopy/bodymotion	8	469612-469619	-
fighter/packun/kirbycopy/c06/sound	0		fighter/packun/kirbycopy/sound
item/sandbaghr/script/animcmd/body	3	469692-469694	-
fighter/reflet/kirbycopy/c03/sound	0		fighter/reflet/kirbycopy/sound
fighter/ridley/kirbycopy/c02/sound	0		fighter/ridley/kirbycopy/sound
fighter/wiifit/kirbycopy/c07/sound	0		fighter/wiifit/kirbycopy/sound
fighter/tantan/kirbycopy/c04/sound	0		fighter/tantan/kirbycopy/sound
fighter/elight/kirbycopy/c01/sound	0		fighter/elight/kirbycopy/sound
fighter/lucina/kirbycopy/c02/sound	0		fighter/lucina/kirbycopy/sound
fighter/samusd/kirbycopy/c01/sound	0		fighter/samusd/kirbycopy/sound
fighter/marth/kirbycopy/bodymotion	10	469975-469984	-
fighter/toonlink/kirbycopy/c06/cmn	0		fighter/toonlink/kirbycopy/cmn
fighter/koopag/kirbycopy/c01/sound	0		fighter/koopag/kirbycopy/sound
fighter/pikmin/kirbycopy/c03/sound	0		fighter/pikmin/kirbycopy/sound
fighter/shizue/kirbycopy/c07/sound	0		fighter/shizue/kirbycopy/sound
fighter/miifighter/kirbycopy/sound	3	470176-470178	-
fighter/murabito/kirbycopy/c05/cmn	0		fighter/murabito/kirbycopy/cmn
fighter/gekkouga/kirbycopy/c03/cmn	0		fighter/gekkouga/kirbycopy/cmn
fighter/duckhunt/kirbycopy/c06/cmn	0		fighter/duckhunt/kirbycopy/cmn
fighter/palutena/kirbycopy/c06/cmn	0		fighter/palutena/kirbycopy/cmn
fighter/donkey/kirbycopy/c00/sound	0		fighter/donkey/kirbycopy/sound
fighter/dedede/kirbycopy/c03/sound	0		fighter/dedede/kirbycopy/sound
fighter/master/kirbycopy/c02/sound	0		fighter/master/kirbycopy/sound
fighter/mariod/kirbycopy/c01/sound	0		fighter/mariod/kirbycopy/sound
fighter/pacman/kirbycopy/c06/sound	0		fighter/pacman/kirbycopy/sound
fighter/mewtwo/kirbycopy/c06/sound	0		fighter/mewtwo/kirbycopy/sound
fighter/wario/kirbycopy/bodymotion	17	470409-470425	-
fighter/eflame/kirbycopy/c02/sound	0		fighter/eflame/kirbycopy/sound
item/killsword/script/animcmd/body	3	470447-470449	-
fighter/metaknight/kirbycopy/sound	0		-
fighter/palutena/kirbycopy/c02/cmn	0		fighter/palutena/kirbycopy/cmn
fighter/dedede/kirbycopy/c07/sound	0		fighter/dedede/kirbycopy/sound
fighter/donkey/kirbycopy/c04/sound	0		fighter/donkey/kirbycopy/sound
fighter/murabito/kirbycopy/c01/cmn	0		fighter/murabito/kirbycopy/cmn
fighter/shizue/kirbycopy/c03/sound	0		fighter/shizue/kirbycopy/sound
fighter/samus/kirbycopy/bodymotion	11	470701-470711	-
fighter/diddy/kirbycopy/bodymotion	10	470734-470743	-
item/smartbomb/script/animcmd/body	3	470775-470777	-
fighter/gekkouga/kirbycopy/c07/cmn	0		fighter/gekkouga/kirbycopy/cmn
fighter/duckhunt/kirbycopy/c02/cmn	0		fighter/duckhunt/kirbycopy/cmn
item/revengeshooter/model/body/c00	12	470876-470887	-
fighter/eflame/kirbycopy/c06/sound	0		fighter/eflame/kirbycopy/sound
fighter/master/kirbycopy/c06/sound	0		fighter/master/kirbycopy/sound
item/wariobike/script/animcmd/body	3	470958-470960	-
item/drillshot/script/animcmd/body	3	471011-471013	-
fighter/mariod/kirbycopy/c05/sound	0		fighter/mariod/kirbycopy/sound
fighter/pacman/kirbycopy/c02/sound	0		fighter/pacman/kirbycopy/sound
item/superscopeshot/script/animcmd	0		-
fighter/mewtwo/kirbycopy/c02/sound	0		fighter/mewtwo/kirbycopy/sound
item/superleaftail/motion/body/c00	3	471070-471072	-
item/younglinkbomb/motion/body/c00	2	471118-471119	-
item/curryshot/script/animcmd/body	3	471120-471122	-
fighter/wiifit/kirbycopy/c03/sound	0		fighter/wiifit/kirbycopy/sound
item/beamsword/script/animcmd/body	3	471140-471142	-
fighter/tantan/kirbycopy/c00/sound	0		fighter/tantan/kirbycopy/sound
fighter/mario/kirbycopy/bodymotion	2	471164-471165	-
fighter/pickel/kirbycopy/c04/sound	0		fighter/pickel/kirbycopy/sound
fighter/packun/kirbycopy/c02/sound	0		fighter/packun/kirbycopy/sound
fighter/reflet/kirbycopy/c07/sound	0		fighter/reflet/kirbycopy/sound
fighter/ridley/kirbycopy/c06/sound	0		fighter/ridley/kirbycopy/sound
item/honeycomb/script/animcmd/body	3	471254-471256	-
fighter/toonlink/kirbycopy/c02/cmn	0		fighter/toonlink/kirbycopy/cmn
fighter/koopag/kirbycopy/c05/sound	0		fighter/koopag/kirbycopy/sound
fighter/pikmin/kirbycopy/c07/sound	0		fighter/pikmin/kirbycopy/sound
fighter/samusd/kirbycopy/c05/sound	0		fighter/samusd/kirbycopy/sound
fighter/elight/kirbycopy/c05/sound	0		fighter/elight/kirbycopy/sound
fighter/lucina/kirbycopy/c06/sound	0		fighter/lucina/kirbycopy/sound
item/buddybomb/script/animcmd/body	3	471306-471308	-
item/superstar/script/animcmd/body	3	471349-471351	-
fighter/miiswordsman/kirbycopy/c04	27	455076-455089,471430-471442	-
item/steeldivershot/script/animcmd	0		-
fighter/tantan/kirbycopy/c03/sound	0		fighter/tantan/kirbycopy/sound
fighter/wiifit/kirbycopy/c00/sound	0		fighter/wiifit/kirbycopy/sound
fighter/toonlink/kirbycopy/c03/cmn	0		fighter/toonlink/kirbycopy/cmn
fighter/pickel/kirbycopy/c07/sound	0		fighter/pickel/kirbycopy/sound
fighter/ridley/kirbycopy/c05/sound	0		fighter/ridley/kirbycopy/sound
fighter/miiswordsman/kirbycopy/c00	27	454926-454939,471482-471494	-
fighter/reflet/kirbycopy/c04/sound	0		fighter/reflet/kirbycopy/sound
fighter/packun/kirbycopy/c01/sound	0		fighter/packun/kirbycopy/sound
item/simonholywater/script/animcmd	0		-
fighter/pikmin/kirbycopy/c04/sound	0		fighter/pikmin/kirbycopy/sound
fighter/koopag/kirbycopy/c06/sound	0		fighter/koopag/kirbycopy/sound
fighter/lucina/kirbycopy/c05/sound	0		fighter/lucina/kirbycopy/sound
fighter/elight/kirbycopy/c06/sound	0		fighter/elight/kirbycopy/sound
fighter/samusd/kirbycopy/c06/sound	0		fighter/samusd/kirbycopy/sound
item/murabitofruit/motion/body/c00	1	471649	-
fighter/dedede/kirbycopy/c04/sound	0		fighter/dedede/kirbycopy/sound
fighter/donkey/kirbycopy/c07/sound	0		fighter/donkey/kirbycopy/sound
fighter/brave/kirbycopy/bodymotion	12	471762-471773	-
fighter/chrom/kirbycopy/bodymotion	8	471781-471788	-
fighter/shizue/kirbycopy/c00/sound	0		fighter/shizue/kirbycopy/sound
fighter/murabito/kirbycopy/c00/cmn	0		fighter/murabito/kirbycopy/cmn
fighter/gekkouga/kirbycopy/c06/cmn	0		fighter/gekkouga/kirbycopy/cmn
fighter/duckhunt/kirbycopy/c03/cmn	0		fighter/duckhunt/kirbycopy/cmn
fighter/luigi/kirbycopy/bodymotion	2	471949-471950	-
fighter/eflame/kirbycopy/c05/sound	0		fighter/eflame/kirbycopy/sound
fighter/demon/kirbycopy/bodymotion	8	471951-471958	-
item/bananagun/script/animcmd/body	3	471959-471961	-
fighter/mariod/kirbycopy/c06/sound	0		fighter/mariod/kirbycopy/sound
fighter/palutena/kirbycopy/c03/cmn	0		fighter/palutena/kirbycopy/cmn
item/blackball/script/animcmd/body	3	471982-471984	-
fighter/master/kirbycopy/c05/sound	0		fighter/master/kirbycopy/sound
fighter/mewtwo/kirbycopy/c01/sound	0		fighter/mewtwo/kirbycopy/sound
item/robotgyro/script/animcmd/body	3	472070-472072	-
fighter/pacman/kirbycopy/c01/sound	0		fighter/pacman/kirbycopy/sound
fighter/wiifit/kirbycopy/c06/sound	0		fighter/wiifit/kirbycopy/sound
fighter/duckhunt/kirbycopy/c01/cmn	0		fighter/duckhunt/kirbycopy/cmn
fighter/gekkouga/kirbycopy/c04/cmn	0		fighter/gekkouga/kirbycopy/cmn
item/steeldivershot/model/body/c00	11	472134-472144	-
fighter/tantan/kirbycopy/c05/sound	0		fighter/tantan/kirbycopy/sound
item/superleaf/script/animcmd/body	3	472193-472195	-
item/staffshot/script/animcmd/body	3	472226-472228	-
item/explosionbomb/motion/body/c00	1	472229	-
fighter/falco/kirbycopy/bodymotion	6	472230-472235	-
item/pacmankey/script/animcmd/body	3	472236-472238	-
fighter/murabito/kirbycopy/c02/cmn	0		fighter/murabito/kirbycopy/cmn
fighter/packun/kirbycopy/c07/sound	0		fighter/packun/kirbycopy/sound
fighter/ridley/kirbycopy/c03/sound	0		fighter/ridley/kirbycopy/sound
fighter/reflet/kirbycopy/c02/sound	0		fighter/reflet/kirbycopy/sound
fighter/pickel/kirbycopy/c01/sound	0		fighter/pickel/kirbycopy/sound
fighter/palutena/kirbycopy/c01/cmn	0		fighter/palutena/kirbycopy/cmn
item/smashball/script/animcmd/body	3	472362-472364	-
fighter/koopag/kirbycopy/c00/sound	0		fighter/koopag/kirbycopy/sound
item/simonholywater/model/body/c00	15	472367-472381	-
fighter/pikmin/kirbycopy/c02/sound	0		fighter/pikmin/kirbycopy/sound
fighter/samusd/kirbycopy/c00/sound	0		fighter/samusd/kirbycopy/sound
fighter/lucina/kirbycopy/c03/sound	0		fighter/lucina/kirbycopy/sound
fighter/elight/kirbycopy/c00/sound	0		fighter/elight/kirbycopy/sound
fighter/sheik/kirbycopy/bodymotion	10	472589-472598	-
fighter/miiswordsman/kirbycopy/c01	27	455332-455345,472683-472695	-
fighter/pichu/kirbycopy/bodymotion	2	472696-472697	-
fighter/dedede/kirbycopy/c02/sound	0		fighter/dedede/kirbycopy/sound
fighter/donkey/kirbycopy/c01/sound	0		fighter/donkey/kirbycopy/sound
fighter/miiswordsman/kirbycopy/c05	27	455165-455178,472755-472767	-
fighter/shizue/kirbycopy/c06/sound	0		fighter/shizue/kirbycopy/sound
item/killereyeshot/motion/body/c00	1	472812	-
fighter/eflame/kirbycopy/c03/sound	0		fighter/eflame/kirbycopy/sound
fighter/pacman/kirbycopy/c07/sound	0		fighter/pacman/kirbycopy/sound
fighter/mewtwo/kirbycopy/c07/sound	0		fighter/mewtwo/kirbycopy/sound
fighter/toonlink/kirbycopy/c01/cmn	0		fighter/toonlink/kirbycopy/cmn
fighter/master/kirbycopy/c03/sound	0		fighter/master/kirbycopy/sound
item/snakecbox/script/animcmd/body	3	472926-472928	-
fighter/mariod/kirbycopy/c00/sound	0		fighter/mariod/kirbycopy/sound
fighter/dedede/kirbycopy/c01/sound	0		fighter/dedede/kirbycopy/sound
fighter/donkey/kirbycopy/c02/sound	0		fighter/donkey/kirbycopy/sound
item/boomerang/script/animcmd/body	3	472947-472949	-
fighter/toonlink/kirbycopy/c00/cmn	0		fighter/toonlink/kirbycopy/cmn
fighter/daisy/kirbycopy/bodymotion	6	473013-473018	-
fighter/shizue/kirbycopy/c05/sound	0		fighter/shizue/kirbycopy/sound
fighter/eflame/kirbycopy/c00/sound	0		fighter/eflame/kirbycopy/sound
fighter/ganon/kirbycopy/bodymotion	4	473180-473183	-
item/powderbox/script/animcmd/body	3	473184-473186	-
fighter/snake/kirbycopy/bodymotion	12	473187-473198	-
item/revengeshooter/script/animcmd	0		-
fighter/mewtwo/kirbycopy/c04/sound	0		fighter/mewtwo/kirbycopy/sound
fighter/pacman/kirbycopy/c04/sound	0		fighter/pacman/kirbycopy/sound
fighter/mariod/kirbycopy/c03/sound	0		fighter/mariod/kirbycopy/sound
item/smashbomb/script/animcmd/body	3	473230-473232	-
fighter/master/kirbycopy/c00/sound	0		fighter/master/kirbycopy/sound
fighter/tantan/kirbycopy/c06/sound	0		fighter/tantan/kirbycopy/sound
fighter/wiifit/kirbycopy/c05/sound	0		fighter/wiifit/kirbycopy/sound
fighter/peach/kirbycopy/bodymotion	6	473317-473322	-
fighter/reflet/kirbycopy/c01/sound	0		fighter/reflet/kirbycopy/sound
fighter/ridley/kirbycopy/c00/sound	0		fighter/ridley/kirbycopy/sound
fighter/packun/kirbycopy/c04/sound	0		fighter/packun/kirbycopy/sound
fighter/pickel/kirbycopy/c02/sound	0		fighter/pickel/kirbycopy/sound
fighter/koopa/kirbycopy/bodymotion	6	473558-473563	-
fighter/pikmin/kirbycopy/c01/sound	0		fighter/pikmin/kirbycopy/sound
fighter/koopag/kirbycopy/c03/sound	0		fighter/koopag/kirbycopy/sound
item/teamhealfield/motion/body/c00	4	473670-473673	-
fighter/palutena/kirbycopy/c00/cmn	0		fighter/palutena/kirbycopy/cmn
fighter/duckhunt/kirbycopy/c00/cmn	0		fighter/duckhunt/kirbycopy/cmn
fighter/gekkouga/kirbycopy/c05/cmn	0		fighter/gekkouga/kirbycopy/cmn
fighter/murabito/kirbycopy/c03/cmn	0		fighter/murabito/kirbycopy/cmn
fighter/elight/kirbycopy/c03/sound	0		fighter/elight/kirbycopy/sound
fighter/lucina/kirbycopy/c00/sound	0		fighter/lucina/kirbycopy/sound
fighter/samusd/kirbycopy/c03/sound	0		fighter/samusd/kirbycopy/sound
fighter/trail/kirbycopy/bodymotion	12	473807-473818	-
fighter/younglink/kirbycopy/c05/cmn	0		fighter/younglink/kirbycopy/cmn
fighter/littlemac/kirbycopy/c05/cmn	0		fighter/littlemac/kirbycopy/cmn
item/rocketbelt/script/animcmd/body	3	473987-473989	-
fighter/captain/kirbycopy/c07/sound	0		fighter/captain/kirbycopy/sound
fighter/gamewatch/kirbycopy/c02/cmn	0		fighter/gamewatch/kirbycopy/cmn
fighter/miienemys/kirbycopy/c04/cmn	0		fighter/miienemys/kirbycopy/cmn
fighter/inkling/kirbycopy/c06/sound	0		fighter/inkling/kirbycopy/sound
fighter/kamui/finalsmash/shared/lut	1	474067	-
fighter/richter/kirbycopy/c00/sound	0		fighter/richter/kirbycopy/sound
fighter/plizardon/kirbycopy/c02/cmn	0		fighter/plizardon/kirbycopy/cmn
item/steeldivershot/motion/body/c00	1	474141	-
fighter/miienemyg/kirbycopy/c00/cmn	0		fighter/miienemyg/kirbycopy/cmn
fighter/wiifit/kirbycopy/bodymotion	9	474220-474228	-
fighter/koopajr/kirbycopy/c04/sound	0		fighter/koopajr/kirbycopy/sound
fighter/bayonetta/kirbycopy/c05/cmn	0		fighter/bayonetta/kirbycopy/cmn
fighter/rockman/kirbycopy/c07/sound	0		fighter/rockman/kirbycopy/sound
fighter/miienemyf/kirbycopy/c05/cmn	0		fighter/miienemyf/kirbycopy/cmn
fighter/pikachu/kirbycopy/c05/sound	0		fighter/pikachu/kirbycopy/sound
fighter/pzenigame/kirbycopy/c01/cmn	0		fighter/pzenigame/kirbycopy/cmn
item/kroolcrown/script/animcmd/body	3	474447-474449	-
fighter/lucario/kirbycopy/c05/sound	0		fighter/lucario/kirbycopy/sound
fighter/element/kirbycopy/c03/sound	0		fighter/element/kirbycopy/sound
item/metalblade/script/animcmd/body	3	474508-474510	-
fighter/szerosuit/kirbycopy/c06/cmn	0		fighter/szerosuit/kirbycopy/cmn
fighter/gaogaen/kirbycopy/c07/sound	0		fighter/gaogaen/kirbycopy/sound
item/carrierbox/script/animcmd/body	3	474642-474644	-
fighter/rosetta/kirbycopy/c07/sound	0		fighter/rosetta/kirbycopy/sound
fighter/rockman/kirbycopy/c04/sound	0		fighter/rockman/kirbycopy/sound
fighter/krool/finalsmash/shared/lut	1	474867	-
fighter/pikachu/kirbycopy/c06/sound	0		fighter/pikachu/kirbycopy/sound
fighter/szerosuit/kirbycopy/c07/cmn	0		fighter/szerosuit/kirbycopy/cmn
fighter/element/kirbycopy/c00/sound	0		fighter/element/kirbycopy/sound
fighter/lucario/kirbycopy/c06/sound	0		fighter/lucario/kirbycopy/sound
item/st_yamabuki_egg/model/body/c00	9	475098-475106	-
fighter/pzenigame/kirbycopy/c00/cmn	0		fighter/pzenigame/kirbycopy/cmn
fighter/miienemyf/kirbycopy/c04/cmn	0		fighter/miienemyf/kirbycopy/cmn
fighter/gaogaen/kirbycopy/c04/sound	0		fighter/gaogaen/kirbycopy/sound
item/killertransform/model/body/c00	14	475216-475229	-
item/st_usa_egg/script/animcmd/body	3	475321-475323	-
fighter/master/kirbycopy/bodymotion	11	475359-475369	-
fighter/rosetta/kirbycopy/c04/sound	0		fighter/rosetta/kirbycopy/sound
item/wariobikeb/script/animcmd/body	3	475390-475392	-
fighter/bayonetta/kirbycopy/c04/cmn	0		fighter/bayonetta/kirbycopy/cmn
fighter/captain/kirbycopy/c04/sound	0		fighter/captain/kirbycopy/sound
fighter/plizardon/kirbycopy/c03/cmn	0		fighter/plizardon/kirbycopy/cmn
item/simonholywater/motion/body/c00	1	475503	-
fighter/inkling/kirbycopy/c05/sound	0		fighter/inkling/kirbycopy/sound
fighter/packun/kirbycopy/bodymotion	16	475542-475557	-
fighter/miienemyg/kirbycopy/c01/cmn	0		fighter/miienemyg/kirbycopy/cmn
fighter/miienemys/kirbycopy/c05/cmn	0		fighter/miienemys/kirbycopy/cmn
fighter/richter/kirbycopy/c03/sound	0		fighter/richter/kirbycopy/sound
fighter/lucina/kirbycopy/bodymotion	10	475716-475725	-
fighter/koopajr/kirbycopy/c07/sound	0		fighter/koopajr/kirbycopy/sound
fighter/littlemac/kirbycopy/c04/cmn	0		fighter/littlemac/kirbycopy/cmn
fighter/younglink/kirbycopy/c04/cmn	0		fighter/younglink/kirbycopy/cmn
fighter/demon/finalsmash/shared/lut	1	475822	-
fighter/gamewatch/kirbycopy/c03/cmn	0		fighter/gamewatch/kirbycopy/cmn
item/metalblock/script/animcmd/body	3	475953-475955	-
fighter/rockman/kirbycopy/c02/sound	0		fighter/rockman/kirbycopy/sound
fighter/miienemys/kirbycopy/c07/cmn	0		fighter/miienemys/kirbycopy/cmn
item/st_yamabuki_egg/script/animcmd	0		-
fighter/gamewatch/kirbycopy/c01/cmn	0		fighter/gamewatch/kirbycopy/cmn
fighter/lucario/kirbycopy/c00/sound	0		fighter/lucario/kirbycopy/sound
fighter/element/kirbycopy/c06/sound	0		fighter/element/kirbycopy/sound
fighter/pikachu/kirbycopy/c00/sound	0		fighter/pikachu/kirbycopy/sound
fighter/younglink/kirbycopy/c06/cmn	0		fighter/younglink/kirbycopy/cmn
fighter/littlemac/kirbycopy/c06/cmn	0		fighter/littlemac/kirbycopy/cmn
fighter/bayonetta/kirbycopy/c06/cmn	0		fighter/bayonetta/kirbycopy/cmn
fighter/gaogaen/kirbycopy/c02/sound	0		fighter/gaogaen/kirbycopy/sound
item/killertransform/script/animcmd	0		-
fighter/mewtwo/kirbycopy/bodymotion	11	476173-476183	-
item/wariobikea/script/animcmd/body	3	476228-476230	-
fighter/rosetta/kirbycopy/c02/sound	0		fighter/rosetta/kirbycopy/sound
fighter/miienemyg/kirbycopy/c03/cmn	0		fighter/miienemyg/kirbycopy/cmn
fighter/plizardon/kirbycopy/c01/cmn	0		fighter/plizardon/kirbycopy/cmn
fighter/pickel/kirbycopy/bodymotion	9	476304-476312	-
fighter/falco/finalsmash/shared/lut	1	476313	-
fighter/captain/kirbycopy/c02/sound	0		fighter/captain/kirbycopy/sound
fighter/pzenigame/kirbycopy/c02/cmn	0		fighter/pzenigame/kirbycopy/cmn
fighter/miienemyf/kirbycopy/c06/cmn	0		fighter/miienemyf/kirbycopy/cmn
fighter/inkling/kirbycopy/c03/sound	0		fighter/inkling/kirbycopy/sound
item/wariobikee/script/animcmd/body	3	476636-476638	-
item/pacmanbell/script/animcmd/body	3	476639-476641	-
fighter/richter/kirbycopy/c05/sound	0		fighter/richter/kirbycopy/sound
fighter/szerosuit/kirbycopy/c05/cmn	0		fighter/szerosuit/kirbycopy/cmn
fighter/elight/kirbycopy/bodymotion	8	476811-476818	-
fighter/koopajr/kirbycopy/c01/sound	0		fighter/koopajr/kirbycopy/sound
fighter/buddy/finalsmash/shared/lut	1	476838	-
item/hammerhead/script/animcmd/body	3	476875-476877	-
fighter/captain/kirbycopy/c01/sound	0		fighter/captain/kirbycopy/sound
fighter/szerosuit/kirbycopy/c04/cmn	0		fighter/szerosuit/kirbycopy/cmn
fighter/inkling/kirbycopy/c00/sound	0		fighter/inkling/kirbycopy/sound
fighter/bayonetta/finalsmash/shared	0		-
item/finaldaisy/script/animcmd/body	3	477054-477056	-
fighter/wario/finalsmash/shared/lut	1	477172	-
fighter/richter/kirbycopy/c06/sound	0		fighter/richter/kirbycopy/sound
fighter/miienemyf/kirbycopy/c07/cmn	0		fighter/miienemyf/kirbycopy/cmn
fighter/koopajr/kirbycopy/c02/sound	0		fighter/koopajr/kirbycopy/sound
fighter/pzenigame/kirbycopy/c03/cmn	0		fighter/pzenigame/kirbycopy/cmn
fighter/miienemyg/kirbycopy/c02/cmn	0		fighter/miienemyg/kirbycopy/cmn
item/superscopeshot/motion/body/c00	1	477359	-
fighter/rockman/kirbycopy/c01/sound	0		fighter/rockman/kirbycopy/sound
fighter/plizardon/kirbycopy/c00/cmn	0		fighter/plizardon/kirbycopy/cmn
fighter/element/kirbycopy/c05/sound	0		fighter/element/kirbycopy/sound
fighter/lucario/kirbycopy/c03/sound	0		fighter/lucario/kirbycopy/sound
fighter/bayonetta/kirbycopy/c07/cmn	0		fighter/bayonetta/kirbycopy/cmn
fighter/pikachu/kirbycopy/c03/sound	0		fighter/pikachu/kirbycopy/sound
fighter/gaogaen/kirbycopy/c01/sound	0		fighter/gaogaen/kirbycopy/sound
fighter/gamewatch/kirbycopy/c00/cmn	0		fighter/gamewatch/kirbycopy/cmn
fighter/littlemac/kirbycopy/c07/cmn	0		fighter/littlemac/kirbycopy/cmn
fighter/younglink/kirbycopy/c07/cmn	0		fighter/younglink/kirbycopy/cmn
fighter/rosetta/kirbycopy/c01/sound	0		fighter/rosetta/kirbycopy/sound
fighter/brave/finalsmash/shared/lut	1	477747	-
item/fireflower/script/animcmd/body	3	477748-477750	-
fighter/miienemys/kirbycopy/c06/cmn	0		fighter/miienemys/kirbycopy/cmn
fighter/bayonetta/kirbycopy/c03/cmn	0		fighter/bayonetta/kirbycopy/cmn
fighter/lucario/kirbycopy/c07/sound	0		fighter/lucario/kirbycopy/sound
fighter/element/kirbycopy/c01/sound	0		fighter/element/kirbycopy/sound
fighter/pikachu/kirbycopy/c07/sound	0		fighter/pikachu/kirbycopy/sound
item/smashballheavy/motion/body/c00	1	477923	-
fighter/pacman/kirbycopy/bodymotion	9	477927-477935	-
fighter/miienemyg/kirbycopy/c06/cmn	0		fighter/miienemyg/kirbycopy/cmn
fighter/plizardon/kirbycopy/c04/cmn	0		fighter/plizardon/kirbycopy/cmn
fighter/rockman/kirbycopy/c05/sound	0		fighter/rockman/kirbycopy/sound
item/steeldiver/script/animcmd/body	3	478071-478073	-
fighter/rosetta/kirbycopy/c05/sound	0		fighter/rosetta/kirbycopy/sound
fighter/miienemys/kirbycopy/c02/cmn	0		fighter/miienemys/kirbycopy/cmn
fighter/gamewatch/kirbycopy/c04/cmn	0		fighter/gamewatch/kirbycopy/cmn
item/wiifitball/script/animcmd/body	3	478166-478168	-
fighter/gaogaen/kirbycopy/c05/sound	0		fighter/gaogaen/kirbycopy/sound
fighter/ridley/kirbycopy/bodymotion	8	478191-478198	-
fighter/littlemac/kirbycopy/c03/cmn	0		fighter/littlemac/kirbycopy/cmn
fighter/younglink/kirbycopy/c03/cmn	0		fighter/younglink/kirbycopy/cmn
item/masterball/script/animcmd/body	3	478199-478201	-
fighter/reflet/kirbycopy/bodymotion	15	478202-478216	-
fighter/inkling/kirbycopy/c04/sound	0		fighter/inkling/kirbycopy/sound
item/revengeshootershot/motion/body	0		-
fighter/szerosuit/kirbycopy/c00/cmn	0		fighter/szerosuit/kirbycopy/cmn
fighter/captain/kirbycopy/c05/sound	0		fighter/captain/kirbycopy/sound
item/backshield/script/animcmd/body	3	478368-478370	-
fighter/dedede/kirbycopy/bodymotion	27	478371-478397	-
item/raygunshot/script/animcmd/body	3	478469-478471	-
fighter/koopajr/kirbycopy/c06/sound	0		fighter/koopajr/kirbycopy/sound
fighter/pzenigame/kirbycopy/c07/cmn	0		fighter/pzenigame/kirbycopy/cmn
fighter/trail/finalsmash/shared/lut	1	478475	-
fighter/miienemyf/kirbycopy/c03/cmn	0		fighter/miienemyf/kirbycopy/cmn
fighter/shulk/finalsmash/shared/lut	1	478568	-
fighter/richter/kirbycopy/c02/sound	0		fighter/richter/kirbycopy/sound
item/genesisset/script/animcmd/body	3	478621-478623	-
fighter/inkling/kirbycopy/c07/sound	0		fighter/inkling/kirbycopy/sound
fighter/captain/kirbycopy/c06/sound	0		fighter/captain/kirbycopy/sound
fighter/miienemyf/kirbycopy/c02/cmn	0		fighter/miienemyf/kirbycopy/cmn
fighter/samusd/kirbycopy/bodymotion	11	478900-478910	-
fighter/pzenigame/kirbycopy/c06/cmn	0		fighter/pzenigame/kirbycopy/cmn
fighter/pfushigisou/kirbycopy/sound	3	478970-478972	-
fighter/szerosuit/kirbycopy/c01/cmn	0		fighter/szerosuit/kirbycopy/cmn
fighter/koopajr/kirbycopy/c05/sound	0		fighter/koopajr/kirbycopy/sound
item/sensorbomb/script/animcmd/body	3	479057-479059	-
item/homerunbat/script/animcmd/body	3	479060-479062	-
item/revengeshooter/motion/body/c00	2	479063-479064	-
fighter/richter/kirbycopy/c01/sound	0		fighter/richter/kirbycopy/sound
item/wariobikec/script/animcmd/body	3	479121-479123	-
fighter/element/kirbycopy/c02/sound	0		fighter/element/kirbycopy/sound
fighter/lucario/kirbycopy/c04/sound	0		fighter/lucario/kirbycopy/sound
item/smashbombheavy/motion/body/c00	1	479196	-
fighter/gamewatch/kirbycopy/c05/cmn	0		fighter/gamewatch/kirbycopy/cmn
fighter/younglink/kirbycopy/c02/cmn	0		fighter/younglink/kirbycopy/cmn
fighter/littlemac/kirbycopy/c02/cmn	0		fighter/littlemac/kirbycopy/cmn
fighter/pikachu/kirbycopy/c04/sound	0		fighter/pikachu/kirbycopy/sound
fighter/miienemys/kirbycopy/c03/cmn	0		fighter/miienemys/kirbycopy/cmn
fighter/rockman/kirbycopy/c06/sound	0		fighter/rockman/kirbycopy/sound
fighter/yoshi/finalsmash/shared/lut	1	479471	-
fighter/rosetta/kirbycopy/c06/sound	0		fighter/rosetta/kirbycopy/sound
fighter/miienemyg/kirbycopy/c07/cmn	0		fighter/miienemyg/kirbycopy/cmn
fighter/tantan/kirbycopy/bodymotion	6	479571-479576	-
fighter/plizardon/kirbycopy/c05/cmn	0		fighter/plizardon/kirbycopy/cmn
item/ripstickflower/motion/body/c00	2	479596-479597	-
fighter/gaogaen/kirbycopy/c06/sound	0		fighter/gaogaen/kirbycopy/sound
fighter/bayonetta/kirbycopy/c02/cmn	0		fighter/bayonetta/kirbycopy/cmn
item/dragoonset/script/animcmd/body	3	479703-479705	-
fighter/inkling/kirbycopy/c01/sound	0		fighter/inkling/kirbycopy/sound
fighter/plizardon/kirbycopy/c07/cmn	0		fighter/plizardon/kirbycopy/cmn
item/bossgalaga/script/animcmd/body	3	479782-479784	-
fighter/miienemyg/kirbycopy/c05/cmn	0		fighter/miienemyg/kirbycopy/cmn
item/pacmanboss/script/animcmd/body	3	480001-480003	-
item/wariobiked/script/animcmd/body	3	480062-480064	-
fighter/captain/kirbycopy/c00/sound	0		fighter/captain/kirbycopy/sound
fighter/bayonetta/kirbycopy/c00/cmn	0		fighter/bayonetta/kirbycopy/cmn
fighter/koopajr/kirbycopy/c03/sound	0		fighter/koopajr/kirbycopy/sound
fighter/littlemac/kirbycopy/c00/cmn	0		fighter/littlemac/kirbycopy/cmn
fighter/younglink/kirbycopy/c00/cmn	0		fighter/younglink/kirbycopy/cmn
fighter/gamewatch/kirbycopy/c07/cmn	0		fighter/gamewatch/kirbycopy/cmn
fighter/miienemys/kirbycopy/c01/cmn	0		fighter/miienemys/kirbycopy/cmn
item/walkmushflower/motion/body/c00	2	480256-480257	-
fighter/richter/kirbycopy/c07/sound	0		fighter/richter/kirbycopy/sound
fighter/simon/finalsmash/shared/lut	1	480286	-
fighter/pikachu/kirbycopy/c02/sound	0		fighter/pikachu/kirbycopy/sound
fighter/lucario/kirbycopy/c02/sound	0		fighter/lucario/kirbycopy/sound
fighter/element/kirbycopy/c04/sound	0		fighter/element/kirbycopy/sound
fighter/szerosuit/kirbycopy/c03/cmn	0		fighter/szerosuit/kirbycopy/cmn
item/greenshell/script/animcmd/body	3	480474-480476	-
fighter/eflame/kirbycopy/bodymotion	12	480496-480507	-
fighter/rockman/kirbycopy/c00/sound	0		fighter/rockman/kirbycopy/sound
item/pickelbomb/script/animcmd/body	3	480588-480590	-
fighter/fox/finalsmash/shared/model	0		-
fighter/rosetta/kirbycopy/c00/sound	0		fighter/rosetta/kirbycopy/sound
fighter/miienemyf/kirbycopy/c00/cmn	0		fighter/miienemyf/kirbycopy/cmn
fighter/pzenigame/kirbycopy/c04/cmn	0		fighter/pzenigame/kirbycopy/cmn
fighter/gaogaen/kirbycopy/c00/sound	0		fighter/gaogaen/kirbycopy/sound
fighter/donkey/kirbycopy/bodymotion	9	480723-480731	-
item/finalpeach/script/animcmd/body	3	480749-480751	-
fighter/pzenigame/kirbycopy/c05/cmn	0		fighter/pzenigame/kirbycopy/cmn
fighter/pikachu/kirbycopy/c01/sound	0		fighter/pikachu/kirbycopy/sound
fighter/miienemyf/kirbycopy/c01/cmn	0		fighter/miienemyf/kirbycopy/cmn
fighter/element/kirbycopy/c07/sound	0		fighter/element/kirbycopy/sound
fighter/lucario/kirbycopy/c01/sound	0		fighter/lucario/kirbycopy/sound
fighter/rockman/kirbycopy/c03/sound	0		fighter/rockman/kirbycopy/sound
item/mechakoopa/script/animcmd/body	3	481035-481037	-
fighter/rosetta/kirbycopy/c03/sound	0		fighter/rosetta/kirbycopy/sound
fighter/szerosuit/kirbycopy/c02/cmn	0		fighter/szerosuit/kirbycopy/cmn
fighter/gaogaen/kirbycopy/c03/sound	0		fighter/gaogaen/kirbycopy/sound
item/fireflowershot/motion/body/c00	1	481204	-
fighter/inkling/kirbycopy/c02/sound	0		fighter/inkling/kirbycopy/sound
fighter/miienemys/kirbycopy/c00/cmn	0		fighter/miienemys/kirbycopy/cmn
fighter/younglink/kirbycopy/c01/cmn	0		fighter/younglink/kirbycopy/cmn
fighter/littlemac/kirbycopy/c01/cmn	0		fighter/littlemac/kirbycopy/cmn
fighter/gamewatch/kirbycopy/c06/cmn	0		fighter/gamewatch/kirbycopy/cmn
fighter/shizue/kirbycopy/bodymotion	14	481378-481391	-
fighter/captain/kirbycopy/c03/sound	0		fighter/captain/kirbycopy/sound
fighter/dolly/finalsmash/shared/lut	1	481432	-
item/soccerball/script/animcmd/body	3	481455-481457	-
fighter/mariod/kirbycopy/bodymotion	2	481458-481459	-
fighter/koopajr/kirbycopy/c00/sound	0		fighter/koopajr/kirbycopy/sound
fighter/bayonetta/kirbycopy/c01/cmn	0		fighter/bayonetta/kirbycopy/cmn
fighter/richter/kirbycopy/c04/sound	0		fighter/richter/kirbycopy/sound
fighter/plizardon/kirbycopy/c06/cmn	0		fighter/plizardon/kirbycopy/cmn
fighter/koopag/kirbycopy/bodymotion	0		-
fighter/pikmin/kirbycopy/bodymotion	2	481547-481548	-
fighter/miienemyg/kirbycopy/c04/cmn	0		fighter/miienemyg/kirbycopy/cmn
item/superscope/script/animcmd/body	3	481570-481572	-
fighter/ike/kirbycopy/c05/bodymotion	0		fighter/ike/kirbycopy/bodymotion
fighter/fox/finalsmash/shared/motion	0		-
fighter/murabito/kirbycopy/c01/sound	0		fighter/murabito/kirbycopy/sound
fighter/ike/kirbycopy/c01/bodymotion	0		fighter/ike/kirbycopy/bodymotion
fighter/metaknight/kirbycopy/c06/cmn	0		fighter/metaknight/kirbycopy/cmn
item/pacmanstrawberry/model/body/c00	12	481725-481736	-
fighter/palutena/kirbycopy/c07/sound	0		fighter/palutena/kirbycopy/sound
fighter/toonlink/kirbycopy/c06/sound	0		fighter/toonlink/kirbycopy/sound
fighter/gekkouga/kirbycopy/c03/sound	0		fighter/gekkouga/kirbycopy/sound
fighter/duckhunt/kirbycopy/c06/sound	0		fighter/duckhunt/kirbycopy/sound
fighter/pit/kirbycopy/c04/bodymotion	0		fighter/pit/kirbycopy/bodymotion
item/fairybottle/script/animcmd/body	3	482081-482083	-
fighter/tantan/finalsmash/shared/lut	1	482084	-
fighter/pit/kirbycopy/c00/bodymotion	0		fighter/pit/kirbycopy/bodymotion
fighter/richter/kirbycopy/bodymotion	2	482153-482154	-
fighter/gekkouga/kirbycopy/c00/sound	0		fighter/gekkouga/kirbycopy/sound
item/richterholywater/script/animcmd	0		-
fighter/duckhunt/kirbycopy/c05/sound	0		fighter/duckhunt/kirbycopy/sound
fighter/fox/kirbycopy/c06/bodymotion	0		fighter/fox/kirbycopy/bodymotion
fighter/fox/kirbycopy/c02/bodymotion	0		fighter/fox/kirbycopy/bodymotion
item/daisydaikon/script/animcmd/body	3	482295-482297	-
fighter/jack/finalsmash/shared/model	0		-
fighter/murabito/kirbycopy/c02/sound	0		fighter/murabito/kirbycopy/sound
fighter/ken/kirbycopy/c03/bodymotion	0		fighter/ken/kirbycopy/bodymotion
fighter/ken/kirbycopy/c07/bodymotion	0		fighter/ken/kirbycopy/bodymotion
item/smokescreen/script/animcmd/body	3	482390-482392	-
fighter/roy/kirbycopy/c00/bodymotion	0		fighter/roy/kirbycopy/bodymotion
fighter/metaknight/kirbycopy/c07/cmn	0		fighter/metaknight/kirbycopy/cmn
fighter/roy/kirbycopy/c04/bodymotion	0		fighter/roy/kirbycopy/bodymotion
item/togezoshell/script/animcmd/body	3	482477-482479	-
fighter/ryu/kirbycopy/c05/bodymotion	0		fighter/ryu/kirbycopy/bodymotion
fighter/toonlink/kirbycopy/c05/sound	0		fighter/toonlink/kirbycopy/sound
fighter/ryu/kirbycopy/c01/bodymotion	0		fighter/ryu/kirbycopy/bodymotion
fighter/palutena/kirbycopy/c04/sound	0		fighter/palutena/kirbycopy/sound
fighter/ken/kirbycopy/c04/bodymotion	0		fighter/ken/kirbycopy/bodymotion
fighter/ken/kirbycopy/c00/bodymotion	0		fighter/ken/kirbycopy/bodymotion
item/specialflag/script/animcmd/body	3	482520-482522	-
fighter/metaknight/kirbycopy/c05/cmn	0		fighter/metaknight/kirbycopy/cmn
item/maximtomato/script/animcmd/body	3	482592-482594	-
item/pacmanmelon/script/animcmd/body	3	482595-482597	-
fighter/dedede/finalsmash/shared/lut	1	482598	-
fighter/pikachu/kirbycopy/bodymotion	2	482599-482600	-
item/killertransform/motion/body/c00	2	482601-482602	-
fighter/rosetta/kirbycopy/bodymotion	6	482606-482611	-
fighter/ryu/kirbycopy/c02/bodymotion	0		fighter/ryu/kirbycopy/bodymotion
fighter/duckhunt/kirbycopy/c03/sound	0		fighter/duckhunt/kirbycopy/sound
fighter/ryu/kirbycopy/c06/bodymotion	0		fighter/ryu/kirbycopy/bodymotion
fighter/gekkouga/kirbycopy/c06/sound	0		fighter/gekkouga/kirbycopy/sound
fighter/roy/kirbycopy/c07/bodymotion	0		fighter/roy/kirbycopy/bodymotion
fighter/roy/kirbycopy/c03/bodymotion	0		fighter/roy/kirbycopy/bodymotion
fighter/murabito/kirbycopy/c04/sound	0		fighter/murabito/kirbycopy/sound
fighter/master/finalsmash/shared/lut	1	482761	-
fighter/miiswordsman/kirbycopy/sound	3	482782-482784	-
fighter/fox/kirbycopy/c01/bodymotion	0		fighter/fox/kirbycopy/bodymotion
fighter/edge/finalsmash/shared/model	0		-
fighter/fox/kirbycopy/c05/bodymotion	0		fighter/fox/kirbycopy/bodymotion
fighter/palutena/kirbycopy/c02/sound	0		fighter/palutena/kirbycopy/sound
fighter/toonlink/kirbycopy/c03/sound	0		fighter/toonlink/kirbycopy/sound
fighter/fox/finalsmash/shared/render	5	482965-482969	-
fighter/murabito/kirbycopy/c07/sound	0		fighter/murabito/kirbycopy/sound
item/pacmanapple/script/animcmd/body	3	482970-482972	-
fighter/koopajr/kirbycopy/bodymotion	6	483029-483034	-
item/pacmanstrawberry/script/animcmd	0		-
fighter/pit/kirbycopy/c03/bodymotion	0		fighter/pit/kirbycopy/bodymotion
fighter/pit/kirbycopy/c07/bodymotion	0		fighter/pit/kirbycopy/bodymotion
fighter/toonlink/kirbycopy/c00/sound	0		fighter/toonlink/kirbycopy/sound
fighter/palutena/kirbycopy/c01/sound	0		fighter/palutena/kirbycopy/sound
item/dolphinbomb/script/animcmd/body	3	483122-483124	-
fighter/ike/kirbycopy/c02/bodymotion	0		fighter/ike/kirbycopy/bodymotion
fighter/ike/kirbycopy/c06/bodymotion	0		fighter/ike/kirbycopy/bodymotion
fighter/duckhunt/kirbycopy/c00/sound	0		fighter/duckhunt/kirbycopy/sound
fighter/gekkouga/kirbycopy/c05/sound	0		fighter/gekkouga/kirbycopy/sound
fighter/pickel/finalsmash/shared/lut	1	483305	-
fighter/metaknight/kirbycopy/c04/cmn	0		fighter/metaknight/kirbycopy/cmn
fighter/pit/kirbycopy/c01/bodymotion	0		fighter/pit/kirbycopy/bodymotion
fighter/pit/kirbycopy/c05/bodymotion	0		fighter/pit/kirbycopy/bodymotion
fighter/metaknight/kirbycopy/c00/cmn	0		fighter/metaknight/kirbycopy/cmn
fighter/duckhunt/kirbycopy/c04/sound	0		fighter/duckhunt/kirbycopy/sound
fighter/gekkouga/kirbycopy/c01/sound	0		fighter/gekkouga/kirbycopy/sound
item/peachdaikon/script/animcmd/body	3	483490-483492	-
fighter/murabito/kirbycopy/c03/sound	0		fighter/murabito/kirbycopy/sound
item/deathscythe/script/animcmd/body	3	483575-483577	-
fighter/toonlink/kirbycopy/c04/sound	0		fighter/toonlink/kirbycopy/sound
fighter/ike/kirbycopy/c00/bodymotion	0		fighter/ike/kirbycopy/bodymotion
fighter/palutena/kirbycopy/c05/sound	0		fighter/palutena/kirbycopy/sound
fighter/ike/kirbycopy/c04/bodymotion	0		fighter/ike/kirbycopy/bodymotion
fighter/inkling/kirbycopy/bodymotion	16	483710-483725	-
fighter/roy/kirbycopy/c05/bodymotion	0		fighter/roy/kirbycopy/bodymotion
fighter/wolf/finalsmash/shared/model	0		-
fighter/roy/kirbycopy/c01/bodymotion	0		fighter/roy/kirbycopy/bodymotion
fighter/murabito/kirbycopy/c00/sound	0		fighter/murabito/kirbycopy/sound
fighter/ryu/kirbycopy/c00/bodymotion	0		fighter/ryu/kirbycopy/bodymotion
fighter/ryu/kirbycopy/c04/bodymotion	0		fighter/ryu/kirbycopy/bodymotion
fighter/palutena/kirbycopy/c06/sound	0		fighter/palutena/kirbycopy/sound
fighter/toonlink/kirbycopy/c07/sound	0		fighter/toonlink/kirbycopy/sound
fighter/lucario/kirbycopy/bodymotion	11	483841-483851	-
fighter/element/kirbycopy/bodymotion	0		-
fighter/ken/kirbycopy/c06/bodymotion	0		fighter/ken/kirbycopy/bodymotion
fighter/ken/kirbycopy/c02/bodymotion	0		fighter/ken/kirbycopy/bodymotion
fighter/fox/kirbycopy/c03/bodymotion	0		fighter/fox/kirbycopy/bodymotion
fighter/metaknight/kirbycopy/c01/cmn	0		fighter/metaknight/kirbycopy/cmn
fighter/fox/kirbycopy/c07/bodymotion	0		fighter/fox/kirbycopy/bodymotion
fighter/duckhunt/kirbycopy/c07/sound	0		fighter/duckhunt/kirbycopy/sound
fighter/gaogaen/kirbycopy/bodymotion	2	484181-484182	-
fighter/gekkouga/kirbycopy/c02/sound	0		fighter/gekkouga/kirbycopy/sound
fighter/fox/kirbycopy/c04/bodymotion	0		fighter/fox/kirbycopy/bodymotion
fighter/fox/kirbycopy/c00/bodymotion	0		fighter/fox/kirbycopy/bodymotion
item/st_yamabuki_egg/motion/body/c00	1	484298	-
fighter/murabito/kirbycopy/c06/sound	0		fighter/murabito/kirbycopy/sound
fighter/toonlink/kirbycopy/c01/sound	0		fighter/toonlink/kirbycopy/sound
fighter/palutena/kirbycopy/c00/sound	0		fighter/palutena/kirbycopy/sound
fighter/metaknight/kirbycopy/c03/cmn	0		fighter/metaknight/kirbycopy/cmn
fighter/rockman/kirbycopy/bodymotion	8	484435-484442	-
fighter/ryu/kirbycopy/c07/bodymotion	0		fighter/ryu/kirbycopy/bodymotion
fighter/ryu/kirbycopy/c03/bodymotion	0		fighter/ryu/kirbycopy/bodymotion
fighter/roy/kirbycopy/c02/bodymotion	0		fighter/roy/kirbycopy/bodymotion
fighter/roy/kirbycopy/c06/bodymotion	0		fighter/roy/kirbycopy/bodymotion
fighter/ken/kirbycopy/c01/bodymotion	0		fighter/ken/kirbycopy/bodymotion
fighter/ken/kirbycopy/c05/bodymotion	0		fighter/ken/kirbycopy/bodymotion
fighter/gekkouga/kirbycopy/c04/sound	0		fighter/gekkouga/kirbycopy/sound
fighter/duckhunt/kirbycopy/c01/sound	0		fighter/duckhunt/kirbycopy/sound
fighter/ike/kirbycopy/c07/bodymotion	0		fighter/ike/kirbycopy/bodymotion
fighter/gekkouga/kirbycopy/c07/sound	0		fighter/gekkouga/kirbycopy/sound
fighter/duckhunt/kirbycopy/c02/sound	0		fighter/duckhunt/kirbycopy/sound
fighter/ike/kirbycopy/c03/bodymotion	0		fighter/ike/kirbycopy/bodymotion
fighter/pit/kirbycopy/c06/bodymotion	0		fighter/pit/kirbycopy/bodymotion
fighter/metaknight/kirbycopy/c02/cmn	0		fighter/metaknight/kirbycopy/cmn
fighter/pit/kirbycopy/c02/bodymotion	0		fighter/pit/kirbycopy/bodymotion
fighter/ridley/finalsmash/shared/lut	1	484932	-
fighter/captain/kirbycopy/bodymotion	4	484933-484936	-
fighter/murabito/kirbycopy/c05/sound	0		fighter/murabito/kirbycopy/sound
fighter/palutena/kirbycopy/c03/sound	0		fighter/palutena/kirbycopy/sound
item/starrodshot/script/animcmd/body	3	485003-485005	-
fighter/toonlink/kirbycopy/c02/sound	0		fighter/toonlink/kirbycopy/sound
fighter/pzenigame/kirbycopy/c00/sound	0		fighter/pzenigame/kirbycopy/sound
item/st_ice_yasai/script/animcmd/body	3	485042-485044	-
fighter/palutena/kirbycopy/bodymotion	2	485045-485046	-
fighter/gamewatch/kirbycopy/c05/sound	0		fighter/gamewatch/kirbycopy/sound
fighter/miienemyg/kirbycopy/c00/sound	0		fighter/miienemyg/kirbycopy/sound
item/ripstickshot/script/animcmd/body	3	485119-485121	-
fighter/wolf/kirbycopy/c07/bodymotion	0		fighter/wolf/kirbycopy/bodymotion
fighter/wolf/kirbycopy/c03/bodymotion	0		fighter/wolf/kirbycopy/bodymotion
fighter/miienemys/kirbycopy/c05/sound	0		fighter/miienemys/kirbycopy/sound
fighter/jack/kirbycopy/c02/bodymotion	0		fighter/jack/kirbycopy/bodymotion
fighter/younglink/kirbycopy/c01/sound	0		fighter/younglink/kirbycopy/sound
fighter/jack/kirbycopy/c06/bodymotion	0		fighter/jack/kirbycopy/bodymotion
fighter/plizardon/kirbycopy/c06/sound	0		fighter/plizardon/kirbycopy/sound
fighter/murabito/kirbycopy/bodymotion	14	485167-485180	-
fighter/miienemyf/kirbycopy/c02/sound	0		fighter/miienemyf/kirbycopy/sound
fighter/duckhunt/kirbycopy/bodymotion	2	485181-485182	-
item/thundersword/script/animcmd/body	3	485195-485197	-
fighter/ness/kirbycopy/c00/bodymotion	0		fighter/ness/kirbycopy/bodymotion
fighter/edge/finalsmash/shared/render	5	485285-485289	-
fighter/ness/kirbycopy/c04/bodymotion	0		fighter/ness/kirbycopy/bodymotion
fighter/szerosuit/kirbycopy/c02/sound	0		fighter/szerosuit/kirbycopy/sound
item/toonlinkbomb/script/animcmd/body	3	485308-485310	-
fighter/bayonetta/kirbycopy/c07/sound	0		fighter/bayonetta/kirbycopy/sound
fighter/miigunner/kirbycopy/c03/sound	0		fighter/miigunner/kirbycopy/sound
fighter/shulk/finalsmash/shared/model	0		-
fighter/littlemac/kirbycopy/c03/sound	0		fighter/littlemac/kirbycopy/sound
fighter/pfushigisou/kirbycopy/c06/cmn	0		fighter/pfushigisou/kirbycopy/cmn
item/walkmushshot/script/animcmd/body	3	485396-485398	-
fighter/captain/finalsmash/shared/lut	1	485399	-
fighter/bayonetta/kirbycopy/c04/sound	0		fighter/bayonetta/kirbycopy/sound
fighter/szerosuit/kirbycopy/c01/sound	0		fighter/szerosuit/kirbycopy/sound
fighter/jack/finalsmash/shared/motion	0		-
fighter/miigunner/kirbycopy/c00/sound	0		fighter/miigunner/kirbycopy/sound
fighter/simon/finalsmash/shared/model	0		-
fighter/pfushigisou/kirbycopy/c07/cmn	0		fighter/pfushigisou/kirbycopy/cmn
fighter/kamui/finalsmash/shared/model	0		-
fighter/link/kirbycopy/c05/bodymotion	0		fighter/link/kirbycopy/bodymotion
fighter/littlemac/kirbycopy/c00/sound	0		fighter/littlemac/kirbycopy/sound
fighter/edge/kirbycopy/c05/bodymotion	0		fighter/edge/kirbycopy/bodymotion
fighter/edge/kirbycopy/c01/bodymotion	0		fighter/edge/kirbycopy/bodymotion
fighter/link/kirbycopy/c01/bodymotion	0		fighter/link/kirbycopy/bodymotion
fighter/popo/kirbycopy/c02/bodymotion	0		fighter/popo/kirbycopy/bodymotion
fighter/falco/finalsmash/shared/model	0		-
fighter/popo/kirbycopy/c06/bodymotion	0		fighter/popo/kirbycopy/bodymotion
fighter/gamewatch/kirbycopy/c06/sound	0		fighter/gamewatch/kirbycopy/sound
fighter/pzenigame/kirbycopy/c03/sound	0		fighter/pzenigame/kirbycopy/sound
fighter/miienemyg/kirbycopy/c03/sound	0		fighter/miienemyg/kirbycopy/sound
fighter/pitb/kirbycopy/c00/bodymotion	0		fighter/pitb/kirbycopy/bodymotion
fighter/miienemys/kirbycopy/c06/sound	0		fighter/miienemys/kirbycopy/sound
fighter/miienemyf/kirbycopy/c01/sound	0		fighter/miienemyf/kirbycopy/sound
fighter/pitb/kirbycopy/c04/bodymotion	0		fighter/pitb/kirbycopy/bodymotion
fighter/plizardon/kirbycopy/c05/sound	0		fighter/plizardon/kirbycopy/sound
fighter/younglink/kirbycopy/c02/sound	0		fighter/younglink/kirbycopy/sound
fighter/rockman/finalsmash/shared/lut	1	486415	-
fighter/szerosuit/kirbycopy/c07/sound	0		fighter/szerosuit/kirbycopy/sound
fighter/bayonetta/kirbycopy/c02/sound	0		fighter/bayonetta/kirbycopy/sound
fighter/jack/finalsmash/shared/render	5	486546-486550	-
fighter/miigunner/kirbycopy/c06/sound	0		fighter/miigunner/kirbycopy/sound
fighter/pitb/kirbycopy/c07/bodymotion	0		fighter/pitb/kirbycopy/bodymotion
item/goldenhammer/script/animcmd/body	3	486895-486897	-
fighter/littlemac/kirbycopy/c06/sound	0		fighter/littlemac/kirbycopy/sound
fighter/pitb/kirbycopy/c03/bodymotion	0		fighter/pitb/kirbycopy/bodymotion
item/diddypeanuts/script/animcmd/body	3	486899-486901	-
fighter/buddy/finalsmash/shared/model	0		-
item/snakegrenade/script/animcmd/body	3	487068-487070	-
fighter/pzenigame/kirbycopy/c05/sound	0		fighter/pzenigame/kirbycopy/sound
fighter/gamewatch/kirbycopy/c00/sound	0		fighter/gamewatch/kirbycopy/sound
fighter/miienemyg/kirbycopy/c05/sound	0		fighter/miienemyg/kirbycopy/sound
fighter/krool/finalsmash/shared/model	0		-
fighter/popo/kirbycopy/c05/bodymotion	0		fighter/popo/kirbycopy/bodymotion
fighter/demon/finalsmash/shared/model	0		-
fighter/popo/kirbycopy/c01/bodymotion	0		fighter/popo/kirbycopy/bodymotion
fighter/pfushigisou/kirbycopy/c05/cmn	0		fighter/pfushigisou/kirbycopy/cmn
fighter/younglink/kirbycopy/c04/sound	0		fighter/younglink/kirbycopy/sound
fighter/plizardon/kirbycopy/c03/sound	0		fighter/plizardon/kirbycopy/sound
fighter/link/kirbycopy/c02/bodymotion	0		fighter/link/kirbycopy/bodymotion
fighter/edge/kirbycopy/c02/bodymotion	0		fighter/edge/kirbycopy/bodymotion
fighter/dolly/finalsmash/shared/model	0		-
fighter/miienemyf/kirbycopy/c07/sound	0		fighter/miienemyf/kirbycopy/sound
fighter/edge/kirbycopy/c06/bodymotion	0		fighter/edge/kirbycopy/bodymotion
fighter/miienemys/kirbycopy/c00/sound	0		fighter/miienemys/kirbycopy/sound
fighter/link/kirbycopy/c06/bodymotion	0		fighter/link/kirbycopy/bodymotion
fighter/pfushigisou/kirbycopy/c04/cmn	0		fighter/pfushigisou/kirbycopy/cmn
fighter/gamewatch/kirbycopy/c03/sound	0		fighter/gamewatch/kirbycopy/sound
fighter/pzenigame/kirbycopy/c06/sound	0		fighter/pzenigame/kirbycopy/sound
fighter/miienemyg/kirbycopy/c06/sound	0		fighter/miienemyg/kirbycopy/sound
fighter/ness/kirbycopy/c07/bodymotion	0		fighter/ness/kirbycopy/bodymotion
fighter/ness/kirbycopy/c03/bodymotion	0		fighter/ness/kirbycopy/bodymotion
item/dragoonsight/script/animcmd/body	3	487432-487434	-
fighter/miienemyf/kirbycopy/c04/sound	0		fighter/miienemyf/kirbycopy/sound
fighter/plizardon/kirbycopy/c00/sound	0		fighter/plizardon/kirbycopy/sound
fighter/younglink/kirbycopy/c07/sound	0		fighter/younglink/kirbycopy/sound
item/honeycombbee/script/animcmd/body	3	487510-487512	-
fighter/miienemys/kirbycopy/c03/sound	0		fighter/miienemys/kirbycopy/sound
fighter/bayonetta/kirbycopy/c01/sound	0		fighter/bayonetta/kirbycopy/sound
fighter/szerosuit/kirbycopy/c04/sound	0		fighter/szerosuit/kirbycopy/sound
fighter/richter/finalsmash/shared/lut	1	487519	-
fighter/edge/finalsmash/shared/motion	0		-
fighter/brave/finalsmash/shared/model	0		-
fighter/miigunner/kirbycopy/c05/sound	0		fighter/miigunner/kirbycopy/sound
fighter/jack/kirbycopy/c05/bodymotion	0		fighter/jack/kirbycopy/bodymotion
fighter/littlemac/kirbycopy/c05/sound	0		fighter/littlemac/kirbycopy/sound
fighter/jack/kirbycopy/c01/bodymotion	0		fighter/jack/kirbycopy/bodymotion
fighter/yoshi/finalsmash/shared/model	0		-
fighter/wolf/kirbycopy/c00/bodymotion	0		fighter/wolf/kirbycopy/bodymotion
fighter/wolf/kirbycopy/c04/bodymotion	0		fighter/wolf/kirbycopy/bodymotion
fighter/miigunner/kirbycopy/c01/sound	0		fighter/miigunner/kirbycopy/sound
fighter/bayonetta/kirbycopy/c05/sound	0		fighter/bayonetta/kirbycopy/sound
fighter/szerosuit/kirbycopy/c00/sound	0		fighter/szerosuit/kirbycopy/sound
fighter/ness/kirbycopy/c05/bodymotion	0		fighter/ness/kirbycopy/bodymotion
fighter/ness/kirbycopy/c01/bodymotion	0		fighter/ness/kirbycopy/bodymotion
item/pacmanorange/script/animcmd/body	3	487726-487728	-
fighter/littlemac/kirbycopy/c01/sound	0		fighter/littlemac/kirbycopy/sound
fighter/miienemyg/kirbycopy/c02/sound	0		fighter/miienemyg/kirbycopy/sound
fighter/wolf/kirbycopy/c02/bodymotion	0		fighter/wolf/kirbycopy/bodymotion
item/st_fruitbomb/script/animcmd/body	3	487817-487819	-
fighter/wolf/kirbycopy/c06/bodymotion	0		fighter/wolf/kirbycopy/bodymotion
item/magicpotwind/script/animcmd/body	3	487820-487822	-
fighter/pfushigisou/kirbycopy/c00/cmn	0		fighter/pfushigisou/kirbycopy/cmn
fighter/jack/kirbycopy/c07/bodymotion	0		fighter/jack/kirbycopy/bodymotion
fighter/gamewatch/kirbycopy/c07/sound	0		fighter/gamewatch/kirbycopy/sound
fighter/jack/kirbycopy/c03/bodymotion	0		fighter/jack/kirbycopy/bodymotion
fighter/pzenigame/kirbycopy/c02/sound	0		fighter/pzenigame/kirbycopy/sound
fighter/miienemyf/kirbycopy/c00/sound	0		fighter/miienemyf/kirbycopy/sound
fighter/plizardon/kirbycopy/c04/sound	0		fighter/plizardon/kirbycopy/sound
fighter/younglink/kirbycopy/c03/sound	0		fighter/younglink/kirbycopy/sound
item/staffrouletteshot/script/animcmd	0		-
fighter/miienemys/kirbycopy/c07/sound	0		fighter/miienemys/kirbycopy/sound
item/pickelobject/script/animcmd/body	3	487849-487851	-
fighter/miienemyg/kirbycopy/c01/sound	0		fighter/miienemyg/kirbycopy/sound
fighter/pitb/kirbycopy/c05/bodymotion	0		fighter/pitb/kirbycopy/bodymotion
fighter/pzenigame/kirbycopy/c01/sound	0		fighter/pzenigame/kirbycopy/sound
fighter/gamewatch/kirbycopy/c04/sound	0		fighter/gamewatch/kirbycopy/sound
fighter/pitb/kirbycopy/c01/bodymotion	0		fighter/pitb/kirbycopy/bodymotion
item/homerunbathr/script/animcmd/body	3	488152-488154	-
fighter/younglink/kirbycopy/c00/sound	0		fighter/younglink/kirbycopy/sound
fighter/wario/finalsmash/shared/model	0		-
fighter/plizardon/kirbycopy/c07/sound	0		fighter/plizardon/kirbycopy/sound
fighter/miienemyf/kirbycopy/c03/sound	0		fighter/miienemyf/kirbycopy/sound
fighter/pfushigisou/kirbycopy/c01/cmn	0		fighter/pfushigisou/kirbycopy/cmn
fighter/miienemys/kirbycopy/c04/sound	0		fighter/miienemys/kirbycopy/sound
fighter/link/kirbycopy/c00/bodymotion	0		fighter/link/kirbycopy/bodymotion
fighter/edge/kirbycopy/c00/bodymotion	0		fighter/edge/kirbycopy/bodymotion
fighter/edge/kirbycopy/c04/bodymotion	0		fighter/edge/kirbycopy/bodymotion
fighter/miigunner/kirbycopy/c02/sound	0		fighter/miigunner/kirbycopy/sound
fighter/link/kirbycopy/c04/bodymotion	0		fighter/link/kirbycopy/bodymotion
fighter/popo/kirbycopy/c07/bodymotion	0		fighter/popo/kirbycopy/bodymotion
fighter/szerosuit/kirbycopy/c03/sound	0		fighter/szerosuit/kirbycopy/sound
fighter/bayonetta/kirbycopy/c06/sound	0		fighter/bayonetta/kirbycopy/sound
fighter/popo/kirbycopy/c03/bodymotion	0		fighter/popo/kirbycopy/bodymotion
fighter/toonlink/kirbycopy/bodymotion	6	488497-488502	-
item/chickenparty/script/animcmd/body	3	488563-488565	-
fighter/wolf/finalsmash/shared/motion	0		-
fighter/littlemac/kirbycopy/c02/sound	0		fighter/littlemac/kirbycopy/sound
fighter/popo/kirbycopy/c00/bodymotion	0		fighter/popo/kirbycopy/bodymotion
fighter/miienemyg/kirbycopy/c07/sound	0		fighter/miienemyg/kirbycopy/sound
fighter/popo/kirbycopy/c04/bodymotion	0		fighter/popo/kirbycopy/bodymotion
fighter/gamewatch/kirbycopy/c02/sound	0		fighter/gamewatch/kirbycopy/sound
fighter/link/kirbycopy/c07/bodymotion	0		fighter/link/kirbycopy/bodymotion
fighter/gekkouga/kirbycopy/bodymotion	10	488667-488676	-
fighter/edge/kirbycopy/c07/bodymotion	0		fighter/edge/kirbycopy/bodymotion
fighter/pzenigame/kirbycopy/c07/sound	0		fighter/pzenigame/kirbycopy/sound
fighter/edge/kirbycopy/c03/bodymotion	0		fighter/edge/kirbycopy/bodymotion
fighter/link/kirbycopy/c03/bodymotion	0		fighter/link/kirbycopy/bodymotion
fighter/miienemys/kirbycopy/c02/sound	0		fighter/miienemys/kirbycopy/sound
fighter/miienemyf/kirbycopy/c05/sound	0		fighter/miienemyf/kirbycopy/sound
fighter/plizardon/kirbycopy/c01/sound	0		fighter/plizardon/kirbycopy/sound
fighter/younglink/kirbycopy/c06/sound	0		fighter/younglink/kirbycopy/sound
fighter/trail/finalsmash/shared/model	0		-
fighter/pitb/kirbycopy/c02/bodymotion	0		fighter/pitb/kirbycopy/bodymotion
fighter/miigunner/kirbycopy/c04/sound	0		fighter/miigunner/kirbycopy/sound
fighter/pitb/kirbycopy/c06/bodymotion	0		fighter/pitb/kirbycopy/bodymotion
fighter/pfushigisou/kirbycopy/c03/cmn	0		fighter/pfushigisou/kirbycopy/cmn
fighter/bayonetta/kirbycopy/c00/sound	0		fighter/bayonetta/kirbycopy/sound
fighter/szerosuit/kirbycopy/c05/sound	0		fighter/szerosuit/kirbycopy/sound
fighter/littlemac/kirbycopy/c04/sound	0		fighter/littlemac/kirbycopy/sound
fighter/wolf/finalsmash/shared/render	5	489334-489338	-
fighter/miigunner/kirbycopy/c07/sound	0		fighter/miigunner/kirbycopy/sound
fighter/jack/kirbycopy/c00/bodymotion	0		fighter/jack/kirbycopy/bodymotion
item/pacmancherry/script/animcmd/body	3	489380-489382	-
fighter/jack/kirbycopy/c04/bodymotion	0		fighter/jack/kirbycopy/bodymotion
fighter/wolf/kirbycopy/c05/bodymotion	0		fighter/wolf/kirbycopy/bodymotion
fighter/wolf/kirbycopy/c01/bodymotion	0		fighter/wolf/kirbycopy/bodymotion
fighter/szerosuit/kirbycopy/c06/sound	0		fighter/szerosuit/kirbycopy/sound
fighter/gaogaen/finalsmash/shared/lut	1	489397	-
fighter/bayonetta/kirbycopy/c03/sound	0		fighter/bayonetta/kirbycopy/sound
item/pacmanstrawberry/motion/body/c00	1	489398	-
fighter/element/finalsmash/shared/lut	1	489399	-
item/richterholywater/motion/body/c00	1	489419	-
fighter/littlemac/kirbycopy/c07/sound	0		fighter/littlemac/kirbycopy/sound
fighter/pfushigisou/kirbycopy/c02/cmn	0		fighter/pfushigisou/kirbycopy/cmn
fighter/miienemyg/kirbycopy/c04/sound	0		fighter/miienemyg/kirbycopy/sound
fighter/pzenigame/kirbycopy/c04/sound	0		fighter/pzenigame/kirbycopy/sound
fighter/gamewatch/kirbycopy/c01/sound	0		fighter/gamewatch/kirbycopy/sound
fighter/miienemys/kirbycopy/c01/sound	0		fighter/miienemys/kirbycopy/sound
fighter/younglink/kirbycopy/c05/sound	0		fighter/younglink/kirbycopy/sound
fighter/plizardon/kirbycopy/c02/sound	0		fighter/plizardon/kirbycopy/sound
fighter/miienemyf/kirbycopy/c06/sound	0		fighter/miienemyf/kirbycopy/sound
fighter/ness/kirbycopy/c02/bodymotion	0		fighter/ness/kirbycopy/bodymotion
fighter/ness/kirbycopy/c06/bodymotion	0		fighter/ness/kirbycopy/bodymotion
fighter/daisy/kirbycopy/c03/bodymotion	0		fighter/daisy/kirbycopy/bodymotion
fighter/purin/kirbycopy/c00/bodymotion	0		fighter/purin/kirbycopy/bodymotion
fighter/falco/finalsmash/shared/motion	0		-
fighter/dolly/kirbycopy/c00/bodymotion	0		fighter/dolly/kirbycopy/bodymotion
fighter/dolly/kirbycopy/c04/bodymotion	0		fighter/dolly/kirbycopy/bodymotion
fighter/purin/kirbycopy/c04/bodymotion	0		fighter/purin/kirbycopy/bodymotion
fighter/daisy/kirbycopy/c07/bodymotion	0		fighter/daisy/kirbycopy/bodymotion
fighter/shulk/kirbycopy/c01/bodymotion	0		fighter/shulk/kirbycopy/bodymotion
fighter/pichu/kirbycopy/c04/bodymotion	0		fighter/pichu/kirbycopy/bodymotion
fighter/kamui/kirbycopy/c06/bodymotion	0		fighter/kamui/kirbycopy/bodymotion
fighter/pichu/kirbycopy/c00/bodymotion	0		fighter/pichu/kirbycopy/bodymotion
fighter/shulk/kirbycopy/c05/bodymotion	0		fighter/shulk/kirbycopy/bodymotion
fighter/kamui/kirbycopy/c02/bodymotion	0		fighter/kamui/kirbycopy/bodymotion
fighter/younglink/kirbycopy/bodymotion	6	489703-489708	-
fighter/luigi/kirbycopy/c04/bodymotion	0		fighter/luigi/kirbycopy/bodymotion
fighter/brave/kirbycopy/c04/bodymotion	0		fighter/brave/kirbycopy/bodymotion
fighter/brave/kirbycopy/c00/bodymotion	0		fighter/brave/kirbycopy/bodymotion
fighter/buddy/finalsmash/shared/render	5	489713-489717	-
fighter/demon/finalsmash/shared/render	5	489718-489722	-
fighter/luigi/kirbycopy/c00/bodymotion	0		fighter/luigi/kirbycopy/bodymotion
fighter/trail/kirbycopy/c04/bodymotion	0		fighter/trail/kirbycopy/bodymotion
fighter/simon/kirbycopy/c05/bodymotion	0		fighter/simon/kirbycopy/bodymotion
fighter/zelda/kirbycopy/c05/bodymotion	0		fighter/zelda/kirbycopy/bodymotion
fighter/simon/kirbycopy/c01/bodymotion	0		fighter/simon/kirbycopy/bodymotion
fighter/zelda/kirbycopy/c01/bodymotion	0		fighter/zelda/kirbycopy/bodymotion
fighter/trail/kirbycopy/c00/bodymotion	0		fighter/trail/kirbycopy/bodymotion
fighter/sheik/kirbycopy/c01/bodymotion	0		fighter/sheik/kirbycopy/bodymotion
fighter/chrom/kirbycopy/c03/bodymotion	0		fighter/chrom/kirbycopy/bodymotion
fighter/chrom/kirbycopy/c07/bodymotion	0		fighter/chrom/kirbycopy/bodymotion
fighter/sheik/kirbycopy/c05/bodymotion	0		fighter/sheik/kirbycopy/bodymotion
fighter/koopa/kirbycopy/c05/bodymotion	0		fighter/koopa/kirbycopy/bodymotion
fighter/marth/kirbycopy/c02/bodymotion	0		fighter/marth/kirbycopy/bodymotion
fighter/koopa/kirbycopy/c01/bodymotion	0		fighter/koopa/kirbycopy/bodymotion
fighter/marth/kirbycopy/c06/bodymotion	0		fighter/marth/kirbycopy/bodymotion
fighter/wario/kirbycopy/c01/bodymotion	0		fighter/wario/kirbycopy/bodymotion
item/killereyeshot/script/animcmd/body	3	489905-489907	-
fighter/metaknight/kirbycopy/c01/sound	0		fighter/metaknight/kirbycopy/sound
fighter/wario/kirbycopy/c05/bodymotion	0		fighter/wario/kirbycopy/bodymotion
fighter/miifighter/kirbycopy/c04/sound	0		fighter/miifighter/kirbycopy/sound
fighter/ganon/kirbycopy/c05/bodymotion	0		fighter/ganon/kirbycopy/bodymotion
fighter/wario/finalsmash/shared/render	5	489992-489996	-
item/staffrouletteshot/motion/body/c00	1	490023	-
fighter/sonic/kirbycopy/c04/bodymotion	0		fighter/sonic/kirbycopy/bodymotion
fighter/sonic/kirbycopy/c00/bodymotion	0		fighter/sonic/kirbycopy/bodymotion
fighter/ganon/kirbycopy/c01/bodymotion	0		fighter/ganon/kirbycopy/bodymotion
fighter/peach/kirbycopy/c01/bodymotion	0		fighter/peach/kirbycopy/bodymotion
fighter/lucas/kirbycopy/c03/bodymotion	0		fighter/lucas/kirbycopy/bodymotion
fighter/peach/kirbycopy/c05/bodymotion	0		fighter/peach/kirbycopy/bodymotion
fighter/lucas/kirbycopy/c07/bodymotion	0		fighter/lucas/kirbycopy/bodymotion
fighter/kamui/finalsmash/shared/motion	0		-
fighter/diddy/kirbycopy/c03/bodymotion	0		fighter/diddy/kirbycopy/bodymotion
fighter/mario/kirbycopy/c01/bodymotion	0		fighter/mario/kirbycopy/bodymotion
fighter/yoshi/kirbycopy/c07/bodymotion	0		fighter/yoshi/kirbycopy/bodymotion
fighter/metaknight/kirbycopy/c02/sound	0		fighter/metaknight/kirbycopy/sound
fighter/yoshi/kirbycopy/c03/bodymotion	0		fighter/yoshi/kirbycopy/bodymotion
fighter/diddy/kirbycopy/c07/bodymotion	0		fighter/diddy/kirbycopy/bodymotion
fighter/mario/kirbycopy/c05/bodymotion	0		fighter/mario/kirbycopy/bodymotion
fighter/falco/kirbycopy/c06/bodymotion	0		fighter/falco/kirbycopy/bodymotion
fighter/miifighter/kirbycopy/c07/sound	0		fighter/miifighter/kirbycopy/sound
fighter/falco/kirbycopy/c02/bodymotion	0		fighter/falco/kirbycopy/bodymotion
fighter/buddy/kirbycopy/c05/bodymotion	0		fighter/buddy/kirbycopy/bodymotion
fighter/demon/kirbycopy/c05/bodymotion	0		fighter/demon/kirbycopy/bodymotion
fighter/snake/kirbycopy/c01/bodymotion	0		fighter/snake/kirbycopy/bodymotion
fighter/krool/kirbycopy/c03/bodymotion	0		fighter/krool/kirbycopy/bodymotion
fighter/buddy/kirbycopy/c01/bodymotion	0		fighter/buddy/kirbycopy/bodymotion
fighter/demon/kirbycopy/c01/bodymotion	0		fighter/demon/kirbycopy/bodymotion
fighter/snake/kirbycopy/c05/bodymotion	0		fighter/snake/kirbycopy/bodymotion
fighter/krool/kirbycopy/c07/bodymotion	0		fighter/krool/kirbycopy/bodymotion
fighter/robot/kirbycopy/c06/bodymotion	0		fighter/robot/kirbycopy/bodymotion
fighter/szerosuit/kirbycopy/bodymotion	7	490108-490114	-
fighter/simon/finalsmash/shared/render	5	490117-490121	-
fighter/dedede/finalsmash/shared/model	0		-
fighter/robot/kirbycopy/c02/bodymotion	0		fighter/robot/kirbycopy/bodymotion
fighter/master/finalsmash/shared/model	0		-
fighter/cloud/kirbycopy/c06/bodymotion	0		fighter/cloud/kirbycopy/bodymotion
fighter/samus/kirbycopy/c07/bodymotion	0		fighter/samus/kirbycopy/bodymotion
fighter/shulk/finalsmash/shared/render	5	490300-490304	-
fighter/samus/kirbycopy/c03/bodymotion	0		fighter/samus/kirbycopy/bodymotion
fighter/cloud/kirbycopy/c02/bodymotion	0		fighter/cloud/kirbycopy/bodymotion
fighter/robot/kirbycopy/c01/bodymotion	0		fighter/robot/kirbycopy/bodymotion
fighter/wario/finalsmash/shared/motion	0		-
fighter/robot/kirbycopy/c05/bodymotion	0		fighter/robot/kirbycopy/bodymotion
fighter/krool/kirbycopy/c04/bodymotion	0		fighter/krool/kirbycopy/bodymotion
fighter/demon/kirbycopy/c02/bodymotion	0		fighter/demon/kirbycopy/bodymotion
fighter/buddy/kirbycopy/c02/bodymotion	0		fighter/buddy/kirbycopy/bodymotion
fighter/snake/kirbycopy/c06/bodymotion	0		fighter/snake/kirbycopy/bodymotion
fighter/krool/kirbycopy/c00/bodymotion	0		fighter/krool/kirbycopy/bodymotion
fighter/demon/kirbycopy/c06/bodymotion	0		fighter/demon/kirbycopy/bodymotion
fighter/buddy/kirbycopy/c06/bodymotion	0		fighter/buddy/kirbycopy/bodymotion
fighter/snake/kirbycopy/c02/bodymotion	0		fighter/snake/kirbycopy/bodymotion
fighter/cloud/kirbycopy/c01/bodymotion	0		fighter/cloud/kirbycopy/bodymotion
fighter/samus/kirbycopy/c00/bodymotion	0		fighter/samus/kirbycopy/bodymotion
fighter/metaknight/kirbycopy/c04/sound	0		fighter/metaknight/kirbycopy/sound
fighter/kamui/finalsmash/shared/render	5	490556-490560	-
fighter/samus/kirbycopy/c04/bodymotion	0		fighter/samus/kirbycopy/bodymotion
fighter/cloud/kirbycopy/c05/bodymotion	0		fighter/cloud/kirbycopy/bodymotion
fighter/plizardon/kirbycopy/bodymotion	6	490636-490641	-
fighter/miienemys/kirbycopy/bodymotion	0		-
fighter/miifighter/kirbycopy/c01/sound	0		fighter/miifighter/kirbycopy/sound
fighter/lucas/kirbycopy/c04/bodymotion	0		fighter/lucas/kirbycopy/bodymotion
fighter/peach/kirbycopy/c06/bodymotion	0		fighter/peach/kirbycopy/bodymotion
fighter/lucas/kirbycopy/c00/bodymotion	0		fighter/lucas/kirbycopy/bodymotion
item/younglinkbomb/script/animcmd/body	3	490755-490757	-
fighter/peach/kirbycopy/c02/bodymotion	0		fighter/peach/kirbycopy/bodymotion
fighter/ganon/kirbycopy/c02/bodymotion	0		fighter/ganon/kirbycopy/bodymotion
fighter/sonic/kirbycopy/c03/bodymotion	0		fighter/sonic/kirbycopy/bodymotion
fighter/sonic/kirbycopy/c07/bodymotion	0		fighter/sonic/kirbycopy/bodymotion
fighter/simon/finalsmash/shared/motion	0		-
fighter/ganon/kirbycopy/c06/bodymotion	0		fighter/ganon/kirbycopy/bodymotion
fighter/falco/kirbycopy/c01/bodymotion	0		fighter/falco/kirbycopy/bodymotion
fighter/pickel/finalsmash/shared/model	0		-
fighter/bayonetta/kirbycopy/bodymotion	16	490845-490860	-
fighter/falco/kirbycopy/c05/bodymotion	0		fighter/falco/kirbycopy/bodymotion
fighter/mario/kirbycopy/c06/bodymotion	0		fighter/mario/kirbycopy/bodymotion
fighter/shulk/finalsmash/shared/motion	0		-
fighter/diddy/kirbycopy/c04/bodymotion	0		fighter/diddy/kirbycopy/bodymotion
fighter/yoshi/kirbycopy/c00/bodymotion	0		fighter/yoshi/kirbycopy/bodymotion
fighter/yoshi/kirbycopy/c04/bodymotion	0		fighter/yoshi/kirbycopy/bodymotion
fighter/mario/kirbycopy/c02/bodymotion	0		fighter/mario/kirbycopy/bodymotion
fighter/diddy/kirbycopy/c00/bodymotion	0		fighter/diddy/kirbycopy/bodymotion
fighter/marth/kirbycopy/c05/bodymotion	0		fighter/marth/kirbycopy/bodymotion
fighter/falco/finalsmash/shared/render	5	490949-490953	-
fighter/koopa/kirbycopy/c02/bodymotion	0		fighter/koopa/kirbycopy/bodymotion
fighter/marth/kirbycopy/c01/bodymotion	0		fighter/marth/kirbycopy/bodymotion
fighter/koopa/kirbycopy/c06/bodymotion	0		fighter/koopa/kirbycopy/bodymotion
fighter/sheik/kirbycopy/c06/bodymotion	0		fighter/sheik/kirbycopy/bodymotion
fighter/chrom/kirbycopy/c04/bodymotion	0		fighter/chrom/kirbycopy/bodymotion
fighter/chrom/kirbycopy/c00/bodymotion	0		fighter/chrom/kirbycopy/bodymotion
fighter/sheik/kirbycopy/c02/bodymotion	0		fighter/sheik/kirbycopy/bodymotion
fighter/buddy/finalsmash/shared/motion	0		-
fighter/demon/finalsmash/shared/motion	0		-
fighter/wario/kirbycopy/c06/bodymotion	0		fighter/wario/kirbycopy/bodymotion
fighter/wario/kirbycopy/c02/bodymotion	0		fighter/wario/kirbycopy/bodymotion
fighter/kamui/kirbycopy/c01/bodymotion	0		fighter/kamui/kirbycopy/bodymotion
fighter/shulk/kirbycopy/c06/bodymotion	0		fighter/shulk/kirbycopy/bodymotion
fighter/pichu/kirbycopy/c03/bodymotion	0		fighter/pichu/kirbycopy/bodymotion
fighter/kamui/kirbycopy/c05/bodymotion	0		fighter/kamui/kirbycopy/bodymotion
fighter/pichu/kirbycopy/c07/bodymotion	0		fighter/pichu/kirbycopy/bodymotion
fighter/shulk/kirbycopy/c02/bodymotion	0		fighter/shulk/kirbycopy/bodymotion
fighter/daisy/kirbycopy/c04/bodymotion	0		fighter/daisy/kirbycopy/bodymotion
fighter/purin/kirbycopy/c07/bodymotion	0		fighter/purin/kirbycopy/bodymotion
item/murabitofruit/script/animcmd/body	3	491249-491251	-
fighter/dolly/kirbycopy/c07/bodymotion	0		fighter/dolly/kirbycopy/bodymotion
fighter/dolly/kirbycopy/c03/bodymotion	0		fighter/dolly/kirbycopy/bodymotion
fighter/purin/kirbycopy/c03/bodymotion	0		fighter/purin/kirbycopy/bodymotion
fighter/daisy/kirbycopy/c00/bodymotion	0		fighter/daisy/kirbycopy/bodymotion
fighter/trail/kirbycopy/c03/bodymotion	0		fighter/trail/kirbycopy/bodymotion
fighter/metaknight/kirbycopy/c07/sound	0		fighter/metaknight/kirbycopy/sound
fighter/zelda/kirbycopy/c02/bodymotion	0		fighter/zelda/kirbycopy/bodymotion
fighter/simon/kirbycopy/c02/bodymotion	0		fighter/simon/kirbycopy/bodymotion
fighter/zelda/kirbycopy/c06/bodymotion	0		fighter/zelda/kirbycopy/bodymotion
fighter/simon/kirbycopy/c06/bodymotion	0		fighter/simon/kirbycopy/bodymotion
fighter/trail/kirbycopy/c07/bodymotion	0		fighter/trail/kirbycopy/bodymotion
fighter/luigi/kirbycopy/c03/bodymotion	0		fighter/luigi/kirbycopy/bodymotion
fighter/brave/kirbycopy/c03/bodymotion	0		fighter/brave/kirbycopy/bodymotion
fighter/brave/kirbycopy/c07/bodymotion	0		fighter/brave/kirbycopy/bodymotion
fighter/miifighter/kirbycopy/c02/sound	0		fighter/miifighter/kirbycopy/sound
fighter/luigi/kirbycopy/c07/bodymotion	0		fighter/luigi/kirbycopy/bodymotion
fighter/wario/kirbycopy/c04/bodymotion	0		fighter/wario/kirbycopy/bodymotion
fighter/wario/kirbycopy/c00/bodymotion	0		fighter/wario/kirbycopy/bodymotion
fighter/krool/finalsmash/shared/motion	0		-
fighter/sheik/kirbycopy/c04/bodymotion	0		fighter/sheik/kirbycopy/bodymotion
fighter/chrom/kirbycopy/c06/bodymotion	0		fighter/chrom/kirbycopy/bodymotion
fighter/chrom/kirbycopy/c02/bodymotion	0		fighter/chrom/kirbycopy/bodymotion
fighter/sheik/kirbycopy/c00/bodymotion	0		fighter/sheik/kirbycopy/bodymotion
fighter/miifighter/kirbycopy/c06/sound	0		fighter/miifighter/kirbycopy/sound
fighter/marth/kirbycopy/c07/bodymotion	0		fighter/marth/kirbycopy/bodymotion
fighter/koopa/kirbycopy/c00/bodymotion	0		fighter/koopa/kirbycopy/bodymotion
fighter/metaknight/kirbycopy/c03/sound	0		fighter/metaknight/kirbycopy/sound
fighter/marth/kirbycopy/c03/bodymotion	0		fighter/marth/kirbycopy/bodymotion
fighter/koopa/kirbycopy/c04/bodymotion	0		fighter/koopa/kirbycopy/bodymotion
fighter/luigi/kirbycopy/c01/bodymotion	0		fighter/luigi/kirbycopy/bodymotion
fighter/brave/kirbycopy/c01/bodymotion	0		fighter/brave/kirbycopy/bodymotion
fighter/brave/kirbycopy/c05/bodymotion	0		fighter/brave/kirbycopy/bodymotion
fighter/luigi/kirbycopy/c05/bodymotion	0		fighter/luigi/kirbycopy/bodymotion
fighter/trail/kirbycopy/c01/bodymotion	0		fighter/trail/kirbycopy/bodymotion
fighter/zelda/kirbycopy/c00/bodymotion	0		fighter/zelda/kirbycopy/bodymotion
fighter/simon/kirbycopy/c00/bodymotion	0		fighter/simon/kirbycopy/bodymotion
fighter/zelda/kirbycopy/c04/bodymotion	0		fighter/zelda/kirbycopy/bodymotion
fighter/simon/kirbycopy/c04/bodymotion	0		fighter/simon/kirbycopy/bodymotion
fighter/trail/kirbycopy/c05/bodymotion	0		fighter/trail/kirbycopy/bodymotion
fighter/daisy/kirbycopy/c06/bodymotion	0		fighter/daisy/kirbycopy/bodymotion
fighter/purin/kirbycopy/c05/bodymotion	0		fighter/purin/kirbycopy/bodymotion
fighter/dolly/kirbycopy/c05/bodymotion	0		fighter/dolly/kirbycopy/bodymotion
fighter/dolly/kirbycopy/c01/bodymotion	0		fighter/dolly/kirbycopy/bodymotion
fighter/purin/kirbycopy/c01/bodymotion	0		fighter/purin/kirbycopy/bodymotion
fighter/daisy/kirbycopy/c02/bodymotion	0		fighter/daisy/kirbycopy/bodymotion
fighter/pichu/kirbycopy/c01/bodymotion	0		fighter/pichu/kirbycopy/bodymotion
fighter/shulk/kirbycopy/c04/bodymotion	0		fighter/shulk/kirbycopy/bodymotion
fighter/kamui/kirbycopy/c03/bodymotion	0		fighter/kamui/kirbycopy/bodymotion
fighter/shulk/kirbycopy/c00/bodymotion	0		fighter/shulk/kirbycopy/bodymotion
fighter/pichu/kirbycopy/c05/bodymotion	0		fighter/pichu/kirbycopy/bodymotion
fighter/kamui/kirbycopy/c07/bodymotion	0		fighter/kamui/kirbycopy/bodymotion
item/superleaftail/script/animcmd/body	3	491732-491734	-
fighter/yoshi/finalsmash/shared/motion	0		-
fighter/dolly/finalsmash/shared/render	5	491920-491924	-
fighter/cloud/kirbycopy/c03/bodymotion	0		fighter/cloud/kirbycopy/bodymotion
fighter/samus/kirbycopy/c02/bodymotion	0		fighter/samus/kirbycopy/bodymotion
fighter/samus/kirbycopy/c06/bodymotion	0		fighter/samus/kirbycopy/bodymotion
fighter/cloud/kirbycopy/c07/bodymotion	0		fighter/cloud/kirbycopy/bodymotion
fighter/brave/finalsmash/shared/render	5	492049-492053	-
fighter/krool/kirbycopy/c06/bodymotion	0		fighter/krool/kirbycopy/bodymotion
fighter/buddy/kirbycopy/c00/bodymotion	0		fighter/buddy/kirbycopy/bodymotion
fighter/demon/kirbycopy/c00/bodymotion	0		fighter/demon/kirbycopy/bodymotion
fighter/snake/kirbycopy/c04/bodymotion	0		fighter/snake/kirbycopy/bodymotion
fighter/krool/kirbycopy/c02/bodymotion	0		fighter/krool/kirbycopy/bodymotion
fighter/buddy/kirbycopy/c04/bodymotion	0		fighter/buddy/kirbycopy/bodymotion
fighter/demon/kirbycopy/c04/bodymotion	0		fighter/demon/kirbycopy/bodymotion
fighter/snake/kirbycopy/c00/bodymotion	0		fighter/snake/kirbycopy/bodymotion
item/revengeshootershot/script/animcmd	0		-
fighter/trail/finalsmash/shared/render	4	492065-492068	-
fighter/robot/kirbycopy/c03/bodymotion	0		fighter/robot/kirbycopy/bodymotion
fighter/gamewatch/kirbycopy/bodymotion	2	492086-492087	-
fighter/miienemyf/kirbycopy/bodymotion	0		-
item/staffroulette/script/animcmd/body	3	492169-492171	-
fighter/robot/kirbycopy/c07/bodymotion	0		fighter/robot/kirbycopy/bodymotion
fighter/mario/kirbycopy/c04/bodymotion	0		fighter/mario/kirbycopy/bodymotion
fighter/diddy/kirbycopy/c06/bodymotion	0		fighter/diddy/kirbycopy/bodymotion
fighter/yoshi/kirbycopy/c02/bodymotion	0		fighter/yoshi/kirbycopy/bodymotion
fighter/yoshi/kirbycopy/c06/bodymotion	0		fighter/yoshi/kirbycopy/bodymotion
fighter/mario/kirbycopy/c00/bodymotion	0		fighter/mario/kirbycopy/bodymotion
fighter/diddy/kirbycopy/c02/bodymotion	0		fighter/diddy/kirbycopy/bodymotion
fighter/falco/kirbycopy/c03/bodymotion	0		fighter/falco/kirbycopy/bodymotion
fighter/falco/kirbycopy/c07/bodymotion	0		fighter/falco/kirbycopy/bodymotion
fighter/ganon/kirbycopy/c00/bodymotion	0		fighter/ganon/kirbycopy/bodymotion
fighter/sonic/kirbycopy/c01/bodymotion	0		fighter/sonic/kirbycopy/bodymotion
fighter/pzenigame/kirbycopy/bodymotion	10	492298-492307	-
fighter/miienemyg/kirbycopy/bodymotion	0		-
fighter/sonic/kirbycopy/c05/bodymotion	0		fighter/sonic/kirbycopy/bodymotion
fighter/miifighter/kirbycopy/c05/sound	0		fighter/miifighter/kirbycopy/sound
fighter/ganon/kirbycopy/c04/bodymotion	0		fighter/ganon/kirbycopy/bodymotion
fighter/lucas/kirbycopy/c06/bodymotion	0		fighter/lucas/kirbycopy/bodymotion
fighter/peach/kirbycopy/c04/bodymotion	0		fighter/peach/kirbycopy/bodymotion
fighter/metaknight/kirbycopy/c00/sound	0		fighter/metaknight/kirbycopy/sound
fighter/lucas/kirbycopy/c02/bodymotion	0		fighter/lucas/kirbycopy/bodymotion
fighter/peach/kirbycopy/c00/bodymotion	0		fighter/peach/kirbycopy/bodymotion
fighter/falco/kirbycopy/c04/bodymotion	0		fighter/falco/kirbycopy/bodymotion
fighter/falco/kirbycopy/c00/bodymotion	0		fighter/falco/kirbycopy/bodymotion
fighter/dolly/finalsmash/shared/motion	0		-
fighter/diddy/kirbycopy/c01/bodymotion	0		fighter/diddy/kirbycopy/bodymotion
fighter/mario/kirbycopy/c03/bodymotion	0		fighter/mario/kirbycopy/bodymotion
fighter/yoshi/kirbycopy/c05/bodymotion	0		fighter/yoshi/kirbycopy/bodymotion
fighter/yoshi/kirbycopy/c01/bodymotion	0		fighter/yoshi/kirbycopy/bodymotion
fighter/diddy/kirbycopy/c05/bodymotion	0		fighter/diddy/kirbycopy/bodymotion
fighter/mario/kirbycopy/c07/bodymotion	0		fighter/mario/kirbycopy/bodymotion
fighter/peach/kirbycopy/c03/bodymotion	0		fighter/peach/kirbycopy/bodymotion
fighter/brave/finalsmash/shared/motion	0		-
fighter/lucas/kirbycopy/c01/bodymotion	0		fighter/lucas/kirbycopy/bodymotion
fighter/peach/kirbycopy/c07/bodymotion	0		fighter/peach/kirbycopy/bodymotion
fighter/lucas/kirbycopy/c05/bodymotion	0		fighter/lucas/kirbycopy/bodymotion
fighter/miigunner/kirbycopy/bodymotion	8	492357-492364	-
fighter/ganon/kirbycopy/c07/bodymotion	0		fighter/ganon/kirbycopy/bodymotion
fighter/trail/finalsmash/shared/motion	0		-
fighter/sonic/kirbycopy/c06/bodymotion	0		fighter/sonic/kirbycopy/bodymotion
fighter/sonic/kirbycopy/c02/bodymotion	0		fighter/sonic/kirbycopy/bodymotion
fighter/ganon/kirbycopy/c03/bodymotion	0		fighter/ganon/kirbycopy/bodymotion
fighter/cloud/kirbycopy/c04/bodymotion	0		fighter/cloud/kirbycopy/bodymotion
fighter/samus/kirbycopy/c05/bodymotion	0		fighter/samus/kirbycopy/bodymotion
item/explosionbomb/script/animcmd/body	3	492557-492559	-
fighter/samus/kirbycopy/c01/bodymotion	0		fighter/samus/kirbycopy/bodymotion
fighter/cloud/kirbycopy/c00/bodymotion	0		fighter/cloud/kirbycopy/bodymotion
fighter/robot/kirbycopy/c04/bodymotion	0		fighter/robot/kirbycopy/bodymotion
fighter/miifighter/kirbycopy/c03/sound	0		fighter/miifighter/kirbycopy/sound
fighter/robot/kirbycopy/c00/bodymotion	0		fighter/robot/kirbycopy/bodymotion
fighter/demon/kirbycopy/c07/bodymotion	0		fighter/demon/kirbycopy/bodymotion
fighter/buddy/kirbycopy/c07/bodymotion	0		fighter/buddy/kirbycopy/bodymotion
fighter/snake/kirbycopy/c03/bodymotion	0		fighter/snake/kirbycopy/bodymotion
fighter/krool/kirbycopy/c01/bodymotion	0		fighter/krool/kirbycopy/bodymotion
fighter/demon/kirbycopy/c03/bodymotion	0		fighter/demon/kirbycopy/bodymotion
fighter/buddy/kirbycopy/c03/bodymotion	0		fighter/buddy/kirbycopy/bodymotion
fighter/snake/kirbycopy/c07/bodymotion	0		fighter/snake/kirbycopy/bodymotion
fighter/metaknight/kirbycopy/c06/sound	0		fighter/metaknight/kirbycopy/sound
fighter/krool/kirbycopy/c05/bodymotion	0		fighter/krool/kirbycopy/bodymotion
fighter/trail/kirbycopy/c06/bodymotion	0		fighter/trail/kirbycopy/bodymotion
fighter/simon/kirbycopy/c07/bodymotion	0		fighter/simon/kirbycopy/bodymotion
item/bananagunshot/script/animcmd/body	3	492832-492834	-
fighter/zelda/kirbycopy/c07/bodymotion	0		fighter/zelda/kirbycopy/bodymotion
fighter/simon/kirbycopy/c03/bodymotion	0		fighter/simon/kirbycopy/bodymotion
fighter/zelda/kirbycopy/c03/bodymotion	0		fighter/zelda/kirbycopy/bodymotion
fighter/trail/kirbycopy/c02/bodymotion	0		fighter/trail/kirbycopy/bodymotion
fighter/luigi/kirbycopy/c06/bodymotion	0		fighter/luigi/kirbycopy/bodymotion
fighter/brave/kirbycopy/c06/bodymotion	0		fighter/brave/kirbycopy/bodymotion
fighter/krool/finalsmash/shared/render	5	492882-492886	-
fighter/brave/kirbycopy/c02/bodymotion	0		fighter/brave/kirbycopy/bodymotion
fighter/luigi/kirbycopy/c02/bodymotion	0		fighter/luigi/kirbycopy/bodymotion
fighter/miifighter/kirbycopy/c00/sound	0		fighter/miifighter/kirbycopy/sound
fighter/kamui/kirbycopy/c04/bodymotion	0		fighter/kamui/kirbycopy/bodymotion
fighter/pichu/kirbycopy/c06/bodymotion	0		fighter/pichu/kirbycopy/bodymotion
fighter/shulk/kirbycopy/c03/bodymotion	0		fighter/shulk/kirbycopy/bodymotion
fighter/kamui/kirbycopy/c00/bodymotion	0		fighter/kamui/kirbycopy/bodymotion
fighter/shulk/kirbycopy/c07/bodymotion	0		fighter/shulk/kirbycopy/bodymotion
fighter/pichu/kirbycopy/c02/bodymotion	0		fighter/pichu/kirbycopy/bodymotion
item/teamhealfield/script/animcmd/body	3	492912-492914	-
fighter/daisy/kirbycopy/c01/bodymotion	0		fighter/daisy/kirbycopy/bodymotion
fighter/purin/kirbycopy/c02/bodymotion	0		fighter/purin/kirbycopy/bodymotion
fighter/littlemac/kirbycopy/bodymotion	12	492940-492951	-
fighter/dolly/kirbycopy/c02/bodymotion	0		fighter/dolly/kirbycopy/bodymotion
fighter/dolly/kirbycopy/c06/bodymotion	0		fighter/dolly/kirbycopy/bodymotion
fighter/metaknight/kirbycopy/c05/sound	0		fighter/metaknight/kirbycopy/sound
fighter/purin/kirbycopy/c06/bodymotion	0		fighter/purin/kirbycopy/bodymotion
fighter/daisy/kirbycopy/c05/bodymotion	0		fighter/daisy/kirbycopy/bodymotion
fighter/ridley/finalsmash/shared/model	0		-
fighter/wario/kirbycopy/c03/bodymotion	0		fighter/wario/kirbycopy/bodymotion
fighter/wario/kirbycopy/c07/bodymotion	0		fighter/wario/kirbycopy/bodymotion
fighter/koopa/kirbycopy/c07/bodymotion	0		fighter/koopa/kirbycopy/bodymotion
fighter/marth/kirbycopy/c00/bodymotion	0		fighter/marth/kirbycopy/bodymotion
fighter/koopa/kirbycopy/c03/bodymotion	0		fighter/koopa/kirbycopy/bodymotion
fighter/tantan/finalsmash/shared/model	0		-
fighter/marth/kirbycopy/c04/bodymotion	0		fighter/marth/kirbycopy/bodymotion
fighter/duckhunt/finalsmash/shared/lut	1	493178	-
fighter/sheik/kirbycopy/c03/bodymotion	0		fighter/sheik/kirbycopy/bodymotion
fighter/chrom/kirbycopy/c01/bodymotion	0		fighter/chrom/kirbycopy/bodymotion
fighter/chrom/kirbycopy/c05/bodymotion	0		fighter/chrom/kirbycopy/bodymotion
fighter/sheik/kirbycopy/c07/bodymotion	0		fighter/sheik/kirbycopy/bodymotion
fighter/yoshi/finalsmash/shared/render	4	493200-493203	-
fighter/gaogaen/finalsmash/shared/model	0		-
fighter/master/finalsmash/shared/motion	0		-
fighter/eflame/kirbycopy/c03/bodymotion	0		fighter/eflame/kirbycopy/bodymotion
fighter/pickel/kirbycopy/c04/bodymotion	0		fighter/pickel/kirbycopy/bodymotion
fighter/pickel/kirbycopy/c00/bodymotion	0		fighter/pickel/kirbycopy/bodymotion
fighter/eflame/kirbycopy/c07/bodymotion	0		fighter/eflame/kirbycopy/bodymotion
fighter/packun/kirbycopy/c07/bodymotion	0		fighter/packun/kirbycopy/bodymotion
fighter/packun/kirbycopy/c03/bodymotion	0		fighter/packun/kirbycopy/bodymotion
item/revengeshooter/script/animcmd/body	3	493370-493372	-
fighter/reflet/kirbycopy/c00/bodymotion	0		fighter/reflet/kirbycopy/bodymotion
fighter/rockman/finalsmash/shared/model	0		-
fighter/reflet/kirbycopy/c04/bodymotion	0		fighter/reflet/kirbycopy/bodymotion
fighter/pfushigisou/kirbycopy/c05/sound	0		fighter/pfushigisou/kirbycopy/sound
fighter/lucina/kirbycopy/c06/bodymotion	0		fighter/lucina/kirbycopy/bodymotion
fighter/pikmin/kirbycopy/c04/bodymotion	0		fighter/pikmin/kirbycopy/bodymotion
fighter/lucina/kirbycopy/c02/bodymotion	0		fighter/lucina/kirbycopy/bodymotion
fighter/pikmin/kirbycopy/c00/bodymotion	0		fighter/pikmin/kirbycopy/bodymotion
fighter/tantan/kirbycopy/c02/bodymotion	0		fighter/tantan/kirbycopy/bodymotion
fighter/tantan/kirbycopy/c06/bodymotion	0		fighter/tantan/kirbycopy/bodymotion
fighter/wiifit/kirbycopy/c00/bodymotion	0		fighter/wiifit/kirbycopy/bodymotion
fighter/ridley/kirbycopy/c01/bodymotion	0		fighter/ridley/kirbycopy/bodymotion
fighter/ridley/kirbycopy/c05/bodymotion	0		fighter/ridley/kirbycopy/bodymotion
fighter/wiifit/kirbycopy/c04/bodymotion	0		fighter/wiifit/kirbycopy/bodymotion
fighter/shizue/kirbycopy/c01/bodymotion	0		fighter/shizue/kirbycopy/bodymotion
fighter/samusd/kirbycopy/c01/bodymotion	0		fighter/samusd/kirbycopy/bodymotion
fighter/koopag/kirbycopy/c04/bodymotion	0		fighter/koopag/kirbycopy/bodymotion
fighter/samusd/kirbycopy/c05/bodymotion	0		fighter/samusd/kirbycopy/bodymotion
fighter/koopag/kirbycopy/c00/bodymotion	0		fighter/koopag/kirbycopy/bodymotion
fighter/pfushigisou/kirbycopy/c06/sound	0		fighter/pfushigisou/kirbycopy/sound
fighter/shizue/kirbycopy/c05/bodymotion	0		fighter/shizue/kirbycopy/bodymotion
fighter/bayonetta/finalsmash/shared/lut	1	493638	-
fighter/ridley/finalsmash/shared/render	5	493727-493731	-
fighter/master/kirbycopy/c06/bodymotion	0		fighter/master/kirbycopy/bodymotion
fighter/master/kirbycopy/c02/bodymotion	0		fighter/master/kirbycopy/bodymotion
item/fireflowershot/script/animcmd/body	3	493780-493782	-
fighter/donkey/kirbycopy/c01/bodymotion	0		fighter/donkey/kirbycopy/bodymotion
fighter/dedede/kirbycopy/c00/bodymotion	0		fighter/dedede/kirbycopy/bodymotion
fighter/mariod/kirbycopy/c04/bodymotion	0		fighter/mariod/kirbycopy/bodymotion
fighter/mewtwo/kirbycopy/c02/bodymotion	0		fighter/mewtwo/kirbycopy/bodymotion
fighter/mariod/kirbycopy/c00/bodymotion	0		fighter/mariod/kirbycopy/bodymotion
fighter/mewtwo/kirbycopy/c06/bodymotion	0		fighter/mewtwo/kirbycopy/bodymotion
fighter/donkey/kirbycopy/c05/bodymotion	0		fighter/donkey/kirbycopy/bodymotion
fighter/dedede/kirbycopy/c04/bodymotion	0		fighter/dedede/kirbycopy/bodymotion
fighter/pacman/kirbycopy/c03/bodymotion	0		fighter/pacman/kirbycopy/bodymotion
fighter/tantan/finalsmash/shared/motion	0		-
fighter/pacman/kirbycopy/c07/bodymotion	0		fighter/pacman/kirbycopy/bodymotion
fighter/elight/kirbycopy/c07/bodymotion	0		fighter/elight/kirbycopy/bodymotion
fighter/elight/kirbycopy/c03/bodymotion	0		fighter/elight/kirbycopy/bodymotion
fighter/pfushigisou/kirbycopy/c00/sound	0		fighter/pfushigisou/kirbycopy/sound
fighter/pacman/kirbycopy/c04/bodymotion	0		fighter/pacman/kirbycopy/bodymotion
fighter/pacman/kirbycopy/c00/bodymotion	0		fighter/pacman/kirbycopy/bodymotion
fighter/dedede/kirbycopy/c07/bodymotion	0		fighter/dedede/kirbycopy/bodymotion
fighter/ridley/finalsmash/shared/motion	0		-
fighter/donkey/kirbycopy/c06/bodymotion	0		fighter/donkey/kirbycopy/bodymotion
fighter/mewtwo/kirbycopy/c05/bodymotion	0		fighter/mewtwo/kirbycopy/bodymotion
fighter/mariod/kirbycopy/c03/bodymotion	0		fighter/mariod/kirbycopy/bodymotion
fighter/mewtwo/kirbycopy/c01/bodymotion	0		fighter/mewtwo/kirbycopy/bodymotion
fighter/mariod/kirbycopy/c07/bodymotion	0		fighter/mariod/kirbycopy/bodymotion
fighter/dedede/kirbycopy/c03/bodymotion	0		fighter/dedede/kirbycopy/bodymotion
fighter/donkey/kirbycopy/c02/bodymotion	0		fighter/donkey/kirbycopy/bodymotion
fighter/elight/kirbycopy/c00/bodymotion	0		fighter/elight/kirbycopy/bodymotion
fighter/elight/kirbycopy/c04/bodymotion	0		fighter/elight/kirbycopy/bodymotion
fighter/master/kirbycopy/c01/bodymotion	0		fighter/master/kirbycopy/bodymotion
fighter/master/kirbycopy/c05/bodymotion	0		fighter/master/kirbycopy/bodymotion
fighter/shizue/kirbycopy/c06/bodymotion	0		fighter/shizue/kirbycopy/bodymotion
fighter/koopag/kirbycopy/c03/bodymotion	0		fighter/koopag/kirbycopy/bodymotion
fighter/samusd/kirbycopy/c06/bodymotion	0		fighter/samusd/kirbycopy/bodymotion
fighter/koopag/kirbycopy/c07/bodymotion	0		fighter/koopag/kirbycopy/bodymotion
fighter/tantan/finalsmash/shared/render	5	494513-494517	-
fighter/samusd/kirbycopy/c02/bodymotion	0		fighter/samusd/kirbycopy/bodymotion
fighter/shizue/kirbycopy/c02/bodymotion	0		fighter/shizue/kirbycopy/bodymotion
fighter/metaknight/kirbycopy/bodymotion	5	494655-494659	-
fighter/pikmin/kirbycopy/c03/bodymotion	0		fighter/pikmin/kirbycopy/bodymotion
fighter/lucina/kirbycopy/c01/bodymotion	0		fighter/lucina/kirbycopy/bodymotion
fighter/pikmin/kirbycopy/c07/bodymotion	0		fighter/pikmin/kirbycopy/bodymotion
fighter/lucina/kirbycopy/c05/bodymotion	0		fighter/lucina/kirbycopy/bodymotion
fighter/reflet/kirbycopy/c07/bodymotion	0		fighter/reflet/kirbycopy/bodymotion
fighter/reflet/kirbycopy/c03/bodymotion	0		fighter/reflet/kirbycopy/bodymotion
fighter/wiifit/kirbycopy/c07/bodymotion	0		fighter/wiifit/kirbycopy/bodymotion
fighter/ridley/kirbycopy/c06/bodymotion	0		fighter/ridley/kirbycopy/bodymotion
fighter/master/finalsmash/shared/render	5	494832-494836	-
fighter/ridley/kirbycopy/c02/bodymotion	0		fighter/ridley/kirbycopy/bodymotion
fighter/wiifit/kirbycopy/c03/bodymotion	0		fighter/wiifit/kirbycopy/bodymotion
fighter/tantan/kirbycopy/c05/bodymotion	0		fighter/tantan/kirbycopy/bodymotion
fighter/tantan/kirbycopy/c01/bodymotion	0		fighter/tantan/kirbycopy/bodymotion
fighter/pfushigisou/kirbycopy/c03/sound	0		fighter/pfushigisou/kirbycopy/sound
item/smashbombheavy/script/animcmd/body	3	495038-495040	-
fighter/packun/kirbycopy/c00/bodymotion	0		fighter/packun/kirbycopy/bodymotion
fighter/packun/kirbycopy/c04/bodymotion	0		fighter/packun/kirbycopy/bodymotion
item/smashballheavy/script/animcmd/body	3	495091-495093	-
fighter/eflame/kirbycopy/c04/bodymotion	0		fighter/eflame/kirbycopy/bodymotion
fighter/pickel/kirbycopy/c03/bodymotion	0		fighter/pickel/kirbycopy/bodymotion
fighter/pickel/kirbycopy/c07/bodymotion	0		fighter/pickel/kirbycopy/bodymotion
fighter/eflame/kirbycopy/c00/bodymotion	0		fighter/eflame/kirbycopy/bodymotion
fighter/tantan/kirbycopy/c07/bodymotion	0		fighter/tantan/kirbycopy/bodymotion
fighter/tantan/kirbycopy/c03/bodymotion	0		fighter/tantan/kirbycopy/bodymotion
fighter/wiifit/kirbycopy/c05/bodymotion	0		fighter/wiifit/kirbycopy/bodymotion
fighter/pfushigisou/kirbycopy/c07/sound	0		fighter/pfushigisou/kirbycopy/sound
fighter/ridley/kirbycopy/c04/bodymotion	0		fighter/ridley/kirbycopy/bodymotion
fighter/ridley/kirbycopy/c00/bodymotion	0		fighter/ridley/kirbycopy/bodymotion
fighter/captain/finalsmash/shared/model	0		-
fighter/wiifit/kirbycopy/c01/bodymotion	0		fighter/wiifit/kirbycopy/bodymotion
fighter/miifighter/kirbycopy/bodymotion	2	495302-495303	-
fighter/reflet/kirbycopy/c05/bodymotion	0		fighter/reflet/kirbycopy/bodymotion
fighter/reflet/kirbycopy/c01/bodymotion	0		fighter/reflet/kirbycopy/bodymotion
fighter/pikmin/kirbycopy/c01/bodymotion	0		fighter/pikmin/kirbycopy/bodymotion
fighter/lucina/kirbycopy/c03/bodymotion	0		fighter/lucina/kirbycopy/bodymotion
fighter/pikmin/kirbycopy/c05/bodymotion	0		fighter/pikmin/kirbycopy/bodymotion
fighter/lucina/kirbycopy/c07/bodymotion	0		fighter/lucina/kirbycopy/bodymotion
fighter/pickel/kirbycopy/c01/bodymotion	0		fighter/pickel/kirbycopy/bodymotion
fighter/eflame/kirbycopy/c06/bodymotion	0		fighter/eflame/kirbycopy/bodymotion
fighter/eflame/kirbycopy/c02/bodymotion	0		fighter/eflame/kirbycopy/bodymotion
fighter/pickel/kirbycopy/c05/bodymotion	0		fighter/pickel/kirbycopy/bodymotion
fighter/dedede/finalsmash/shared/render	5	495345-495349	-
fighter/packun/kirbycopy/c02/bodymotion	0		fighter/packun/kirbycopy/bodymotion
fighter/packun/kirbycopy/c06/bodymotion	0		fighter/packun/kirbycopy/bodymotion
item/simonholywater/script/animcmd/body	3	495379-495381	-
item/ripstickflower/script/animcmd/body	3	495383-495385	-
item/revengeshootershot/motion/body/c00	1	495457	-
fighter/elight/kirbycopy/c02/bodymotion	0		fighter/elight/kirbycopy/bodymotion
fighter/elight/kirbycopy/c06/bodymotion	0		fighter/elight/kirbycopy/bodymotion
fighter/dedede/kirbycopy/c05/bodymotion	0		fighter/dedede/kirbycopy/bodymotion
fighter/donkey/kirbycopy/c04/bodymotion	0		fighter/donkey/kirbycopy/bodymotion
fighter/pickel/finalsmash/shared/render	5	495571-495575	-
fighter/mewtwo/kirbycopy/c07/bodymotion	0		fighter/mewtwo/kirbycopy/bodymotion
fighter/mariod/kirbycopy/c01/bodymotion	0		fighter/mariod/kirbycopy/bodymotion
fighter/mewtwo/kirbycopy/c03/bodymotion	0		fighter/mewtwo/kirbycopy/bodymotion
fighter/mariod/kirbycopy/c05/bodymotion	0		fighter/mariod/kirbycopy/bodymotion
fighter/dedede/kirbycopy/c01/bodymotion	0		fighter/dedede/kirbycopy/bodymotion
fighter/donkey/kirbycopy/c00/bodymotion	0		fighter/donkey/kirbycopy/bodymotion
fighter/element/finalsmash/shared/model	0		-
fighter/pacman/kirbycopy/c06/bodymotion	0		fighter/pacman/kirbycopy/bodymotion
fighter/pacman/kirbycopy/c02/bodymotion	0		fighter/pacman/kirbycopy/bodymotion
fighter/pfushigisou/kirbycopy/c04/sound	0		fighter/pfushigisou/kirbycopy/sound
fighter/shizue/kirbycopy/c04/bodymotion	0		fighter/shizue/kirbycopy/bodymotion
fighter/koopag/kirbycopy/c01/bodymotion	0		fighter/koopag/kirbycopy/bodymotion
fighter/samusd/kirbycopy/c04/bodymotion	0		fighter/samusd/kirbycopy/bodymotion
fighter/koopag/kirbycopy/c05/bodymotion	0		fighter/koopag/kirbycopy/bodymotion
fighter/samusd/kirbycopy/c00/bodymotion	0		fighter/samusd/kirbycopy/bodymotion
fighter/shizue/kirbycopy/c00/bodymotion	0		fighter/shizue/kirbycopy/bodymotion
fighter/master/kirbycopy/c03/bodymotion	0		fighter/master/kirbycopy/bodymotion
fighter/master/kirbycopy/c07/bodymotion	0		fighter/master/kirbycopy/bodymotion
item/steeldivershot/script/animcmd/body	3	495963-495965	-
fighter/pickel/finalsmash/shared/motion	0		-
fighter/master/kirbycopy/c04/bodymotion	0		fighter/master/kirbycopy/bodymotion
fighter/master/kirbycopy/c00/bodymotion	0		fighter/master/kirbycopy/bodymotion
fighter/shizue/kirbycopy/c03/bodymotion	0		fighter/shizue/kirbycopy/bodymotion
fighter/samusd/kirbycopy/c03/bodymotion	0		fighter/samusd/kirbycopy/bodymotion
fighter/richter/finalsmash/shared/model	0		-
fighter/koopag/kirbycopy/c06/bodymotion	0		fighter/koopag/kirbycopy/bodymotion
fighter/samusd/kirbycopy/c07/bodymotion	0		fighter/samusd/kirbycopy/bodymotion
fighter/koopag/kirbycopy/c02/bodymotion	0		fighter/koopag/kirbycopy/bodymotion
fighter/shizue/kirbycopy/c07/bodymotion	0		fighter/shizue/kirbycopy/bodymotion
item/superscopeshot/script/animcmd/body	3	496328-496330	-
fighter/elight/kirbycopy/c05/bodymotion	0		fighter/elight/kirbycopy/bodymotion
fighter/elight/kirbycopy/c01/bodymotion	0		fighter/elight/kirbycopy/bodymotion
fighter/pfushigisou/kirbycopy/c02/sound	0		fighter/pfushigisou/kirbycopy/sound
fighter/pacman/kirbycopy/c01/bodymotion	0		fighter/pacman/kirbycopy/bodymotion
fighter/pacman/kirbycopy/c05/bodymotion	0		fighter/pacman/kirbycopy/bodymotion
fighter/donkey/kirbycopy/c03/bodymotion	0		fighter/donkey/kirbycopy/bodymotion
fighter/dedede/kirbycopy/c02/bodymotion	0		fighter/dedede/kirbycopy/bodymotion
fighter/mariod/kirbycopy/c06/bodymotion	0		fighter/mariod/kirbycopy/bodymotion
fighter/mewtwo/kirbycopy/c00/bodymotion	0		fighter/mewtwo/kirbycopy/bodymotion
fighter/mariod/kirbycopy/c02/bodymotion	0		fighter/mariod/kirbycopy/bodymotion
fighter/mewtwo/kirbycopy/c04/bodymotion	0		fighter/mewtwo/kirbycopy/bodymotion
fighter/donkey/kirbycopy/c07/bodymotion	0		fighter/donkey/kirbycopy/bodymotion
fighter/dedede/kirbycopy/c06/bodymotion	0		fighter/dedede/kirbycopy/bodymotion
fighter/packun/kirbycopy/c05/bodymotion	0		fighter/packun/kirbycopy/bodymotion
fighter/packun/kirbycopy/c01/bodymotion	0		fighter/packun/kirbycopy/bodymotion
fighter/pickel/kirbycopy/c06/bodymotion	0		fighter/pickel/kirbycopy/bodymotion
fighter/eflame/kirbycopy/c01/bodymotion	0		fighter/eflame/kirbycopy/bodymotion
fighter/eflame/kirbycopy/c05/bodymotion	0		fighter/eflame/kirbycopy/bodymotion
fighter/pickel/kirbycopy/c02/bodymotion	0		fighter/pickel/kirbycopy/bodymotion
fighter/pfushigisou/kirbycopy/c01/sound	0		fighter/pfushigisou/kirbycopy/sound
fighter/wiifit/kirbycopy/c02/bodymotion	0		fighter/wiifit/kirbycopy/bodymotion
fighter/ridley/kirbycopy/c03/bodymotion	0		fighter/ridley/kirbycopy/bodymotion
fighter/dedede/finalsmash/shared/motion	0		-
fighter/ridley/kirbycopy/c07/bodymotion	0		fighter/ridley/kirbycopy/bodymotion
fighter/wiifit/kirbycopy/c06/bodymotion	0		fighter/wiifit/kirbycopy/bodymotion
fighter/tantan/kirbycopy/c00/bodymotion	0		fighter/tantan/kirbycopy/bodymotion
fighter/tantan/kirbycopy/c04/bodymotion	0		fighter/tantan/kirbycopy/bodymotion
item/walkmushflower/script/animcmd/body	3	496638-496640	-
fighter/lucina/kirbycopy/c04/bodymotion	0		fighter/lucina/kirbycopy/bodymotion
fighter/pikmin/kirbycopy/c06/bodymotion	0		fighter/pikmin/kirbycopy/bodymotion
fighter/lucina/kirbycopy/c00/bodymotion	0		fighter/lucina/kirbycopy/bodymotion
fighter/pikmin/kirbycopy/c02/bodymotion	0		fighter/pikmin/kirbycopy/bodymotion
fighter/reflet/kirbycopy/c02/bodymotion	0		fighter/reflet/kirbycopy/bodymotion
fighter/reflet/kirbycopy/c06/bodymotion	0		fighter/reflet/kirbycopy/bodymotion
fighter/duckhunt/finalsmash/shared/model	0		-
fighter/element/kirbycopy/c05/bodymotion	0		fighter/element/kirbycopy/bodymotion
fighter/rockman/finalsmash/shared/motion	0		-
fighter/element/kirbycopy/c01/bodymotion	0		fighter/element/kirbycopy/bodymotion
fighter/miiswordsman/kirbycopy/c07/sound	0		fighter/miiswordsman/kirbycopy/sound
fighter/richter/kirbycopy/c02/bodymotion	0		fighter/richter/kirbycopy/bodymotion
fighter/inkling/kirbycopy/c01/bodymotion	0		fighter/inkling/kirbycopy/bodymotion
fighter/richter/kirbycopy/c06/bodymotion	0		fighter/richter/kirbycopy/bodymotion
fighter/inkling/kirbycopy/c05/bodymotion	0		fighter/inkling/kirbycopy/bodymotion
fighter/rosetta/kirbycopy/c07/bodymotion	0		fighter/rosetta/kirbycopy/bodymotion
fighter/rosetta/kirbycopy/c03/bodymotion	0		fighter/rosetta/kirbycopy/bodymotion
fighter/lucario/kirbycopy/c05/bodymotion	0		fighter/lucario/kirbycopy/bodymotion
fighter/lucario/kirbycopy/c01/bodymotion	0		fighter/lucario/kirbycopy/bodymotion
fighter/miiswordsman/kirbycopy/c04/sound	0		fighter/miiswordsman/kirbycopy/sound
fighter/element/finalsmash/shared/render	6	497435-497440	-
fighter/gaogaen/kirbycopy/c03/bodymotion	0		fighter/gaogaen/kirbycopy/bodymotion
fighter/gaogaen/kirbycopy/c07/bodymotion	0		fighter/gaogaen/kirbycopy/bodymotion
fighter/richter/finalsmash/shared/motion	0		-
fighter/koopajr/kirbycopy/c00/bodymotion	0		fighter/koopajr/kirbycopy/bodymotion
fighter/pikachu/kirbycopy/c04/bodymotion	0		fighter/pikachu/kirbycopy/bodymotion
fighter/koopajr/kirbycopy/c04/bodymotion	0		fighter/koopajr/kirbycopy/bodymotion
fighter/pikachu/kirbycopy/c00/bodymotion	0		fighter/pikachu/kirbycopy/bodymotion
fighter/captain/kirbycopy/c03/bodymotion	0		fighter/captain/kirbycopy/bodymotion
fighter/rockman/kirbycopy/c02/bodymotion	0		fighter/rockman/kirbycopy/bodymotion
fighter/rockman/kirbycopy/c06/bodymotion	0		fighter/rockman/kirbycopy/bodymotion
fighter/captain/kirbycopy/c07/bodymotion	0		fighter/captain/kirbycopy/bodymotion
fighter/pikachu/kirbycopy/c03/bodymotion	0		fighter/pikachu/kirbycopy/bodymotion
fighter/koopajr/kirbycopy/c07/bodymotion	0		fighter/koopajr/kirbycopy/bodymotion
fighter/pikachu/kirbycopy/c07/bodymotion	0		fighter/pikachu/kirbycopy/bodymotion
fighter/koopajr/kirbycopy/c03/bodymotion	0		fighter/koopajr/kirbycopy/bodymotion
fighter/gaogaen/kirbycopy/c04/bodymotion	0		fighter/gaogaen/kirbycopy/bodymotion
fighter/miiswordsman/kirbycopy/c02/sound	0		fighter/miiswordsman/kirbycopy/sound
item/killertransform/script/animcmd/body	3	497817-497819	-
fighter/gaogaen/kirbycopy/c00/bodymotion	0		fighter/gaogaen/kirbycopy/bodymotion
fighter/captain/kirbycopy/c04/bodymotion	0		fighter/captain/kirbycopy/bodymotion
fighter/rockman/kirbycopy/c05/bodymotion	0		fighter/rockman/kirbycopy/bodymotion
fighter/element/finalsmash/shared/motion	0		-
fighter/rockman/kirbycopy/c01/bodymotion	0		fighter/rockman/kirbycopy/bodymotion
fighter/captain/kirbycopy/c00/bodymotion	0		fighter/captain/kirbycopy/bodymotion
fighter/lucario/kirbycopy/c02/bodymotion	0		fighter/lucario/kirbycopy/bodymotion
fighter/richter/finalsmash/shared/render	5	497939-497943	-
fighter/lucario/kirbycopy/c06/bodymotion	0		fighter/lucario/kirbycopy/bodymotion
fighter/rosetta/kirbycopy/c00/bodymotion	0		fighter/rosetta/kirbycopy/bodymotion
fighter/rosetta/kirbycopy/c04/bodymotion	0		fighter/rosetta/kirbycopy/bodymotion
fighter/pfushigisou/kirbycopy/bodymotion	6	498303-498308	-
fighter/element/kirbycopy/c02/bodymotion	0		fighter/element/kirbycopy/bodymotion
fighter/element/kirbycopy/c06/bodymotion	0		fighter/element/kirbycopy/bodymotion
fighter/richter/kirbycopy/c05/bodymotion	0		fighter/richter/kirbycopy/bodymotion
fighter/inkling/kirbycopy/c06/bodymotion	0		fighter/inkling/kirbycopy/bodymotion
fighter/richter/kirbycopy/c01/bodymotion	0		fighter/richter/kirbycopy/bodymotion
fighter/inkling/kirbycopy/c02/bodymotion	0		fighter/inkling/kirbycopy/bodymotion
fighter/rockman/finalsmash/shared/render	5	498657-498661	-
fighter/miiswordsman/kirbycopy/c01/sound	0		fighter/miiswordsman/kirbycopy/sound
fighter/miiswordsman/kirbycopy/c05/sound	0		fighter/miiswordsman/kirbycopy/sound
fighter/gaogaen/finalsmash/shared/motion	0		-
fighter/inkling/kirbycopy/c04/bodymotion	0		fighter/inkling/kirbycopy/bodymotion
fighter/richter/kirbycopy/c07/bodymotion	0		fighter/richter/kirbycopy/bodymotion
fighter/inkling/kirbycopy/c00/bodymotion	0		fighter/inkling/kirbycopy/bodymotion
fighter/richter/kirbycopy/c03/bodymotion	0		fighter/richter/kirbycopy/bodymotion
fighter/element/kirbycopy/c00/bodymotion	0		fighter/element/kirbycopy/bodymotion
fighter/captain/finalsmash/shared/motion	0		-
fighter/element/kirbycopy/c04/bodymotion	0		fighter/element/kirbycopy/bodymotion
fighter/captain/kirbycopy/c06/bodymotion	0		fighter/captain/kirbycopy/bodymotion
fighter/rockman/kirbycopy/c07/bodymotion	0		fighter/rockman/kirbycopy/bodymotion
fighter/rockman/kirbycopy/c03/bodymotion	0		fighter/rockman/kirbycopy/bodymotion
fighter/captain/kirbycopy/c02/bodymotion	0		fighter/captain/kirbycopy/bodymotion
fighter/gaogaen/kirbycopy/c06/bodymotion	0		fighter/gaogaen/kirbycopy/bodymotion
fighter/gaogaen/kirbycopy/c02/bodymotion	0		fighter/gaogaen/kirbycopy/bodymotion
fighter/pikachu/kirbycopy/c01/bodymotion	0		fighter/pikachu/kirbycopy/bodymotion
fighter/koopajr/kirbycopy/c05/bodymotion	0		fighter/koopajr/kirbycopy/bodymotion
fighter/pikachu/kirbycopy/c05/bodymotion	0		fighter/pikachu/kirbycopy/bodymotion
fighter/koopajr/kirbycopy/c01/bodymotion	0		fighter/koopajr/kirbycopy/bodymotion
fighter/miiswordsman/kirbycopy/c06/sound	0		fighter/miiswordsman/kirbycopy/sound
fighter/rosetta/kirbycopy/c02/bodymotion	0		fighter/rosetta/kirbycopy/bodymotion
fighter/rosetta/kirbycopy/c06/bodymotion	0		fighter/rosetta/kirbycopy/bodymotion
item/st_yamabuki_egg/script/animcmd/body	3	499512-499514	-
fighter/lucario/kirbycopy/c00/bodymotion	0		fighter/lucario/kirbycopy/bodymotion
fighter/lucario/kirbycopy/c04/bodymotion	0		fighter/lucario/kirbycopy/bodymotion
fighter/lucario/kirbycopy/c07/bodymotion	0		fighter/lucario/kirbycopy/bodymotion
fighter/lucario/kirbycopy/c03/bodymotion	0		fighter/lucario/kirbycopy/bodymotion
fighter/rosetta/kirbycopy/c05/bodymotion	0		fighter/rosetta/kirbycopy/bodymotion
fighter/rosetta/kirbycopy/c01/bodymotion	0		fighter/rosetta/kirbycopy/bodymotion
fighter/captain/kirbycopy/c01/bodymotion	0		fighter/captain/kirbycopy/bodymotion
fighter/rockman/kirbycopy/c00/bodymotion	0		fighter/rockman/kirbycopy/bodymotion
fighter/miiswordsman/kirbycopy/c00/sound	0		fighter/miiswordsman/kirbycopy/sound
fighter/rockman/kirbycopy/c04/bodymotion	0		fighter/rockman/kirbycopy/bodymotion
fighter/captain/kirbycopy/c05/bodymotion	0		fighter/captain/kirbycopy/bodymotion
fighter/koopajr/kirbycopy/c02/bodymotion	0		fighter/koopajr/kirbycopy/bodymotion
fighter/pikachu/kirbycopy/c06/bodymotion	0		fighter/pikachu/kirbycopy/bodymotion
fighter/koopajr/kirbycopy/c06/bodymotion	0		fighter/koopajr/kirbycopy/bodymotion
fighter/pikachu/kirbycopy/c02/bodymotion	0		fighter/pikachu/kirbycopy/bodymotion
fighter/gaogaen/kirbycopy/c01/bodymotion	0		fighter/gaogaen/kirbycopy/bodymotion
fighter/gaogaen/kirbycopy/c05/bodymotion	0		fighter/gaogaen/kirbycopy/bodymotion
fighter/miiswordsman/kirbycopy/c03/sound	0		fighter/miiswordsman/kirbycopy/sound
fighter/gaogaen/finalsmash/shared/render	5	500134-500138	-
fighter/captain/finalsmash/shared/render	5	500247-500251	-
fighter/inkling/kirbycopy/c03/bodymotion	0		fighter/inkling/kirbycopy/bodymotion
fighter/richter/kirbycopy/c00/bodymotion	0		fighter/richter/kirbycopy/bodymotion
fighter/inkling/kirbycopy/c07/bodymotion	0		fighter/inkling/kirbycopy/bodymotion
fighter/richter/kirbycopy/c04/bodymotion	0		fighter/richter/kirbycopy/bodymotion
fighter/element/kirbycopy/c07/bodymotion	0		fighter/element/kirbycopy/bodymotion
fighter/element/kirbycopy/c03/bodymotion	0		fighter/element/kirbycopy/bodymotion
fighter/gekkouga/kirbycopy/c03/bodymotion	0		fighter/gekkouga/kirbycopy/bodymotion
item/pacmanstrawberry/script/animcmd/body	3	500647-500649	-
fighter/gekkouga/kirbycopy/c07/bodymotion	0		fighter/gekkouga/kirbycopy/bodymotion
fighter/duckhunt/kirbycopy/c03/bodymotion	0		fighter/duckhunt/kirbycopy/bodymotion
fighter/duckhunt/kirbycopy/c07/bodymotion	0		fighter/duckhunt/kirbycopy/bodymotion
fighter/palutena/kirbycopy/c05/bodymotion	0		fighter/palutena/kirbycopy/bodymotion
fighter/palutena/kirbycopy/c01/bodymotion	0		fighter/palutena/kirbycopy/bodymotion
fighter/toonlink/kirbycopy/c05/bodymotion	0		fighter/toonlink/kirbycopy/bodymotion
fighter/toonlink/kirbycopy/c01/bodymotion	0		fighter/toonlink/kirbycopy/bodymotion
fighter/bayonetta/finalsmash/shared/model	0		-
fighter/murabito/kirbycopy/c05/bodymotion	0		fighter/murabito/kirbycopy/bodymotion
fighter/murabito/kirbycopy/c01/bodymotion	0		fighter/murabito/kirbycopy/bodymotion
fighter/murabito/kirbycopy/c02/bodymotion	0		fighter/murabito/kirbycopy/bodymotion
fighter/murabito/kirbycopy/c06/bodymotion	0		fighter/murabito/kirbycopy/bodymotion
fighter/palutena/kirbycopy/c02/bodymotion	0		fighter/palutena/kirbycopy/bodymotion
fighter/palutena/kirbycopy/c06/bodymotion	0		fighter/palutena/kirbycopy/bodymotion
fighter/toonlink/kirbycopy/c02/bodymotion	0		fighter/toonlink/kirbycopy/bodymotion
fighter/toonlink/kirbycopy/c06/bodymotion	0		fighter/toonlink/kirbycopy/bodymotion
fighter/gekkouga/kirbycopy/c04/bodymotion	0		fighter/gekkouga/kirbycopy/bodymotion
fighter/gekkouga/kirbycopy/c00/bodymotion	0		fighter/gekkouga/kirbycopy/bodymotion
fighter/duckhunt/kirbycopy/c04/bodymotion	0		fighter/duckhunt/kirbycopy/bodymotion
fighter/duckhunt/kirbycopy/c00/bodymotion	0		fighter/duckhunt/kirbycopy/bodymotion
fighter/miiswordsman/kirbycopy/bodymotion	2	502568-502569	-
fighter/toonlink/kirbycopy/c00/bodymotion	0		fighter/toonlink/kirbycopy/bodymotion
fighter/toonlink/kirbycopy/c04/bodymotion	0		fighter/toonlink/kirbycopy/bodymotion
fighter/palutena/kirbycopy/c00/bodymotion	0		fighter/palutena/kirbycopy/bodymotion
fighter/palutena/kirbycopy/c04/bodymotion	0		fighter/palutena/kirbycopy/bodymotion
fighter/duckhunt/kirbycopy/c06/bodymotion	0		fighter/duckhunt/kirbycopy/bodymotion
fighter/duckhunt/kirbycopy/c02/bodymotion	0		fighter/duckhunt/kirbycopy/bodymotion
fighter/gekkouga/kirbycopy/c06/bodymotion	0		fighter/gekkouga/kirbycopy/bodymotion
fighter/gekkouga/kirbycopy/c02/bodymotion	0		fighter/gekkouga/kirbycopy/bodymotion
fighter/murabito/kirbycopy/c00/bodymotion	0		fighter/murabito/kirbycopy/bodymotion
fighter/murabito/kirbycopy/c04/bodymotion	0		fighter/murabito/kirbycopy/bodymotion
fighter/duckhunt/finalsmash/shared/motion	0		-
fighter/murabito/kirbycopy/c07/bodymotion	0		fighter/murabito/kirbycopy/bodymotion
fighter/murabito/kirbycopy/c03/bodymotion	0		fighter/murabito/kirbycopy/bodymotion
item/richterholywater/script/animcmd/body	3	503741-503743	-
fighter/duckhunt/finalsmash/shared/render	5	503869-503873	-
fighter/duckhunt/kirbycopy/c01/bodymotion	0		fighter/duckhunt/kirbycopy/bodymotion
fighter/duckhunt/kirbycopy/c05/bodymotion	0		fighter/duckhunt/kirbycopy/bodymotion
fighter/gekkouga/kirbycopy/c01/bodymotion	0		fighter/gekkouga/kirbycopy/bodymotion
fighter/gekkouga/kirbycopy/c05/bodymotion	0		fighter/gekkouga/kirbycopy/bodymotion
fighter/toonlink/kirbycopy/c07/bodymotion	0		fighter/toonlink/kirbycopy/bodymotion
fighter/toonlink/kirbycopy/c03/bodymotion	0		fighter/toonlink/kirbycopy/bodymotion
fighter/palutena/kirbycopy/c07/bodymotion	0		fighter/palutena/kirbycopy/bodymotion
fighter/palutena/kirbycopy/c03/bodymotion	0		fighter/palutena/kirbycopy/bodymotion
fighter/miienemyg/kirbycopy/c07/bodymotion	0		fighter/miienemyg/kirbycopy/bodymotion
fighter/szerosuit/kirbycopy/c05/bodymotion	0		fighter/szerosuit/kirbycopy/bodymotion
fighter/littlemac/kirbycopy/c00/bodymotion	0		fighter/littlemac/kirbycopy/bodymotion
fighter/miienemyg/kirbycopy/c03/bodymotion	0		fighter/miienemyg/kirbycopy/bodymotion
fighter/szerosuit/kirbycopy/c01/bodymotion	0		fighter/szerosuit/kirbycopy/bodymotion
fighter/littlemac/kirbycopy/c04/bodymotion	0		fighter/littlemac/kirbycopy/bodymotion
fighter/miienemyf/kirbycopy/c01/bodymotion	0		fighter/miienemyf/kirbycopy/bodymotion
fighter/miienemyf/kirbycopy/c05/bodymotion	0		fighter/miienemyf/kirbycopy/bodymotion
fighter/plizardon/kirbycopy/c02/bodymotion	0		fighter/plizardon/kirbycopy/bodymotion
fighter/plizardon/kirbycopy/c06/bodymotion	0		fighter/plizardon/kirbycopy/bodymotion
fighter/bayonetta/kirbycopy/c01/bodymotion	0		fighter/bayonetta/kirbycopy/bodymotion
fighter/bayonetta/kirbycopy/c05/bodymotion	0		fighter/bayonetta/kirbycopy/bodymotion
fighter/miigunner/kirbycopy/c06/bodymotion	0		fighter/miigunner/kirbycopy/bodymotion
fighter/miienemys/kirbycopy/c02/bodymotion	0		fighter/miienemys/kirbycopy/bodymotion
fighter/miienemys/kirbycopy/c06/bodymotion	0		fighter/miienemys/kirbycopy/bodymotion
fighter/miigunner/kirbycopy/c02/bodymotion	0		fighter/miigunner/kirbycopy/bodymotion
item/staffrouletteshot/script/animcmd/body	3	504855-504857	-
fighter/gamewatch/kirbycopy/c04/bodymotion	0		fighter/gamewatch/kirbycopy/bodymotion
fighter/gamewatch/kirbycopy/c00/bodymotion	0		fighter/gamewatch/kirbycopy/bodymotion
fighter/bayonetta/finalsmash/shared/render	5	505077-505081	-
fighter/younglink/kirbycopy/c01/bodymotion	0		fighter/younglink/kirbycopy/bodymotion
fighter/younglink/kirbycopy/c05/bodymotion	0		fighter/younglink/kirbycopy/bodymotion
fighter/pzenigame/kirbycopy/c04/bodymotion	0		fighter/pzenigame/kirbycopy/bodymotion
fighter/pzenigame/kirbycopy/c00/bodymotion	0		fighter/pzenigame/kirbycopy/bodymotion
fighter/pzenigame/kirbycopy/c03/bodymotion	0		fighter/pzenigame/kirbycopy/bodymotion
fighter/bayonetta/finalsmash/shared/motion	0		-
fighter/pzenigame/kirbycopy/c07/bodymotion	0		fighter/pzenigame/kirbycopy/bodymotion
fighter/younglink/kirbycopy/c06/bodymotion	0		fighter/younglink/kirbycopy/bodymotion
fighter/younglink/kirbycopy/c02/bodymotion	0		fighter/younglink/kirbycopy/bodymotion
fighter/gamewatch/kirbycopy/c03/bodymotion	0		fighter/gamewatch/kirbycopy/bodymotion
fighter/gamewatch/kirbycopy/c07/bodymotion	0		fighter/gamewatch/kirbycopy/bodymotion
fighter/bayonetta/kirbycopy/c06/bodymotion	0		fighter/bayonetta/kirbycopy/bodymotion
fighter/bayonetta/kirbycopy/c02/bodymotion	0		fighter/bayonetta/kirbycopy/bodymotion
fighter/miigunner/kirbycopy/c01/bodymotion	0		fighter/miigunner/kirbycopy/bodymotion
fighter/miienemys/kirbycopy/c05/bodymotion	0		fighter/miienemys/kirbycopy/bodymotion
fighter/miienemys/kirbycopy/c01/bodymotion	0		fighter/miienemys/kirbycopy/bodymotion
fighter/miigunner/kirbycopy/c05/bodymotion	0		fighter/miigunner/kirbycopy/bodymotion
fighter/miienemyg/kirbycopy/c00/bodymotion	0		fighter/miienemyg/kirbycopy/bodymotion
fighter/littlemac/kirbycopy/c07/bodymotion	0		fighter/littlemac/kirbycopy/bodymotion
fighter/szerosuit/kirbycopy/c02/bodymotion	0		fighter/szerosuit/kirbycopy/bodymotion
fighter/miienemyg/kirbycopy/c04/bodymotion	0		fighter/miienemyg/kirbycopy/bodymotion
fighter/littlemac/kirbycopy/c03/bodymotion	0		fighter/littlemac/kirbycopy/bodymotion
fighter/szerosuit/kirbycopy/c06/bodymotion	0		fighter/szerosuit/kirbycopy/bodymotion
fighter/plizardon/kirbycopy/c05/bodymotion	0		fighter/plizardon/kirbycopy/bodymotion
fighter/plizardon/kirbycopy/c01/bodymotion	0		fighter/plizardon/kirbycopy/bodymotion
fighter/miienemyf/kirbycopy/c06/bodymotion	0		fighter/miienemyf/kirbycopy/bodymotion
fighter/miienemyf/kirbycopy/c02/bodymotion	0		fighter/miienemyf/kirbycopy/bodymotion
fighter/miigunner/kirbycopy/c03/bodymotion	0		fighter/miigunner/kirbycopy/bodymotion
fighter/miienemys/kirbycopy/c07/bodymotion	0		fighter/miienemys/kirbycopy/bodymotion
fighter/miienemys/kirbycopy/c03/bodymotion	0		fighter/miienemys/kirbycopy/bodymotion
fighter/miigunner/kirbycopy/c07/bodymotion	0		fighter/miigunner/kirbycopy/bodymotion
fighter/bayonetta/kirbycopy/c04/bodymotion	0		fighter/bayonetta/kirbycopy/bodymotion
fighter/bayonetta/kirbycopy/c00/bodymotion	0		fighter/bayonetta/kirbycopy/bodymotion
fighter/miienemyf/kirbycopy/c04/bodymotion	0		fighter/miienemyf/kirbycopy/bodymotion
fighter/miienemyf/kirbycopy/c00/bodymotion	0		fighter/miienemyf/kirbycopy/bodymotion
fighter/plizardon/kirbycopy/c07/bodymotion	0		fighter/plizardon/kirbycopy/bodymotion
fighter/plizardon/kirbycopy/c03/bodymotion	0		fighter/plizardon/kirbycopy/bodymotion
fighter/szerosuit/kirbycopy/c00/bodymotion	0		fighter/szerosuit/kirbycopy/bodymotion
fighter/littlemac/kirbycopy/c05/bodymotion	0		fighter/littlemac/kirbycopy/bodymotion
fighter/miienemyg/kirbycopy/c02/bodymotion	0		fighter/miienemyg/kirbycopy/bodymotion
fighter/szerosuit/kirbycopy/c04/bodymotion	0		fighter/szerosuit/kirbycopy/bodymotion
fighter/littlemac/kirbycopy/c01/bodymotion	0		fighter/littlemac/kirbycopy/bodymotion
fighter/miienemyg/kirbycopy/c06/bodymotion	0		fighter/miienemyg/kirbycopy/bodymotion
fighter/fox/finalsmash/shared/model/bg_set	14	507812-507825	-
fighter/younglink/kirbycopy/c04/bodymotion	0		fighter/younglink/kirbycopy/bodymotion
fighter/younglink/kirbycopy/c00/bodymotion	0		fighter/younglink/kirbycopy/bodymotion
fighter/pzenigame/kirbycopy/c01/bodymotion	0		fighter/pzenigame/kirbycopy/bodymotion
fighter/pzenigame/kirbycopy/c05/bodymotion	0		fighter/pzenigame/kirbycopy/bodymotion
fighter/gamewatch/kirbycopy/c01/bodymotion	0		fighter/gamewatch/kirbycopy/bodymotion
fighter/gamewatch/kirbycopy/c05/bodymotion	0		fighter/gamewatch/kirbycopy/bodymotion
fighter/gamewatch/kirbycopy/c06/bodymotion	0		fighter/gamewatch/kirbycopy/bodymotion
fighter/gamewatch/kirbycopy/c02/bodymotion	0		fighter/gamewatch/kirbycopy/bodymotion
fighter/pzenigame/kirbycopy/c06/bodymotion	0		fighter/pzenigame/kirbycopy/bodymotion
fighter/pzenigame/kirbycopy/c02/bodymotion	0		fighter/pzenigame/kirbycopy/bodymotion
fighter/younglink/kirbycopy/c03/bodymotion	0		fighter/younglink/kirbycopy/bodymotion
fighter/younglink/kirbycopy/c07/bodymotion	0		fighter/younglink/kirbycopy/bodymotion
fighter/plizardon/kirbycopy/c00/bodymotion	0		fighter/plizardon/kirbycopy/bodymotion
fighter/fox/finalsmash/shared/render/light	1	508982	-
fighter/plizardon/kirbycopy/c04/bodymotion	0		fighter/plizardon/kirbycopy/bodymotion
fighter/miienemyf/kirbycopy/c03/bodymotion	0		fighter/miienemyf/kirbycopy/bodymotion
fighter/miienemyf/kirbycopy/c07/bodymotion	0		fighter/miienemyf/kirbycopy/bodymotion
fighter/littlemac/kirbycopy/c02/bodymotion	0		fighter/littlemac/kirbycopy/bodymotion
fighter/szerosuit/kirbycopy/c07/bodymotion	0		fighter/szerosuit/kirbycopy/bodymotion
fighter/miienemyg/kirbycopy/c05/bodymotion	0		fighter/miienemyg/kirbycopy/bodymotion
fighter/littlemac/kirbycopy/c06/bodymotion	0		fighter/littlemac/kirbycopy/bodymotion
fighter/szerosuit/kirbycopy/c03/bodymotion	0		fighter/szerosuit/kirbycopy/bodymotion
fighter/miienemyg/kirbycopy/c01/bodymotion	0		fighter/miienemyg/kirbycopy/bodymotion
fighter/miigunner/kirbycopy/c04/bodymotion	0		fighter/miigunner/kirbycopy/bodymotion
fighter/miienemys/kirbycopy/c00/bodymotion	0		fighter/miienemys/kirbycopy/bodymotion
fighter/miienemys/kirbycopy/c04/bodymotion	0		fighter/miienemys/kirbycopy/bodymotion
fighter/miigunner/kirbycopy/c00/bodymotion	0		fighter/miigunner/kirbycopy/bodymotion
fighter/bayonetta/kirbycopy/c03/bodymotion	0		fighter/bayonetta/kirbycopy/bodymotion
fighter/bayonetta/kirbycopy/c07/bodymotion	0		fighter/bayonetta/kirbycopy/bodymotion
fighter/jack/finalsmash/shared/render/light	1	509720	-
fighter/miifighter/kirbycopy/c01/bodymotion	0		fighter/miifighter/kirbycopy/bodymotion
fighter/miifighter/kirbycopy/c05/bodymotion	0		fighter/miifighter/kirbycopy/bodymotion
fighter/edge/finalsmash/shared/render/light	1	509754	-
fighter/wolf/finalsmash/shared/model/bg_set	13	509916-509928	-
fighter/metaknight/kirbycopy/c01/bodymotion	0		fighter/metaknight/kirbycopy/bodymotion
fighter/metaknight/kirbycopy/c05/bodymotion	0		fighter/metaknight/kirbycopy/bodymotion
fighter/wolf/finalsmash/shared/render/light	1	511469	-
item/revengeshootershot/script/animcmd/body	3	511472-511474	-
fighter/metaknight/kirbycopy/c06/bodymotion	0		fighter/metaknight/kirbycopy/bodymotion
fighter/metaknight/kirbycopy/c02/bodymotion	0		fighter/metaknight/kirbycopy/bodymotion
fighter/miifighter/kirbycopy/c06/bodymotion	0		fighter/miifighter/kirbycopy/bodymotion
fighter/miifighter/kirbycopy/c02/bodymotion	0		fighter/miifighter/kirbycopy/bodymotion
fighter/edge/finalsmash/shared/model/bg_set	9	511588-511596	-
fighter/jack/finalsmash/shared/model/bg_set	9	511686-511694	-
fighter/metaknight/kirbycopy/c04/bodymotion	0		fighter/metaknight/kirbycopy/bodymotion
fighter/metaknight/kirbycopy/c00/bodymotion	0		fighter/metaknight/kirbycopy/bodymotion
fighter/miifighter/kirbycopy/c04/bodymotion	0		fighter/miifighter/kirbycopy/bodymotion
fighter/miifighter/kirbycopy/c00/bodymotion	0		fighter/miifighter/kirbycopy/bodymotion
fighter/fox/finalsmash/shared/motion/bg_set	1	513194	-
fighter/miifighter/kirbycopy/c03/bodymotion	0		fighter/miifighter/kirbycopy/bodymotion
fighter/miifighter/kirbycopy/c07/bodymotion	0		fighter/miifighter/kirbycopy/bodymotion
fighter/metaknight/kirbycopy/c03/bodymotion	0		fighter/metaknight/kirbycopy/bodymotion
fighter/metaknight/kirbycopy/c07/bodymotion	0		fighter/metaknight/kirbycopy/bodymotion
fighter/yoshi/finalsmash/shared/render/light	1	514096	-
fighter/pfushigisou/kirbycopy/c01/bodymotion	0		fighter/pfushigisou/kirbycopy/bodymotion
fighter/pfushigisou/kirbycopy/c05/bodymotion	0		fighter/pfushigisou/kirbycopy/bodymotion
fighter/kamui/finalsmash/shared/render/light	1	514909	-
fighter/buddy/finalsmash/shared/render/light	1	515055	-
fighter/pfushigisou/kirbycopy/c06/bodymotion	0		fighter/pfushigisou/kirbycopy/bodymotion
fighter/pfushigisou/kirbycopy/c02/bodymotion	0		fighter/pfushigisou/kirbycopy/bodymotion
fighter/yoshi/finalsmash/shared/model/bg_set	17	515743-515759	-
fighter/simon/finalsmash/shared/render/light	1	515815	-
fighter/demon/finalsmash/shared/render/light	1	516102	-
fighter/pfushigisou/kirbycopy/c04/bodymotion	0		fighter/pfushigisou/kirbycopy/bodymotion
fighter/pfushigisou/kirbycopy/c00/bodymotion	0		fighter/pfushigisou/kirbycopy/bodymotion
fighter/krool/finalsmash/shared/render/light	1	516263	-
fighter/falco/finalsmash/shared/render/light	1	516314	-
fighter/shulk/finalsmash/shared/render/light	1	516800	-
fighter/brave/finalsmash/shared/model/bg_set	9	516824-516832	-
fighter/brave/finalsmash/shared/render/light	1	517062	-
fighter/trail/finalsmash/shared/render/light	1	517063	-
fighter/dolly/finalsmash/shared/render/light	1	517202	-
fighter/falco/finalsmash/shared/model/bg_set	14	517486-517499	-
fighter/wario/finalsmash/shared/render/light	1	517589	-
fighter/pfushigisou/kirbycopy/c03/bodymotion	0		fighter/pfushigisou/kirbycopy/bodymotion
fighter/pfushigisou/kirbycopy/c07/bodymotion	0		fighter/pfushigisou/kirbycopy/bodymotion
fighter/miiswordsman/kirbycopy/c07/bodymotion	0		fighter/miiswordsman/kirbycopy/bodymotion
fighter/miiswordsman/kirbycopy/c03/bodymotion	0		fighter/miiswordsman/kirbycopy/bodymotion
fighter/master/finalsmash/shared/render/light	1	519097	-
fighter/shulk/finalsmash/shared/model/sky_set	9	519110-519118	-
fighter/master/finalsmash/shared/model/bg_set	9	519703-519711	-
fighter/miiswordsman/kirbycopy/c00/bodymotion	0		fighter/miiswordsman/kirbycopy/bodymotion
fighter/miiswordsman/kirbycopy/c04/bodymotion	0		fighter/miiswordsman/kirbycopy/bodymotion
fighter/ridley/finalsmash/shared/render/light	1	520653	-
fighter/kamui/finalsmash/shared/model/sky_set	9	520843-520851	-
fighter/dedede/finalsmash/shared/render/light	1	521158	-
fighter/trail/finalsmash/shared/model/sky_set	10	521249-521258	-
fighter/tantan/finalsmash/shared/render/light	1	521408	-
fighter/pickel/finalsmash/shared/model/bg_set	9	521770-521778	-
fighter/miiswordsman/kirbycopy/c02/bodymotion	0		fighter/miiswordsman/kirbycopy/bodymotion
fighter/falco/finalsmash/shared/motion/bg_set	1	522026	-
fighter/miiswordsman/kirbycopy/c06/bodymotion	0		fighter/miiswordsman/kirbycopy/bodymotion
fighter/miiswordsman/kirbycopy/c05/bodymotion	0		fighter/miiswordsman/kirbycopy/bodymotion
fighter/pickel/finalsmash/shared/render/light	1	522471	-
fighter/miiswordsman/kirbycopy/c01/bodymotion	0		fighter/miiswordsman/kirbycopy/bodymotion
fighter/captain/finalsmash/shared/render/light	1	524058	-
fighter/element/finalsmash/shared/render/light	2	524990-524991	-
fighter/rockman/finalsmash/shared/render/light	1	525891	-
fighter/trail/finalsmash/shared/model/gate_set	14	525902-525915	-
fighter/gaogaen/finalsmash/shared/render/light	1	527110	-
fighter/fox/finalsmash/shared/render/lensflare	0		-
fighter/richter/finalsmash/shared/render/light	1	527911	-
fighter/element/finalsmash/shared/model/sky_set	10	528597-528606	-
fighter/rockman/finalsmash/shared/model/sky_set	9	529015-529023	-
fighter/duckhunt/finalsmash/shared/render/light	1	529504	-
fighter/duckhunt/finalsmash/shared/model/bg_set	15	529652-529666	-
fighter/edge/finalsmash/shared/render/lensflare	0		-
fighter/jack/finalsmash/shared/render/lensflare	0		-
fighter/trail/finalsmash/shared/motion/gate_set	1	531310	-
fighter/wolf/finalsmash/shared/render/lensflare	0		-
fighter/shulk/finalsmash/shared/model/ground_set	13	534125-534137	-
fighter/bayonetta/finalsmash/shared/model/bg_set	11	534378-534388	-
fighter/demon/finalsmash/shared/render/lensflare	0		-
fighter/wario/finalsmash/shared/render/lensflare	0		-
fighter/buddy/finalsmash/shared/render/lensflare	0		-
fighter/bayonetta/finalsmash/shared/render/light	1	535395	-
fighter/kamui/finalsmash/shared/model/stc_bg_set	22	535449-535470	-
fighter/trail/finalsmash/shared/render/lensflare	0		-
fighter/kamui/finalsmash/shared/render/lensflare	0		-
fighter/shulk/finalsmash/shared/render/lensflare	0		-
fighter/krool/finalsmash/shared/render/lensflare	0		-
fighter/duckhunt/finalsmash/shared/model/sky_set	9	537045-537053	-
fighter/brave/finalsmash/shared/render/lensflare	0		-
fighter/yoshi/finalsmash/shared/render/lensflare	0		-
fighter/simon/finalsmash/shared/render/lensflare	0		-
fighter/dolly/finalsmash/shared/render/lensflare	0		-
fighter/falco/finalsmash/shared/render/lensflare	0		-
fighter/ridley/finalsmash/shared/render/lensflare	0		-
fighter/tantan/finalsmash/shared/render/lensflare	0		-
fighter/pickel/finalsmash/shared/render/lensflare	0		-
fighter/bayonetta/finalsmash/shared/motion/bg_set	1	543135	-
fighter/master/finalsmash/shared/render/lensflare	0		-
fighter/dedede/finalsmash/shared/render/lensflare	0		-
fighter/gaogaen/finalsmash/shared/render/lensflare	0		-
fighter/richter/finalsmash/shared/render/lensflare	0		-
fighter/captain/finalsmash/shared/render/lensflare	0		-
fighter/element/finalsmash/shared/model/ground_set	13	547730-547742	-
fighter/element/finalsmash/shared/render/lensflare	0		-
fighter/rockman/finalsmash/shared/render/lensflare	0		-
fighter/rockman/finalsmash/shared/model/bg_all_set	9	548700-548708	-
fighter/buddy/finalsmash/shared/model/main_ring_set	15	550272-550286	-
fighter/duckhunt/finalsmash/shared/render/lensflare	0		-
fighter/bayonetta/finalsmash/shared/render/lensflare	0		-
fighter/yoshi/finalsmash/shared/model/far_ground_set	13	556264-556276	-
fighter/yoshi/finalsmash/shared/motion/far_ground_set	1	560618	-
fighter/simon/finalsmash/shared/model/fs_simon_bg_set	26	560907-560932	-
fighter/dolly/finalsmash/shared/model/fs_dolly_bg_set	11	561412-561422	-
fighter/buddy/finalsmash/shared/model/fs_buddy_bg_set	13	562117-562129	-
fighter/demon/finalsmash/shared/model/fs_demon_bg_set	27	562298-562324	-
fighter/buddy/finalsmash/shared/motion/fs_buddy_bg_set	1	563493	-
fighter/buddy/finalsmash/shared/model/statue_break_set	11	564683-564693	-
fighter/demon/finalsmash/shared/model/fs_demon_sky_set	15	564858-564872	-
fighter/simon/finalsmash/shared/model/fs_simon_sky_set	10	564963-564972	-
fighter/dolly/finalsmash/shared/motion/fs_dolly_bg_set	1	565892	-
fighter/richter/finalsmash/shared/model/fs_simon_bg_set	26	567524-567549	-
fighter/master/finalsmash/shared/model/fs_master_bg_set	13	568148-568160	-
fighter/simon/finalsmash/shared/model/fs_simon_moon_set	9	569032-569040	-
fighter/buddy/finalsmash/shared/motion/statue_break_set	1	570126	-
fighter/ridley/finalsmash/shared/model/fs_ridley_bg_set	14	570223-570236	-
fighter/krool/finalsmash/shared/model/fs_dkisland_bg_set	27	570396-570422	-
fighter/master/finalsmash/shared/motion/fs_master_bg_set	1	571051	-
fighter/richter/finalsmash/shared/model/fs_simon_sky_set	10	571449-571458	-
fighter/ridley/finalsmash/shared/motion/fs_ridley_bg_set	1	571883	-
fighter/wario/finalsmash/shared/model/wario_final_bg_set	9	572181-572189	-
fighter/krool/finalsmash/shared/model/fs_krool_inn_bg_set	15	572537-572551	-
fighter/gaogaen/finalsmash/shared/model/fs_gaogaen_bg_set	18	573192-573209	-
fighter/krool/finalsmash/shared/motion/fs_dkisland_bg_set	1	573656	-
fighter/richter/finalsmash/shared/model/fs_simon_moon_set	9	573820-573828	-
fighter/krool/finalsmash/shared/model/fs_krool_out_bg_set	17	574545-574561	-
fighter/krool/finalsmash/shared/motion/fs_krool_out_bg_set	1	575038	-
fighter/krool/finalsmash/shared/motion/fs_krool_inn_bg_set	1	576251	-
fighter/fox/finalsmash/shared/render/lensflare/lensflare_0	9	576395-576403	-
fighter/krool/finalsmash/shared/model/fs_kroolisland_bg_set	38	577062-577099	-
fighter/master/finalsmash/shared/model/fs_master_screen_set	9	577442-577450	-
fighter/wolf/finalsmash/shared/render/lensflare/lensflare_0	9	577869-577877	-
fighter/captain/finalsmash/shared/model/stc_bg_and_road_set	25	577958-577982	-
fighter/dedede/finalsmash/shared/model/fs_dedede_ground_set	26	578186-578211	-
fighter/captain/finalsmash/shared/motion/stc_bg_and_road_set	2	578717-578718	-
fighter/krool/finalsmash/shared/motion/fs_kroolisland_bg_set	1	578803	-
fighter/falco/finalsmash/shared/render/lensflare/lensflare_0	9	578939-578947	-
fighter/dedede/finalsmash/shared/motion/fs_dedede_ground_set	1	579053	-
fighter/gaogaen/finalsmash/shared/model/fs_gaogaen_bg_far_set	16	580160-580175	-
fighter/krool/finalsmash/shared/motion/anm_fs_krool_out_bg_set	1	580552	-
fighter/captain/finalsmash/shared/model/stc_fs_captain_sky_set	10	581976-581985	-
fighter/captain/finalsmash/shared/motion/stc_fs_captain_sky_set	1	582603	-
fighter/dedede/finalsmash/shared/model/fs_dedede_ground_far_set	10	582676-582685	-
fighter/gaogaen/finalsmash/shared/model/fs_gaogaen_parts_light_set	15	586671-586685	-
fighter/gaogaen/finalsmash/shared/motion/fs_gaogaen_parts_light_set	1	586844	-
